"Code","Symbol","Industry","Board"
"1TM.ZA","1time Holdings Limited","Unknown","JSE"
"ABL.ZA","African Bank Investments Limited","Unknown","JSE"
"ABLP.ZA","African Bank Investments Limited","Unknown","JSE"
"ABSP.ZA","Absa Bank Limited","Unknown","JSE"
"ACE.ZA","Accentuate Ltd","Unknown","JSE"
"ACG.ZA","Anchor Group Ltd","Unknown","JSE"
"ACL.ZA","ArcelorMittal South Africa Limited","Unknown","JSE"
"ACP.ZA","Acucap Properties Ltd.","Unknown","JSE"
"ACS.ZA","Acsion Ltd","Unknown","JSE"
"ACT.ZA","Afrocentric Investment Corporation Ltd.","Unknown","JSE"
"ADH.ZA","Advtech Limited","Unknown","JSE"
"ADI.ZA","Adaptit Holdings Ltd.","Unknown","JSE"
"ADR.ZA","Adcorp Holdings Limited","Unknown","JSE"
"ADW.ZA","African Dawn Capital Limited","Unknown","JSE"
"AEA.ZA","African Eagle Res plc","Unknown","JSE"
"AEE.ZA","African Equity Empowerment Investmts Ltd","Unknown","JSE"
"AEG.ZA","Aveng Limited","Unknown","JSE"
"AEL.ZA","Allied Electronics Corporation Limited","Unknown","JSE"
"AEN.ZA","Allied Electronics Corporation Limited","Unknown","JSE"
"AER.ZA","Amalgamated Electronic Corp.","Unknown","JSE"
"AET.ZA","Alert Steel Holdings Ltd","Unknown","JSE"
"AFE.ZA","AECI Limited","Unknown","JSE"
"AFEP.ZA","AECI Limited","Unknown","JSE"
"AFH.ZA","Alexander Forbes Group Holdings Ltd","Unknown","JSE"
"AFP.ZA","Alexander Forbes Preference Shr Inve Ltd","Unknown","JSE"
"AFR.ZA","Afgri Ltd.","Unknown","JSE"
"AFT.ZA","Afrimat Limited","Unknown","JSE"
"AFX.ZA","African Oxygen Limited","Unknown","JSE"
"AGL.ZA","Anglo American plc (S. Africa)","Unknown","JSE"
"AHL.ZA","AH Vest Ltd","Unknown","JSE"
"AIA.ZA","Ascension Properties Ltd","Unknown","JSE"
"AIB.ZA","Ascension Properties Ltd","Unknown","JSE"
"AIP.ZA","Adcock Ingram Holdings Limited","Unknown","JSE"
"ALH.ZA","Alaris Hloldings Ltd","Unknown","JSE"
"ALM.ZA","Alliance Mining Corporation Limited","Unknown","JSE"
"ALP.ZA","Atlantic Leaf Prop Ltd","Unknown","JSE"
"AME.ZA","African Media Entertainment Ltd.","Unknown","JSE"
"AMS.ZA","Anglo American Platinum Ltd","Unknown","JSE"
"ANA.ZA","Adrenna Property Group Ltd","Unknown","JSE"
"ANB.ZA","Anheuser-Busch InBev SA NV","Unknown","JSE"
"AND.ZA","Andulela Investment Holdings Limited","Unknown","JSE"
"ANG.ZA","AngloGold Ashanti Limited","Unknown","JSE"
"ANP.ZA","Annuity Properties Ltd","Unknown","JSE"
"ANS.ZA","Ansys Limited","Unknown","JSE"
"AON.ZA","African & Overseas Enterprises Limited","Unknown","JSE"
"AOO.ZA","African & Overseas Enterprises Limited","Unknown","JSE"
"AOVP.ZA","African & Overseas Enterprises Limited","Unknown","JSE"
"APF.ZA","Accelerate Property Fund Ltd","Unknown","JSE"
"APK.ZA","Astrapak Limited","Unknown","JSE"
"APKP.ZA","Astrapak Limited Pref","Unknown","JSE"
"APN.ZA","Aspen Pharmacare Holdings Limited","Unknown","JSE"
"AQP.ZA","Aquarius Platinum Limited (JNB)","Unknown","JSE"
"AQPN.ZA","Aquarius Platinum NPL","Unknown","JSE"
"ARA.ZA","Astoria Investments Ltd","Unknown","JSE"
"ARD.ZA","Ardor SA Ltd","Unknown","JSE"
"ARH.ZA","Arb Holdings Limited","Unknown","JSE"
"ARI.ZA","African Rainbow Minerals Ltd","Unknown","JSE"
"ARL.ZA","Astral Foods Limited","Unknown","JSE"
"ART.ZA","Argent Industrial Limited","Unknown","JSE"
"ASC.ZA","Ascendis Health Ltd","Unknown","JSE"
"ASHINF.ZA","Ashburton Inflation ETF","Unknown","JSE"
"ASHMID.ZA","Ashburton Mid Cap ETF","Unknown","JSE"
"ASHT40.ZA","Ashburton Top 40 ETF","Unknown","JSE"
"ASR.ZA","Assore Limited","Unknown","JSE"
"ATL.ZA","Atlatsa Resources Corp","Unknown","JSE"
"ATR.ZA","Africa Cellular Towers Limited","Unknown","JSE"
"ATT.ZA","Attacq Ltd","Unknown","JSE"
"AVI.ZA","AVI Ltd.","Unknown","JSE"
"AVL.ZA","Advanced Health Limited","Unknown","JSE"
"AWA.ZA","Arrowhead Properties Ltd","Unknown","JSE"
"AWT.ZA","Awethu Breweries Limited","Unknown","JSE"
"BAT.ZA","Brait SE","Unknown","JSE"
"BATP.ZA","BRAIT SE Pref","Unknown","JSE"
"BAU.ZA","Bauba Platinum Ltd","Unknown","JSE"
"BAW.ZA","Barloworld Limited","Unknown","JSE"
"BAWP.ZA","Barloworld Limited","Unknown","JSE"
"BBET40.ZA","BettaBeta Eq Wted Top 40","Unknown","JSE"
"BCF.ZA","Bowler Metcalf Ltd","Unknown","JSE"
"BCX.ZA","Business Connexion Group, Ltd.","Unknown","JSE"
"BDM.ZA","Buildmax Ltd","Unknown","JSE"
"BEG.ZA","Beige Holdings Limited","Unknown","JSE"
"BEL.ZA","Bell Equipment Limited","Unknown","JSE"
"BFS.ZA","Blue Financial Services Ltd.","Unknown","JSE"
"BGA.ZA","Barclays Africa Group Ltd","Unknown","JSE"
"BGREEN.ZA","BettaBeta CIS BGreen","Unknown","JSE"
"BID.ZA","Bid Corporation Ltd","Unknown","JSE"
"BIK.ZA","Brikor Ltd","Unknown","JSE"
"BIL.ZA","BHP Billiton plc (S. Africa)","Unknown","JSE"
"BIO.ZA","Bioscience Brands Limited","Unknown","JSE"
"BK1P.ZA","BK One Limited Pref","Unknown","JSE"
"BLU.ZA","Blue Label Telecoms Limited","Unknown","JSE"
"BNPASI.ZA","BNP Paribas ASI ETN 4MAR2019","Unknown","JSE"
"BNPEUR.ZA","BNP Paribas EUR ETN 4MAR2019","Unknown","JSE"
"BNPUSA.ZA","BNP Paribas USA ETN 4MAR2019","Unknown","JSE"
"BNPWOR.ZA","BNP Paribas WOR ETN 4MAR2019","Unknown","JSE"
"BNT.ZA","Bonatla Property Holdings Limited","Unknown","JSE"
"BRN.ZA","Brimstone Investment Corporation Limited","Unknown","JSE"
"BRT.ZA","Brimstone Investment Corporation Limited","Unknown","JSE"
"BSR.ZA","Basil Read Holdings Limited","Unknown","JSE"
"BSS.ZA","Bsi (sa) Limited","Unknown","JSE"
"BTI.ZA","British American Tobacco PLC","Unknown","JSE"
"BUC.ZA","Buffalo Coal Corp","Unknown","JSE"
"BVT.ZA","Bidvest Group Ltd","Unknown","JSE"
"BWI.ZA","B&W Instrumentation & Electrical Limited","Unknown","JSE"
"BWN.ZA","Balwin Properties Ltd","Unknown","JSE"
"CAC.ZA","Cafca Limited","Unknown","JSE"
"CAT.ZA","Caxton and CTP Publishers and Printers","Unknown","JSE"
"CATP.ZA","Caxton CTP Publish 6%Pf","Unknown","JSE"
"CBH.ZA","Country Bird Holdings Limited","Unknown","JSE"
"CBN013.ZA","Sterling Waterford CCN SPV","Unknown","JSE"
"CCL.ZA","Compu-Clearing Outsourcing Limited","Unknown","JSE"
"CCO.ZA","Capital&Counties Prop plc","Unknown","JSE"
"CDZ.ZA","Cadiz Holdings Limited","Unknown","JSE"
"CFR.ZA","Compagnie Financiere Richemont SA","Unknown","JSE"
"CGN.ZA","Cognition Holdings Ltd","Unknown","JSE"
"CGR.ZA","Calgro M3 Holdings Limited.","Unknown","JSE"
"CGREEN.ZA","CoreShares Green","Unknown","JSE"
"CHP.ZA","Choppies Enterprises Ltd","Unknown","JSE"
"CIL.ZA","Consolidated Infrastructure Group Ltd","Unknown","JSE"
"CKS.ZA","Crookes Brothers Limited","Unknown","JSE"
"CLH.ZA","City Lodge Hotels Limited","Unknown","JSE"
"CLI.ZA","Clientele Limited","Unknown","JSE"
"CLR.ZA","Clover Industries Ltd","Unknown","JSE"
"CLS.ZA","Clicks Group Ltd","Unknown","JSE"
"CMA.ZA","Command Holdings Limited","Unknown","JSE"
"CMH.ZA","Combined Motor Holdings Limited","Unknown","JSE"
"CML.ZA","Coronation Fund Managers Ltd","Unknown","JSE"
"CMO.ZA","Chrometco Limited","Unknown","JSE"
"CND.ZA","Conduit Capital Limited","Unknown","JSE"
"CNL.ZA","Control Instruments Group Limited","Unknown","JSE"
"COH.ZA","Curro Hldg","Unknown","JSE"
"COLRMB.ZA","RMB Coal ETN 05MAY2016","Unknown","JSE"
"COM.ZA","Comair Limited","Unknown","JSE"
"CPF.ZA","Capital Property Fund Ltd","Unknown","JSE"
"CPI.ZA","Capitec Bank Holdings Limited","Unknown","JSE"
"CPIP.ZA","Capitec Bank Holdings Limited","Unknown","JSE"
"CRD.ZA","Central Rand Gold Limited","Unknown","JSE"
"CRG.ZA","Cargo Carriers","Unknown","JSE"
"CRP.ZA","Capital & Regional Plc","Unknown","JSE"
"CRW.ZA","Corwil Investments Limited","Unknown","JSE"
"CSB.ZA","Cashbuild Limited","Unknown","JSE"
"CSEW40.ZA","CoreShares EW TOP40","Unknown","JSE"
"CSG.ZA","CSG Holdings Ltd","Unknown","JSE"
"CSP.ZA","Chemical Specialities Ltd","Unknown","JSE"
"CSPP.ZA","Chemical Spec Ltd Pref","Unknown","JSE"
"CTA.ZA","Capital Appreciation Ltd","Unknown","JSE"
"CTK.ZA","Cartrack Holdings Ltd","Unknown","JSE"
"CTOP50.ZA","CORESHARESTOP50","Unknown","JSE"
"CUL.ZA","Cullinan Holdings Ltd.","Unknown","JSE"
"CULP.ZA","Cullinan Holdings Ltd.","Unknown","JSE"
"CVH.ZA","Capevin Holdings Ltd","Unknown","JSE"
"CZA.ZA","Coal of Africa Limited","Unknown","JSE"
"DAW.ZA","Distribution and Warehousing Network Ltd","Unknown","JSE"
"DBAFRI.ZA","DB MSCIAF ETN 05JUL2021","Unknown","JSE"
"DBCHIN.ZA","DB MSCICH ETN 05JUL2021","Unknown","JSE"
"DBEMER.ZA","DB MSCIEM ETN 05JUL2021","Unknown","JSE"
"DBXEU.ZA","Db x-trackers DJ eu ST 50","Unknown","JSE"
"DBXJP.ZA","Db x-trackers MSCI Japan","Unknown","JSE"
"DBXUK.ZA","Db x-trackers FTSE 100","Unknown","JSE"
"DBXUS.ZA","Db x-trackers Col in USA","Unknown","JSE"
"DBXWD.ZA","Db x-trackers Col in Wld","Unknown","JSE"
"DCT.ZA","Datacentrix Holdings Limited","Unknown","JSE"
"DGC.ZA","DigiCore Holdings Limited","Unknown","JSE"
"DIA.ZA","Dipula Income Fund Ltd","Unknown","JSE"
"DIB.ZA","Dipula Income Fund B","Unknown","JSE"
"DIVTRX.ZA","CoreShares DivTrax","Unknown","JSE"
"DLP1.ZA","Dorbyl Ltd 5,5%Pref","Unknown","JSE"
"DLT.ZA","Delta Property Fund Ltd","Unknown","JSE"
"DLV.ZA","Dorbyl Limited","Unknown","JSE"
"DLVP.ZA","Dorbyl Ltd 5%Pref","Unknown","JSE"
"DMC.ZA","Diamondcorp plc","Unknown","JSE"
"DNB.ZA","Deneb Investments Ltd","Unknown","JSE"
"DON.ZA","Don Group Ltd","Unknown","JSE"
"DRD.ZA","DRDGOLD Ltd.","Unknown","JSE"
"DRN.ZA","Delrand Resources Ltd","Unknown","JSE"
"DSBP.ZA","Discovery Ltd","Unknown","JSE"
"DST.ZA","Distell Group Limited","Unknown","JSE"
"DSY.ZA","Discovery Ltd","Unknown","JSE"
"DTA.ZA","Delta EMD Ltd","Unknown","JSE"
"DTC.ZA","Datatec Ltd.","Unknown","JSE"
"ECS.ZA","Ecsponent Ltd","Unknown","JSE"
"ECSP1.ZA","Ecsponent Pref Share A","Unknown","JSE"
"ECSP10.ZA","Ecsponent Pref Share A4","Unknown","JSE"
"ECSP11.ZA","Ecsponent Pref Share B4","Unknown","JSE"
"ECSP12.ZA","Ecsponent Pref Share C4","Unknown","JSE"
"ECSP14.ZA","Ecsponent Pref Share B5","Unknown","JSE"
"ECSP15.ZA","Ecsponent Pref Share C5","Unknown","JSE"
"ECSP2.ZA","Ecsponent Pref Share B","Unknown","JSE"
"ECSP3.ZA","Ecsponent Pref Share C","Unknown","JSE"
"ECSP4.ZA","Ecsponent Pref Share A2","Unknown","JSE"
"ECSP5.ZA","Ecsponent Pref Share B2","Unknown","JSE"
"ECSP6.ZA","Ecsponent Pref Share C2","Unknown","JSE"
"ECSP7.ZA","Ecsponent Pref Share A3","Unknown","JSE"
"ECSP8.ZA","Ecsponent Pref Share B3","Unknown","JSE"
"ECSP9.ZA","Ecsponent Pref Share C3","Unknown","JSE"
"EFG.ZA","Efficient Group Ltd","Unknown","JSE"
"EHS.ZA","Evraz Highveld Steel And Vanadium Ltd","Unknown","JSE"
"ELI.ZA","Ellies Holdings Limited","Unknown","JSE"
"ELR.ZA","ELB Group Limited","Unknown","JSE"
"EMH.ZA","E Media Holdings Ltd","Unknown","JSE"
"EMI.ZA","Emira Property Fund","Unknown","JSE"
"EMN.ZA","E Media Holdings Ltd","Unknown","JSE"
"ENX.ZA","enX Group Ltd","Unknown","JSE"
"EOH.ZA","EOH Holdings Ltd.","Unknown","JSE"
"EPE.ZA","EPE Capital Partners Ltd","Unknown","JSE"
"EPS.ZA","Eastern Platinum Limited","Unknown","JSE"
"EQS.ZA","Eqstra Holdings Limited","Unknown","JSE"
"EQU.ZA","Equites Property Fund Ltd","Unknown","JSE"
"ERB.ZA","Erbacon Investment Holdings Limited","Unknown","JSE"
"ERN.ZA","Erin Energy Corporation","Unknown","JSE"
"ESR.ZA","Esor Ltd","Unknown","JSE"
"ETFGLD.ZA","AfricaGold","Unknown","JSE"
"ETFPLD.ZA","AfricaPalladium Debs","Unknown","JSE"
"ETFPLT.ZA","AfricaPlatinum","Unknown","JSE"
"ETFRHO.ZA","AfricaRhodium ETF","Unknown","JSE"
"EXX.ZA","Exxaro Resources Limited","Unknown","JSE"
"FBR.ZA","Famous Brands Ltd","Unknown","JSE"
"FCR.ZA","Ferrum Crescent Limited","Unknown","JSE"
"FDP.ZA","Freedom Property Fund Ltd","Unknown","JSE"
"FFA.ZA","Fortress Income Fund Ltd","Unknown","JSE"
"FFB.ZA","Fortress Income Fund Ltd","Unknown","JSE"
"FGL.ZA","Finbond Group Ltd","Unknown","JSE"
"FPT.ZA","Fountainhead Property Trust","Unknown","JSE"
"FRT.ZA","Faritec Holdings Ltd","Unknown","JSE"
"FSE.ZA","Firestone Energy Limited","Unknown","JSE"
"FSR.ZA","FirstRand Limited","Unknown","JSE"
"FSRP.ZA","FirstRand Limited","Unknown","JSE"
"FUU.ZA","First Uranium Corp","Unknown","JSE"
"FVT.ZA","Fairvest Property Hldgs","Unknown","JSE"
"GAI.ZA","GAIA Infrastructure Capital Ltd","Unknown","JSE"
"GAM.ZA","Global Asset Management Pty Ltd","Unknown","JSE"
"GBG.ZA","Great Basin Gold Ltd","Unknown","JSE"
"GBI.ZA","Gold Brands Inv Ltd","Unknown","JSE"
"GDN.ZA","Gooderson Leisure Corporation Limited","Unknown","JSE"
"GFI.ZA","Gold Fields Limited","Unknown","JSE"
"GGM.ZA","Goliath Gold Mining Ltd","Unknown","JSE"
"GIJ.ZA","Gijima Group Ltd","Unknown","JSE"
"GIVFIN.ZA","NewFunds S&P GIVI SA Fin","Unknown","JSE"
"GIVIND.ZA","NewFunds S&P GIVI SA Ind","Unknown","JSE"
"GIVISA.ZA","NewFunds S&P GIVI SA T50","Unknown","JSE"
"GIVRES.ZA","NewFunds S&P GIVI SA Res","Unknown","JSE"
"GIY.ZA","Giyani Gold Corporation","Unknown","JSE"
"GLD.ZA","NewGold ETF","Unknown","JSE"
"GLN.ZA","Glencore PLC","Unknown","JSE"
"GND.ZA","Grindrod Limited","Unknown","JSE"
"GNDP.ZA","Grindrod Limited","Unknown","JSE"
"GOLDEN.ZA","IB GOLDEN ETN OCT17","Unknown","JSE"
"GPL.ZA","Grand Parade Investments Ltd","Unknown","JSE"
"GRF.ZA","Group Five Limited","Unknown","JSE"
"GRP.ZA","Greenbay Properties Ltd","Unknown","JSE"
"GRT.ZA","Growthpoint Properties Limited","Unknown","JSE"
"GTC.ZA","Globe Trade Centre S.A.","Unknown","JSE"
"HAR.ZA","Harmony Gold Mining Company Ltd","Unknown","JSE"
"HCI.ZA","Hosken Consolidated Investments Limited","Unknown","JSE"
"HDC.ZA","Hudaco Industries Limited","Unknown","JSE"
"HIL.ZA","HomeChoice International PLC","Unknown","JSE"
"HLM.ZA","Hulamin Limited","Unknown","JSE"
"HPB.ZA","Hospitality Property Fund Limited","Unknown","JSE"
"HSP.ZA","Holdsport Ltd","Unknown","JSE"
"HUG.ZA","Huge Group Ltd.","Unknown","JSE"
"HUL.ZA","Hulisani Ltd","Unknown","JSE"
"HWA.ZA","Hwange Colliery Ltd","Unknown","JSE"
"HWN.ZA","Howden Africa Holdings Limited","Unknown","JSE"
"HYP.ZA","Hyprop Inv Ltd","Unknown","JSE"
"IAP.ZA","Investec Australia Property Fund","Unknown","JSE"
"IDQ.ZA","Indequity Group Limited","Unknown","JSE"
"IHL.ZA","Inter. Hotel Group Ltd","Unknown","JSE"
"ILA.ZA","Iliad Africa Limited","Unknown","JSE"
"ILE.ZA","Imbalie Beauty Ltd","Unknown","JSE"
"ILRP1.ZA","IL REDEEMABLEPREF1 MAR17","Unknown","JSE"
"ILRP2.ZA","IL REDEEMABLEPREF2 MAR19","Unknown","JSE"
"ILU.ZA","Indluplace Properties Ltd","Unknown","JSE"
"ILV.ZA","Illovo Sugar Limited","Unknown","JSE"
"IMP.ZA","Impala Platinum Holdings Limited","Unknown","JSE"
"IMRP1.ZA","IM REDEEMABLEPREF1AUG21","Unknown","JSE"
"IMRP2.ZA","IM REDEEMABLEPREF2AUG21","Unknown","JSE"
"IMRP3.ZA","IM REDEEMABLEPREF3NOV21","Unknown","JSE"
"IMRP4.ZA","IM REDEEMABLEPREF4AUG21","Unknown","JSE"
"IMRP5.ZA","IM REDEEMABLEPREF5JUL23","Unknown","JSE"
"IMRP6.ZA","IM REDEEMABLEPREF6AUG21","Unknown","JSE"
"IMRP7.ZA","IM REDEEMABLEPREF7AUG21","Unknown","JSE"
"ING.ZA","Ingenuity Property Inv Limited","Unknown","JSE"
"INL.ZA","Investec Ltd","Unknown","JSE"
"INLP.ZA","Investec Ltd","Unknown","JSE"
"INP.ZA","Investec plc","Unknown","JSE"
"INPP.ZA","Investec plc Pref","Unknown","JSE"
"INPPR.ZA","Investec plc Pref (Rand)","Unknown","JSE"
"INPR.ZA","Investec Ltd Pref","Unknown","JSE"
"IPF.ZA","Investec Property Fund Ltd","Unknown","JSE"
"IPL.ZA","Imperial Holdings Limited","Unknown","JSE"
"IPLP.ZA","Imperial Holdings Pref","Unknown","JSE"
"IPS.ZA","IPSA Group Plc","Unknown","JSE"
"IRA.ZA","Infrasors Holdings Limited","Unknown","JSE"
"ISA.ZA","ISA Holdings Ltd.","Unknown","JSE"
"ISB.ZA","Insimbi Refractory and Alloy Supp Ltd.","Unknown","JSE"
"ITE.ZA","Italtile Limited","Unknown","JSE"
"ITU.ZA","Intu Properties PLC","Unknown","JSE"
"IVT.ZA","Invicta Holdings Limited","Unknown","JSE"
"IVTP.ZA","Invicta Hldgs Ltd pref","Unknown","JSE"
"IWE.ZA","Interwaste Holdings Limited","Unknown","JSE"
"JBL.ZA","Jubilee Platinum PLC","Unknown","JSE"
"JDG.ZA","JD Group Ltd","Unknown","JSE"
"JSC.ZA","Jasco Electronics Holdings Limited","Unknown","JSE"
"JSE.ZA","JSE Limited","Unknown","JSE"
"KAP.ZA","Kap Industrial Holdings Ltd","Unknown","JSE"
"KBO.ZA","Kibo Mining plc","Unknown","JSE"
"KCCGLD.ZA","KR Custodial Certificate","Unknown","JSE"
"KDV.ZA","KayDav Group Limited","Unknown","JSE"
"KEH.ZA","Keaton Energy Holdings Limited","Unknown","JSE"
"KEL.ZA","Kelly Group Limited","Unknown","JSE"
"KIO.ZA","Kumba Iron Ore Ltd.","Unknown","JSE"
"KST.ZA","PSG Konsult Ltd","Unknown","JSE"
"LAB.ZA","Labat Africa Limited","Unknown","JSE"
"LBH.ZA","Liberty Holdings Ltd","Unknown","JSE"
"LBHP.ZA","Liberty Holdings Ltd","Unknown","JSE"
"LDO.ZA","Lodestone REIT Ltd","Unknown","JSE"
"LEW.ZA","Lewis Group Limited","Unknown","JSE"
"LHC.ZA","Life Healthcare Group Holdings Ltd","Unknown","JSE"
"LHG.ZA","Litha Healthcare Group Limited","Unknown","JSE"
"LNF.ZA","London Finance & Investment Group plc","Unknown","JSE"
"LON.ZA","Lonmin Plc (S. Africa)","Unknown","JSE"
"LVLTRX.ZA","CoreShares LowVolTrax","Unknown","JSE"
"MAPPSG.ZA","Newfunds MAPPS Growth","Unknown","JSE"
"MAPPSP.ZA","Newfunds MAPPS Protect","Unknown","JSE"
"MAQP1.ZA","MacquarieSA EL Pref EXX1","Unknown","JSE"
"MAS.ZA","Masonite (Africa) Limited","Unknown","JSE"
"MDC.ZA","Mediclinic International Ltd","Unknown","JSE"
"MDI.ZA","Master Drilling Group Ltd","Unknown","JSE"
"MDP.ZA","Mara Delta Prop Hldg Ltd","Unknown","JSE"
"MED.ZA","Sable Metals and Minerals Ltd","Unknown","JSE"
"MEI.ZA","Mediclinic International PLC","Unknown","JSE"
"MFI.ZA","M-FiTec Int Ltd","Unknown","JSE"
"MFL.ZA","Metrofile Holdings Ltd","Unknown","JSE"
"MIX.ZA","MiX Telematics Ltd.","Unknown","JSE"
"MMG.ZA","Micromega Holdings Limited","Unknown","JSE"
"MMH.ZA","Miranda Minerals Holdings Limited","Unknown","JSE"
"MMI.ZA","MMI Holdings Ltd","Unknown","JSE"
"MML.ZA","Metmar Ltd","Unknown","JSE"
"MMP.ZA","Marshall Monteagle PLC","Unknown","JSE"
"MND.ZA","Mondi Limited","Unknown","JSE"
"MNK.ZA","Montauk Holdings Ltd","Unknown","JSE"
"MNP.ZA","Mondi plc","Unknown","JSE"
"MNY.ZA","Moneyweb Holdings Limited","Unknown","JSE"
"MOR.ZA","Morvest Business Group Ltd","Unknown","JSE"
"MPT.ZA","Mpact Ltd","Unknown","JSE"
"MRF.ZA","Merafe Resources Limited","Unknown","JSE"
"MRI.ZA","MINE RESTORATION INVESTMENTS Ltd","Unknown","JSE"
"MRP.ZA","MR Price Group Ltd","Unknown","JSE"
"MSM.ZA","Massmart Holdings Limited","Unknown","JSE"
"MSP.ZA","MAS Real Estate Inc.","Unknown","JSE"
"MST.ZA","Mustek Limited","Unknown","JSE"
"MTA.ZA","Metair Investments Limited","Unknown","JSE"
"MTN.ZA","MTN Group Limited","Unknown","JSE"
"MTNZBE.ZA","MTN Zakhele (RF) Ltd","Unknown","JSE"
"MUR.ZA","Murray & Roberts Holdings Limited","Unknown","JSE"
"MZR.ZA","Mazor Group Limited","Unknown","JSE"
"NBKP.ZA","Nedbank Ltd","Unknown","JSE"
"NCS.ZA","Nictus Limited","Unknown","JSE"
"NED.ZA","Nedbank Group Ltd.","Unknown","JSE"
"NEP.ZA","New Europe Property Investments plc","Unknown","JSE"
"NEWBCI.ZA","NEWWAVE INDEXETN 13JUN22","Unknown","JSE"
"NEWEUR.ZA","NEWWAVE EURO ETN 12MAR42","Unknown","JSE"
"NEWFSA.ZA","NEWFUNDS NEWSA INDEX","Unknown","JSE"
"NEWGBP.ZA","NEWWAVE GBP ETN 12MAR42","Unknown","JSE"
"NEWPLT.ZA","NEWWAVE PLAT ETN 12MAR42","Unknown","JSE"
"NEWSLV.ZA","NEWWAVE SLV ETN 12MAR42","Unknown","JSE"
"NEWUSD.ZA","NEWWAVE USD ETN 12MAR42","Unknown","JSE"
"NFEMOM.ZA","NEWFUNDS EQUITY MOM ETF","Unknown","JSE"
"NFGOVI.ZA","NEWFUNDS GOVI ETF","Unknown","JSE"
"NFILBI.ZA","NEWFUNDS ILBI ETF","Unknown","JSE"
"NFP.ZA","New Frontier Prop Ltd","Unknown","JSE"
"NFSH40.ZA","NEWFUNDS SHARIA TOP40","Unknown","JSE"
"NFSWIX.ZA","NEWFUNDS SWIX 40 ETF","Unknown","JSE"
"NFTRCI.ZA","NEWFUNDS TRACI 3-M ETF","Unknown","JSE"
"NGPLD.ZA","NewGold Palladium ETF","Unknown","JSE"
"NGPLT.ZA","New Gold Platinum ETF","Unknown","JSE"
"NHM.ZA","Northam Platinum Limited","Unknown","JSE"
"NIV.ZA","Niveus Investments Ltd","Unknown","JSE"
"NPK.ZA","Nampak Limited","Unknown","JSE"
"NPKP.ZA","Nampak Limited","Unknown","JSE"
"NPN.ZA","Naspers Limited","Unknown","JSE"
"NPP1.ZA","Nampak Limited","Unknown","JSE"
"NRD.ZA","New Rand","Unknown","JSE"
"NRL.ZA","Newpark Reit Ltd","Unknown","JSE"
"NT1.ZA","Net 1 UEPS Tech Inc","Unknown","JSE"
"NTC.ZA","Netcare Limited","Unknown","JSE"
"NTCP.ZA","Netcare Limited Pref","Unknown","JSE"
"NUT.ZA","Nutritional Holdings Ltd","Unknown","JSE"
"NVE.ZA","NVest Financial Holdings Pty Ltd","Unknown","JSE"
"NVS.ZA","Novus Holdings Ltd","Unknown","JSE"
"NWL.ZA","NU World Holdings Ltd","Unknown","JSE"
"OAO.ZA","Oando plc","Unknown","JSE"
"OAS.ZA","Oasis Crescent Property Fund","Unknown","JSE"
"OCE.ZA","Oceana Group Ltd","Unknown","JSE"
"OCT.ZA","Octodec Investments Limited","Unknown","JSE"
"OILRMB.ZA","RMB Oil ETN 08DEC2015","Unknown","JSE"
"OLG.ZA","OneLogix Group Limited","Unknown","JSE"
"OML.ZA","Old Mutual plc","Unknown","JSE"
"OMN.ZA","Omnia Holdings Limited","Unknown","JSE"
"OPI.ZA","DELTA INTL PPTY HL","Unknown","JSE"
"ORE.ZA","Orion Real Estate Ltd","Unknown","JSE"
"ORL.ZA","Oakbay Resources and Energy Ltd","Unknown","JSE"
"PAM.ZA","Palabora Copper (Pty) Ltd","Unknown","JSE"
"PAN.ZA","Pan African Resources plc","Unknown","JSE"
"PCT.ZA","Prescient Ltd","Unknown","JSE"
"PET.ZA","Petmin Limited","Unknown","JSE"
"PFG.ZA","Pioneer Food Group Ltd.","Unknown","JSE"
"PGFP.ZA","PSG Financial Serv Pref","Unknown","JSE"
"PGL.ZA","Pallinghurst Resources Ltd","Unknown","JSE"
"PGR.ZA","Peregrine Holdings Limited","Unknown","JSE"
"PHM.ZA","Phumelela Gaming and Leisure Limited","Unknown","JSE"
"PIK.ZA","Pick 'n Pay Stores Limited","Unknown","JSE"
"PIV.ZA","Pivotal Fund Ltd","Unknown","JSE"
"PKH.ZA","Protech Khuthele Holdings Ltd.","Unknown","JSE"
"PLL.ZA","Platfields Ltd","Unknown","JSE"
"PMM.ZA","Premium Properties Limited","Unknown","JSE"
"PMV.ZA","Primeserv Group Limited","Unknown","JSE"
"PNC.ZA","Pinnacle Holdings Ltd","Unknown","JSE"
"POTP.ZA","Brian Porter Ld 5,5%Pref","Unknown","JSE"
"PPC.ZA","PPC Ltd","Unknown","JSE"
"PPE.ZA","Purple Group Ltd","Unknown","JSE"
"PPR.ZA","Putprop Limited","Unknown","JSE"
"PREFTX.ZA","CoreShares PrefTrax","Unknown","JSE"
"PSG.ZA","PSG Group Limited","Unknown","JSE"
"PSV.ZA","PSV Holdings Limited","Unknown","JSE"
"PTXSPY.ZA","CoreShares PropTrax SAPY","Unknown","JSE"
"PTXTEN.ZA","CoreShares PropTrax Ten","Unknown","JSE"
"PWK.ZA","Pick 'n Pay Holdings Limited","Unknown","JSE"
"PZG.ZA","Pamodzi Gold Limited","Unknown","JSE"
"QFH.ZA","Quantum Foods Holdings","Unknown","JSE"
"QPG.ZA","Quantum Property Group Ltd","Unknown","JSE"
"RACP.ZA","RECM & Calibre Limited","Unknown","JSE"
"RAR.ZA","Rare Holdings Ltd.","Unknown","JSE"
"RBA.ZA","RBA Holdings Limited","Unknown","JSE"
"RBP.ZA","Royal Bafokeng Platinum Ltd","Unknown","JSE"
"RBX.ZA","Raubex Group Limited","Unknown","JSE"
"RCL.ZA","RCL Foods Ltd","Unknown","JSE"
"RDF.ZA","Redefine Properties Ltd","Unknown","JSE"
"RDI.ZA","Rockwell Diamonds Inc","Unknown","JSE"
"REB.ZA","Rebosis Property Fund Ltd","Unknown","JSE"
"REI.ZA","Reinet Investments SCA","Unknown","JSE"
"REM.ZA","Remgro Limited","Unknown","JSE"
"REN.ZA","RENERGEN Ltd","Unknown","JSE"
"RES.ZA","Resilient REIT Limited","Unknown","JSE"
"RFG.ZA","Rhodes Food Group Holdings Ltd","Unknown","JSE"
"RLF.ZA","Rolfes Holdings Ltd","Unknown","JSE"
"RLO.ZA","Reunert Limited","Unknown","JSE"
"RMH.ZA","RMB Holdings","Unknown","JSE"
"RMI.ZA","Rand Merchant Investment Holdings Ltd","Unknown","JSE"
"RNG.ZA","Randgold and Exploration Company Limited","Unknown","JSE"
"ROC.ZA","Rockcastle Global Real Estate","Unknown","JSE"
"RPL.ZA","Redefine International PLC","Unknown","JSE"
"RSG.ZA","Resource Generation Ltd","Unknown","JSE"
"RTN.ZA","Rex Trueform Clothing Company Limited","Unknown","JSE"
"RTO.ZA","Rex Trueform Clothing Company Limited","Unknown","JSE"
"RTOP.ZA","Rex Trueform Clothing Company Limited","Unknown","JSE"
"S32.ZA","South32 Ltd","Unknown","JSE"
"SAB.ZA","SABMiller plc (S. Africa)","Unknown","JSE"
"SAC.ZA","SA Corporate Real Estate Fund","Unknown","JSE"
"SAH.ZA","South African Coal Mining Holdings Ltd.","Unknown","JSE"
"SAN.ZA","Sanyati Holdings Limited","Unknown","JSE"
"SAP.ZA","Sappi Limited","Unknown","JSE"
"SAR.ZA","Safari Investments RSA Ltd","Unknown","JSE"
"SBACI.ZA","SBA Commodity Index ETN","Unknown","JSE"
"SBACOP.ZA","SB Copper ETN","Unknown","JSE"
"SBACRN.ZA","SB Corn ETN","Unknown","JSE"
"SBAEI.ZA","SBAfricaEquity Index ETN","Unknown","JSE"
"SBAG1.ZA","Gold Commodity-Linker ETN","Unknown","JSE"
"SBAOIL.ZA","SB WTI Oil ETN","Unknown","JSE"
"SBAPD1.ZA","PaladiumCommodity-Linker","Unknown","JSE"
"SBAPL1.ZA","PlatinumCommodity-Linker","Unknown","JSE"
"SBAS1.ZA","SilverCommodity-Linker ETN","Unknown","JSE"
"SBAWHT.ZA","SB Wheat ETN","Unknown","JSE"
"SBK.ZA","Standard Bank Group Ltd","Unknown","JSE"
"SBKP.ZA","Standard Bank Group Ltd","Unknown","JSE"
"SBPP.ZA","Standard Bank Group Ltd","Unknown","JSE"
"SBV.ZA","Sabvest Limited","Unknown","JSE"
"SCD.ZA","Schroder Eur REIT plc","Unknown","JSE"
"SCL.ZA","Sacoil Holdings Limited","Unknown","JSE"
"SCP.ZA","Stellar Capital Partners Ltd","Unknown","JSE"
"SCV.ZA","Sacoven plc","Unknown","JSE"
"SDH.ZA","Securedata Hldg Ltd","Unknown","JSE"
"SEP.ZA","Sephaku Holdings Ltd","Unknown","JSE"
"SFN.ZA","Sasfin Holdings Limited","Unknown","JSE"
"SFNP.ZA","Sasfin Hldgs Ltd Pref","Unknown","JSE"
"SGA.ZA","Synergy Income Fund Ltd","Unknown","JSE"
"SGB.ZA","Synergy Income Fund Ltd","Unknown","JSE"
"SGL.ZA","Sibanye Gold Ltd","Unknown","JSE"
"SHB.ZA","Sherbourne Capital Ltd","Unknown","JSE"
"SHF.ZA","Steinhoff International Holdings Limited","Unknown","JSE"
"SHFF.ZA","Steinhoff International Holdings Limited","Unknown","JSE"
"SHP.ZA","Shoprite Holdings Ltd","Unknown","JSE"
"SHP1.ZA","Shoprite 6%Pref","Unknown","JSE"
"SHP2.ZA","Shoprite Holdings Ltd","Unknown","JSE"
"SHP3.ZA","Shoprite 2nd 5%Pref","Unknown","JSE"
"SHP4.ZA","Shoprite 3rd 5%Pref","Unknown","JSE"
"SIPBEE.ZA","Sasol Inzalo Public Ltd (RF)","Unknown","JSE"
"SKY.ZA","Sea Kay Holdings Ltd.","Unknown","JSE"
"SLM.ZA","Sanlam Limited","Unknown","JSE"
"SLP.ZA","Sable Platinum Ltd","Unknown","JSE"
"SNH.ZA","Steinhoff International Holdings NV","Unknown","JSE"
"SNT.ZA","Santam Limited","Unknown","JSE"
"SNU.ZA","Sentula Mining Limited","Unknown","JSE"
"SNV.ZA","Santova Ltd","Unknown","JSE"
"SOH.ZA","South Ocean Holdings Ltd.","Unknown","JSE"
"SOL.ZA","Sasol Limited","Unknown","JSE"
"SOLBE1.ZA","Sasol Limited","Unknown","JSE"
"SOV.ZA","Sovereign Food Investments Ltd.","Unknown","JSE"
"SPA.ZA","Spanjaard Limited","Unknown","JSE"
"SPG.ZA","Super Group Limited","Unknown","JSE"
"SPP.ZA","Spar Group Limited","Unknown","JSE"
"SRE.ZA","Sirius Real Estate Ltd","Unknown","JSE"
"SSK.ZA","Stefanutti Stocks Holdings Limited","Unknown","JSE"
"SSS.ZA","Stor-Age Property REIT Ltd","Unknown","JSE"
"STA.ZA","Stratcorp Limited","Unknown","JSE"
"STAN40.ZA","STANLIB Top 40 Fund","Unknown","JSE"
"STANSX.ZA","STANLIB SWIX 40 Fund","Unknown","JSE"
"STP.ZA","Stenprop Ltd","Unknown","JSE"
"STPROP.ZA","STANLIB SA Property ETF","Unknown","JSE"
"STX40.ZA","Satrix 40 Portfolio","Unknown","JSE"
"STXDIV.ZA","Satrix DIVI Plus Portfolio","Unknown","JSE"
"STXFIN.ZA","Satrix FINI Portfolio","Unknown","JSE"
"STXIND.ZA","Satrix INDI Portfolio","Unknown","JSE"
"STXRAF.ZA","Satrix RAFI 40 Portfolio","Unknown","JSE"
"STXRES.ZA","Satrix RESI Portfolio","Unknown","JSE"
"STXSWX.ZA","Satrix SWIX Top 40 Portfolio","Unknown","JSE"
"SUI.ZA","Sun International Ltd","Unknown","JSE"
"SUR.ZA","Spur Corporation Limited","Unknown","JSE"
"SVB.ZA","Silverbridge Holdings Ltd.","Unknown","JSE"
"SVF.ZA","VestIN Holdings Ltd","Unknown","JSE"
"SVFB.ZA","Southern View Fin Ltd B","Unknown","JSE"
"SVN.ZA","Sabvest Limited","Unknown","JSE"
"SWXTRI.ZA","IB SWX40 TRI ETN OCT17","Unknown","JSE"
"SYC.ZA","Sycom Property Fund","Unknown","JSE"
"SYCR.ZA","Sycom Prop Fund Receipts","Unknown","JSE"
"SYG.ZA","Sygnia Ltd","Unknown","JSE"
"TAS.ZA","Taste Holdings Limited","Unknown","JSE"
"TAW.ZA","Tawana Resources NL","Unknown","JSE"
"TBG.ZA","Tiso Blackstar Group SE","Unknown","JSE"
"TBS.ZA","Tiger Brands Limited","Unknown","JSE"
"TCP.ZA","Transaction Capital Ltd","Unknown","JSE"
"TCS.ZA","Total Client Services Ltd","Unknown","JSE"
"TDH.ZA","Tradehold Limited","Unknown","JSE"
"TDHP.ZA","Tradehold Limited A Pref","Unknown","JSE"
"TEX.ZA","Texton Property Fund Ltd","Unknown","JSE"
"TFG.ZA","Foschini Group Ltd","Unknown","JSE"
"TFGP.ZA","Foschini Group Ltd","Unknown","JSE"
"THA.ZA","Tharisa plc","Unknown","JSE"
"TKG.ZA","Telkom SA SOC Ltd","Unknown","JSE"
"TLM.ZA","Telemasters Holdings Limited","Unknown","JSE"
"TMG.ZA","Times Media Group Ltd","Unknown","JSE"
"TMT.ZA","Trematon Capital Investments Limited","Unknown","JSE"
"TON.ZA","Tongaat Hulett Ltd","Unknown","JSE"
"TOPCLI.ZA","IBTOP40CLIQUETMAY20","Unknown","JSE"
"TOPTRI.ZA","IB TOP40 TRI ETN OCT17","Unknown","JSE"
"TOR.ZA","Torre Industries Ltd","Unknown","JSE"
"TPC.ZA","Transpaco Limited","Unknown","JSE"
"TRE.ZA","Trencor Limited","Unknown","JSE"
"TRL.ZA","Trellidor Holdings Ltd","Unknown","JSE"
"TRU.ZA","Truworths International Limited","Unknown","JSE"
"TSH.ZA","Tsogo Sun Holdings Ltd","Unknown","JSE"
"TSX.ZA","Trans Hex Group Limited","Unknown","JSE"
"TTO.ZA","Trustco Group Hldgs Ltd","Unknown","JSE"
"TWR.ZA","Tower Property Fund Ltd","Unknown","JSE"
"UBU.ZA","Ububele Holdings Limited","Unknown","JSE"
"UPL.ZA","Universal Partners Ltd","Unknown","JSE"
"VIF.ZA","Vividend Income Fund Ltd","Unknown","JSE"
"VIL.ZA","Village Main Reef Ltd","Unknown","JSE"
"VIN.ZA","VestIN Holdings Ltd","Unknown","JSE"
"VIS.ZA","Visual International Holdings Ltd","Unknown","JSE"
"VKE.ZA","Vukile Property Fund Ltd.","Unknown","JSE"
"VLE.ZA","Value Group Limited","Unknown","JSE"
"VMK.ZA","Verimark Holdings","Unknown","JSE"
"VOD.ZA","Vodacom Group Ltd","Unknown","JSE"
"VUN.ZA","Vunani Limited","Unknown","JSE"
"WBO.ZA","Wilson Bayly Holmes-Ovcon Limited","Unknown","JSE"
"WCC.ZA","The Waterberg Coal Co Ltd","Unknown","JSE"
"WEA.ZA","W G Wearne Ltd.","Unknown","JSE"
"WEZ.ZA","Wesizwe Platinum Ltd.","Unknown","JSE"
"WGR.ZA","Witwatersrand Cons. Gold Resources","Unknown","JSE"
"WHL.ZA","Woolworths Holdings Limited","Unknown","JSE"
"WIL.ZA","Wilderness Holdings Limited","Unknown","JSE"
"WKF.ZA","Workforce Holdings Limited","Unknown","JSE"
"WNH.ZA","Winhold Limited","Unknown","JSE"
"WSL.ZA","Wescoal Holdings Ltd.","Unknown","JSE"
"WTL.ZA","William Tell Holdings Propreitary Ltd","Unknown","JSE"
"YRK.ZA","York Timber Holdings Limited","Unknown","JSE"
"YYLBEE.ZA","YeboYethu (RF) Ltd","Unknown","JSE"
"ZA007.ZA","BNP Paribas Arbitrage07","Unknown","JSE"
"ZA029.ZA","BNP Paribas Arbitrage29","Unknown","JSE"
"ZA030.ZA","BNP Paribas Arbitrage30","Unknown","JSE"
"ZA031.ZA","BNP Paribas Arbitrage31","Unknown","JSE"
"ZA032.ZA","BNP Paribas Arbitrage32","Unknown","JSE"
"ZA035.ZA","BNP Paribas Arbitrage35","Unknown","JSE"
"ZA036.ZA","BNP Paribas Arbitrage36","Unknown","JSE"
"ZA065.ZA","BNP Paribas Arbitrage65","Unknown","JSE"
"ZA077.ZA","BNP Paribas Arbitrage77","Unknown","JSE"
"ZA079.ZA","BNP Paribas Arbitrage79","Unknown","JSE"
"ZCI.ZA","ZCI Ltd","Unknown","JSE"
"ZED.ZA","Zeder Investment Limited","Unknown","JSE"
"ZPLP.ZA","Zambezi Plat RF Ltd Pref","Unknown","JSE"
"ZSA.ZA","Zurich Insurance Company SA Ltd.","Unknown","JSE"
