<alertDefaultDrawing><figures><stockOperatorFigure id="0" x="150" y="150"><model><name><string>Real Time Stock</string></name><attribute><string>TypicalPrice</string></attribute><value><null/></value><connectors><outputConnector id="1" index="0" numOfConnection="1"><Owner><stockOperatorFigure ref="0"/></Owner><locator><relativeLocator id="2" relativeX="1"/></locator></outputConnector></connectors></model></stockOperatorFigure><stockRelativeHistoryOperatorFigure id="3" x="88" y="240"><model><name><string>Relative Stock History</string></name><attribute><string>20d Average TypicalPrice</string></attribute><value><null/></value><connectors><outputConnector id="4" index="0" numOfConnection="1"><Owner><stockRelativeHistoryOperatorFigure ref="3"/></Owner><locator><relativeLocator ref="2"/></locator></outputConnector></connectors></model></stockRelativeHistoryOperatorFigure><doubleConstantOperatorFigure id="5" x="194" y="342"><model><name><string>Constant</string></name><attribute><null/></attribute><value><string>0.015</string></value><connectors><outputConnector id="6" index="0" numOfConnection="1"><Owner><doubleConstantOperatorFigure ref="5"/></Owner><locator><relativeLocator ref="2"/></locator></outputConnector></connectors></model></doubleConstantOperatorFigure><stockRelativeHistoryOperatorFigure id="7" x="54" y="430"><model><name><string>Relative Stock History</string></name><attribute><string>20d MeanDeviation TypicalPrice</string></attribute><value><null/></value><connectors><outputConnector id="8" index="0" numOfConnection="1"><Owner><stockRelativeHistoryOperatorFigure ref="7"/></Owner><locator><relativeLocator ref="2"/></locator></outputConnector></connectors></model></stockRelativeHistoryOperatorFigure><arithmeticOperatorFigure id="9" x="325" y="375"><model><name><string>Arithmetic</string></name><attribute><string>Multiplication</string></attribute><value><null/></value><connectors><inputConnector id="a" index="0" numOfConnection="1"><Owner><arithmeticOperatorFigure ref="9"/></Owner><locator><relativeLocator id="b" relativeX="0" relativeY="0.25"/></locator></inputConnector><inputConnector id="c" index="1" numOfConnection="1"><Owner><arithmeticOperatorFigure ref="9"/></Owner><locator><relativeLocator id="d" relativeX="0" relativeY="0.75"/></locator></inputConnector><outputConnector id="e" index="0" numOfConnection="1"><Owner><arithmeticOperatorFigure ref="9"/></Owner><locator><relativeLocator ref="2"/></locator></outputConnector></connectors></model></arithmeticOperatorFigure><arithmeticOperatorFigure id="f" x="334" y="190"><model><name><string>Arithmetic</string></name><attribute><string>Subtraction</string></attribute><value><null/></value><connectors><inputConnector id="10" index="0" numOfConnection="1"><Owner><arithmeticOperatorFigure ref="f"/></Owner><locator><relativeLocator ref="b"/></locator></inputConnector><inputConnector id="11" index="1" numOfConnection="1"><Owner><arithmeticOperatorFigure ref="f"/></Owner><locator><relativeLocator ref="d"/></locator></inputConnector><outputConnector id="12" index="0" numOfConnection="1"><Owner><arithmeticOperatorFigure ref="f"/></Owner><locator><relativeLocator ref="2"/></locator></outputConnector></connectors></model></arithmeticOperatorFigure><arithmeticOperatorFigure id="13" x="494" y="219"><model><name><string>Arithmetic</string></name><attribute><string>Division</string></attribute><value><null/></value><connectors><inputConnector id="14" index="0" numOfConnection="1"><Owner><arithmeticOperatorFigure ref="13"/></Owner><locator><relativeLocator ref="b"/></locator></inputConnector><inputConnector id="15" index="1" numOfConnection="1"><Owner><arithmeticOperatorFigure ref="13"/></Owner><locator><relativeLocator ref="d"/></locator></inputConnector><outputConnector id="16" index="0" numOfConnection="1"><Owner><arithmeticOperatorFigure ref="13"/></Owner><locator><relativeLocator ref="2"/></locator></outputConnector></connectors></model></arithmeticOperatorFigure><equalityOperatorFigure id="17" x="653" y="309"><model><name><string>Equality</string></name><attribute><string>GreaterOrEqual</string></attribute><value><null/></value><connectors><inputConnector id="18" index="0" numOfConnection="1"><Owner><equalityOperatorFigure ref="17"/></Owner><locator><relativeLocator ref="b"/></locator></inputConnector><inputConnector id="19" index="1" numOfConnection="1"><Owner><equalityOperatorFigure ref="17"/></Owner><locator><relativeLocator ref="d"/></locator></inputConnector><outputConnector id="1a" index="0" numOfConnection="1"><Owner><equalityOperatorFigure ref="17"/></Owner><locator><relativeLocator ref="2"/></locator></outputConnector></connectors></model></equalityOperatorFigure><doubleConstantOperatorFigure id="1b" x="513" y="368"><model><name><string>Constant</string></name><attribute><null/></attribute><value><string>100.0</string></value><connectors><outputConnector id="1c" index="0" numOfConnection="1"><Owner><doubleConstantOperatorFigure ref="1b"/></Owner><locator><relativeLocator ref="2"/></locator></outputConnector></connectors></model></doubleConstantOperatorFigure><sinkOperatorFigure id="1d" x="829" y="307"><model><name><string>Alert</string></name><attribute><null/></attribute><value><null/></value><connectors><inputConnector id="1e" index="0" numOfConnection="1"><Owner><sinkOperatorFigure ref="1d"/></Owner><locator><relativeLocator id="1f" relativeX="0"/></locator></inputConnector><outputConnector id="20" index="0" numOfConnection="0"><Owner><sinkOperatorFigure ref="1d"/></Owner><locator><relativeLocator ref="2"/></locator></outputConnector></connectors></model></sinkOperatorFigure><ta id="21" x="170" y="68" w="711" h="40"><a><text><string>Commodity Channel Index. Possible sell signal is, the CCI crosses above 100 and has started to curve downwards.</string></text><fillColor><color rgba="#ffffcc00"/></fillColor><fontBold><boolean>true</boolean></fontBold></a></ta><dep id="22"><points><p colinear="true" x="270.087890625" y="372.3759765625" c1x="0" c1y="0" c2x="0" c2y="0"/><p colinear="true" x="325" y="390.18798828125" c1x="0" c1y="0" c2x="0" c2y="0"/></points><startConnector><outputConnector ref="6"/></startConnector><endConnector><inputConnector ref="a"/></endConnector><a><strokeColor><color rgba="#ff000099"/></strokeColor><strokeWidth><double>1</double></strokeWidth></a></dep><dep id="23"><points><p colinear="true" x="285.314453125" y="460.3759765625" c1x="0" c1y="0" c2x="0" c2y="0"/><p colinear="true" x="325" y="420.56396484375" c1x="0" c1y="0" c2x="0" c2y="0"/></points><startConnector><outputConnector ref="8"/></startConnector><endConnector><inputConnector ref="c"/></endConnector><a><strokeColor><color rgba="#ff000099"/></strokeColor><strokeWidth><double>1</double></strokeWidth></a></dep><dep id="24"><points><p colinear="true" x="273.96484375" y="180.3759765625" c1x="0" c1y="0" c2x="0" c2y="0"/><p colinear="true" x="334" y="205.18798828125" c1x="0" c1y="0" c2x="0" c2y="0"/></points><startConnector><outputConnector ref="1"/></startConnector><endConnector><inputConnector ref="10"/></endConnector><a><strokeColor><color rgba="#ff000099"/></strokeColor><strokeWidth><double>1</double></strokeWidth></a></dep><dep id="25"><points><p colinear="true" x="274.630859375" y="270.3759765625" c1x="0" c1y="0" c2x="0" c2y="0"/><p colinear="true" x="334" y="235.56396484375" c1x="0" c1y="0" c2x="0" c2y="0"/></points><startConnector><outputConnector ref="4"/></startConnector><endConnector><inputConnector ref="11"/></endConnector><a><strokeColor><color rgba="#ff000099"/></strokeColor><strokeWidth><double>1</double></strokeWidth></a></dep><dep id="26"><points><p colinear="true" x="428.328125" y="220.3759765625" c1x="0" c1y="0" c2x="0" c2y="0"/><p colinear="true" x="494" y="234.18798828125" c1x="0" c1y="0" c2x="0" c2y="0"/></points><startConnector><outputConnector ref="12"/></startConnector><endConnector><inputConnector ref="14"/></endConnector><a><strokeColor><color rgba="#ff000099"/></strokeColor><strokeWidth><double>1</double></strokeWidth></a></dep><dep id="27"><points><p colinear="true" x="432.6171875" y="405.3759765625" c1x="0" c1y="0" c2x="0" c2y="0"/><p colinear="true" x="494" y="264.56396484375" c1x="0" c1y="0" c2x="0" c2y="0"/></points><startConnector><outputConnector ref="e"/></startConnector><endConnector><inputConnector ref="15"/></endConnector><a><strokeColor><color rgba="#ff000099"/></strokeColor><strokeWidth><double>1</double></strokeWidth></a></dep><dep id="28"><points><p colinear="true" x="580.693359375" y="249.3759765625" c1x="0" c1y="0" c2x="0" c2y="0"/><p colinear="true" x="653" y="324.18798828125" c1x="0" c1y="0" c2x="0" c2y="0"/></points><startConnector><outputConnector ref="16"/></startConnector><endConnector><inputConnector ref="18"/></endConnector><a><strokeColor><color rgba="#ff000099"/></strokeColor><strokeWidth><double>1</double></strokeWidth></a></dep><dep id="29"><points><p colinear="true" x="589.087890625" y="398.3759765625" c1x="0" c1y="0" c2x="0" c2y="0"/><p colinear="true" x="653" y="354.56396484375" c1x="0" c1y="0" c2x="0" c2y="0"/></points><startConnector><outputConnector ref="1c"/></startConnector><endConnector><inputConnector ref="19"/></endConnector><a><strokeColor><color rgba="#ff000099"/></strokeColor><strokeWidth><double>1</double></strokeWidth></a></dep><dep id="2a"><points><p colinear="true" x="773.501953125" y="339.3759765625" c1x="0" c1y="0" c2x="0" c2y="0"/><p colinear="true" x="829" y="337.3759765625" c1x="0" c1y="0" c2x="0" c2y="0"/></points><startConnector><outputConnector ref="1a"/></startConnector><endConnector><inputConnector ref="1e"/></endConnector><a><strokeColor><color rgba="#ff000099"/></strokeColor><strokeWidth><double>1</double></strokeWidth></a></dep></figures></alertDefaultDrawing>