"Code","Symbol","Industry","Board"
"3LKS.SI","N508100v 130401","Unknown","SES"
"3LLS.SI","N708100s 150701","Unknown","SES"
"3UHS.SI","N509100n 141001","Unknown","SES"
"3UIS.SI","Nx09100w 190601","Unknown","SES"
"3UJS.SI","Ny09100h 240901","Unknown","SES"
"500.SI","Tai Sin Electric Limited","Unknown","SES"
"502.SI","Hsr Global Limited","Unknown","SES"
"504.SI","Klw Holdings Ltd","Unknown","SES"
"505.SI","Asiamedic Limited","Unknown","SES"
"508.SI","Fuji Offset Plates Mfg Ltd","Unknown","SES"
"510.SI","Hiap Seng Engineering Ltd","Unknown","SES"
"519.SI","Top Global Limited","Unknown","SES"
"526.SI","Hg Metal Manufacturing Ltd","Unknown","SES"
"528.SI","Second Chance Properties Ltd","Unknown","SES"
"529.SI","Food Junction Holdings Limited","Unknown","SES"
"530.SI","China Titanium Ltd.","Unknown","SES"
"532.SI","Equation Corp Limited","Unknown","SES"
"533.SI","Abr Holdings Limited","Unknown","SES"
"535.SI","Vibropower Corporation Limited","Unknown","SES"
"536.SI","Goldtron Limited","Unknown","SES"
"538.SI","Asj Holdings Ltd","Unknown","SES"
"539.SI","Cph Ltd","Unknown","SES"
"540.SI","Tung Lok Restaurants 2000 Ltd","Unknown","SES"
"541.SI","Craft Print International Ltd","Unknown","SES"
"542.SI","Giken Sakata (s) Limited","Unknown","SES"
"543.SI","Noel Gifts International Ltd","Unknown","SES"
"544.SI","Cse Global Ltd","Unknown","SES"
"545.SI","Vallianz Holdings Limited","Unknown","SES"
"546.SI","Medtecs International Corp Ltd","Unknown","SES"
"547.SI","Nobel Design Holdings Ltd","Unknown","SES"
"550.SI","Elite Ksb Holdings Limited","Unknown","SES"
"552.SI","Qian Hu Corporation Limited","Unknown","SES"
"554.SI","King Wan Corporation Limited","Unknown","SES"
"557.SI","Viking Offshore And Marine Ltd","Unknown","SES"
"558.SI","Ums Holdings Limited","Unknown","SES"
"560.SI","Aztech Group Ltd.","Unknown","SES"
"561.SI","Teckwah Industrial Corp Ltd","Unknown","SES"
"564.SI","Spindex Industries Limited","Unknown","SES"
"566.SI","See Hup Seng Limited","Unknown","SES"
"567.SI","Colex Holdings Limited","Unknown","SES"
"568.SI","Baker Technology Limited","Unknown","SES"
"569.SI","Vicplas International Ltd","Unknown","SES"
"570.SI","Transit-mixed Concrete Ltd","Unknown","SES"
"571.SI","International Press Softcom","Unknown","SES"
"573.SI","Challenger Technologies Ltd","Unknown","SES"
"574.SI","Tsh Corporation Limited","Unknown","SES"
"575.SI","Asti Holdings Limited","Unknown","SES"
"576.SI","Magnus Energy Group Ltd.","Unknown","SES"
"578.SI","Ks Energy Limited","Unknown","SES"
"579.SI","Oceanus Group Limited","Unknown","SES"
"580.SI","Santak Holdings Limited","Unknown","SES"
"581.SI","Ite Electric Co Ltd","Unknown","SES"
"583.SI","Progen Holdings Ltd","Unknown","SES"
"584.SI","Oakwell Engineering Limited","Unknown","SES"
"585.SI","Asian Micro Holdings Ltd","Unknown","SES"
"586.SI","Tmc Education Corporation Ltd","Unknown","SES"
"587.SI","Lereno Bio-chem Ltd.","Unknown","SES"
"588.SI","Health Management Intl Ltd","Unknown","SES"
"591.SI","Innovalues Limited","Unknown","SES"
"593.SI","Lee Metal Group Ltd","Unknown","SES"
"594.SI","Loyz Energy Limited","Unknown","SES"
"595.SI","Van Der Horst Energy Limited","Unknown","SES"
"596.SI","Thai Village Holdings Ltd","Unknown","SES"
"5AB.SI","Trek 2000 Int'l Ltd","Unknown","SES"
"5AC.SI","Nh Ceramics Ltd","Unknown","SES"
"5AE.SI","Pollux Properties Ltd.","Unknown","SES"
"5AI.SI","Sunlight Group Hldg Ltd","Unknown","SES"
"5AL.SI","Annica Holdings Limited","Unknown","SES"
"5AM.SI","Asiatravel.com Holdings Ltd","Unknown","SES"
"5AU.SI","Ap Oil International Limited","Unknown","SES"
"5BA.SI","Vashion Group Ltd.","Unknown","SES"
"5BH.SI","Lantrovision (s) Ltd","Unknown","SES"
"5BI.SI","Carriernet Global Ltd","Unknown","SES"
"5BK.SI","Koda Ltd","Unknown","SES"
"5BM.SI","Mfs Technology Ltd","Unknown","SES"
"5BS.SI","Pne Micron Holdings Ltd","Unknown","SES"
"5BT.SI","Moya Asia Limited","Unknown","SES"
"5CB.SI","Darco Water Technologies Ltd","Unknown","SES"
"5CE.SI","Singxpress Land Ltd.","Unknown","SES"
"5CF.SI","Okp Holdings Limited","Unknown","SES"
"5CH.SI","Dmx Technologies Group Ltd","Unknown","SES"
"5CJ.SI","Chinese Global Investors Grp","Unknown","SES"
"5CN.SI","Sinwa Limited","Unknown","SES"
"5CP.SI","Silverlake Axis Ltd","Unknown","SES"
"5CQ.SI","Technics Oil & Gas Limited","Unknown","SES"
"5CR.SI","Asiatic Group (holdings) Ltd","Unknown","SES"
"5CS.SI","Infinio Group Limited","Unknown","SES"
"5CT.SI","Ecowise Holdings Limited","Unknown","SES"
"5DA.SI","Breadtalk Group Limited","Unknown","SES"
"5DD.SI","Micro-mechanics (holdings) Ltd","Unknown","SES"
"5DE.SI","Ems Energy Limited","Unknown","SES"
"5DL.SI","Koon Holdings Limited","Unknown","SES"
"5DM.SI","Ying Li Intl Real Estate Ltd","Unknown","SES"
"5DN.SI","Ezra Holdings Limited","Unknown","SES"
"5DO.SI","Sakae Holdings Ltd.","Unknown","SES"
"5DP.SI","Heeton Holdings Limited","Unknown","SES"
"5DS.SI","Megachem Limited","Unknown","SES"
"5DT.SI","Bright Orient (holding) Ltd.","Unknown","SES"
"5DW.SI","Renewable Energy Asia Grp Ltd","Unknown","SES"
"5DX.SI","Metal Component Engg Ltd","Unknown","SES"
"5EB.SI","Cfm Holdings Limited","Unknown","SES"
"5EC.SI","Asiasons Wfg Financial Ltd.","Unknown","SES"
"5EF.SI","Adventus Holdings Limited","Unknown","SES"
"5EG.SI","New Lakeside Holdings Limited","Unknown","SES"
"5EK.SI","Armarda Group Limited","Unknown","SES"
"5EL.SI","Lasseters Intl Holdings Ltd","Unknown","SES"
"5EN.SI","Midas Hldgs Limited","Unknown","SES"
"5ER.SI","Best World International Ltd","Unknown","SES"
"5ET.SI","Asiasons Capital Limited","Unknown","SES"
"5EV.SI","Hosen Group Ltd","Unknown","SES"
"5EW.SI","Pan Asian Holdings Limited","Unknown","SES"
"5FA.SI","Jep Holdings Ltd.","Unknown","SES"
"5FD.SI","Swissco Holdings Limited","Unknown","SES"
"5FF.SI","Medi-flex Limited","Unknown","SES"
"5FH.SI","Advance Sct Limited","Unknown","SES"
"5FI.SI","Oriental Food (holdings) Ltd.","Unknown","SES"
"5FK.SI","China Fashion Holdings Limited","Unknown","SES"
"5FL.SI","Falcon Energy Group Limited","Unknown","SES"
"5FQ.SI","Select Group Limited","Unknown","SES"
"5FR.SI","Etika International Hldgs Ltd","Unknown","SES"
"5FU.SI","Hartawan Hldgs Ltd","Unknown","SES"
"5FW.SI","Linair Technologies Limited","Unknown","SES"
"5FX.SI","New Wave Holdings Ltd.","Unknown","SES"
"5GB.SI","Asia Water Technology Ltd.","Unknown","SES"
"5GC.SI","Cna Group Ltd.","Unknown","SES"
"5GD.SI","Sunpower Group Ltd.","Unknown","SES"
"5GF.SI","Nico Steel Holdings Limited","Unknown","SES"
"5GI.SI","Interra Resources Limited","Unknown","SES"
"5GJ.SI","Ausgroup Limited","Unknown","SES"
"5GZ.SI","Aa Group Holdings Ltd.","Unknown","SES"
"5HC.SI","Ntegrator International Ltd","Unknown","SES"
"5HG.SI","Oniontech Limited","Unknown","SES"
"5HH.SI","Hln Technologies Limited","Unknown","SES"
"5HJ.SI","Cityneon Holdings Limited","Unknown","SES"
"5HT.SI","Communication Design Intl Ltd","Unknown","SES"
"5HV.SI","Metax Engineering Corp Limited","Unknown","SES"
"5HW.SI","Scorpio East Holdings Ltd.","Unknown","SES"
"5IA.SI","Advanced Holdings Ltd.","Unknown","SES"
"5IB.SI","Albedo Limited","Unknown","SES"
"5IC.SI","Sing Holdings Limited","Unknown","SES"
"5IE.SI","Lorenzo International Limited","Unknown","SES"
"5IF.SI","Natural Cool Holdings Limited","Unknown","SES"
"5IG.SI","Gallant Venture Ltd.","Unknown","SES"
"5IM.SI","Gmg Global Ltd","Unknown","SES"
"5JK.SI","Hiap Hoe Limited","Unknown","SES"
"5JS.SI","Indofood Agri Resources Ltd.","Unknown","SES"
"5JT.SI","Kinergy Ltd.","Unknown","SES"
"5JY.SI","Hup Soon Global Corp Ltd","Unknown","SES"
"5KH.SI","Travelite Holdings Ltd.","Unknown","SES"
"5KI.SI","Soup Restaurant Group Limited","Unknown","SES"
"5KK.SI","China Yongsheng Limited","Unknown","SES"
"5KT.SI","Fujian Zhenyun Plas Ind Co Ltd","Unknown","SES"
"5KU.SI","Eastern Holdings Ltd","Unknown","SES"
"5KX.SI","Elektromotive Group Limited","Unknown","SES"
"5LE.SI","Sitra Holdings (intl) Limited","Unknown","SES"
"5LU.SI","Rokko Holdings Ltd.","Unknown","SES"
"5LY.SI","Marco Polo Marine Ltd.","Unknown","SES"
"5MC.SI","Beng Kuang Marine Limited","Unknown","SES"
"5MD.SI","Soon Lian Holdings Limited","Unknown","SES"
"5ME.SI","Ezion Holdings Limited","Unknown","SES"
"5ML.SI","Old Chang Kee Ltd.","Unknown","SES"
"5MM.SI","Sky One Holdings Limited","Unknown","SES"
"5MQ.SI","Epicentre Holdings Limited","Unknown","SES"
"5MS.SI","Memstar Technology Ltd.","Unknown","SES"
"5MUW.SI","Vashion Group W130213","Unknown","SES"
"5MZ.SI","Kingsmen Creatives Ltd","Unknown","SES"
"5NDW.SI","Top Global Limited W130612","Unknown","SES"
"5NF.SI","Mencast Holdings Ltd.","Unknown","SES"
"5NG.SI","Healthway Medical Corp Ltd","Unknown","SES"
"5NH.SI","St. James Holdings Limited","Unknown","SES"
"5NK.SI","Artivision Technologies Ltd.","Unknown","SES"
"5NL.SI","Tritech Group Limited","Unknown","SES"
"5NV.SI","Chasen Holdings Limited","Unknown","SES"
"5OC.SI","Koyo International Limited","Unknown","SES"
"5OF.SI","Westminster Travel Limited","Unknown","SES"
"5OI.SI","Japan Foods Holding Ltd.","Unknown","SES"
"5OQ.SI","Teho International Inc Ltd.","Unknown","SES"
"5OR.SI","Heatec Jietong Holdings Ltd.","Unknown","SES"
"5OS.SI","Jlj Holdings Limited","Unknown","SES"
"5OT.SI","Singapore Medical Group Ltd","Unknown","SES"
"5OU.SI","China Environment Ltd.","Unknown","SES"
"5OX.SI","Mary Chia Holdings Limited","Unknown","SES"
"5OY.SI","Latitude Tree Intl Group Ltd.","Unknown","SES"
"5PC.SI","Goodland Group Limited","Unknown","SES"
"5PD.SI","Hengyang Petrochem Log Limited","Unknown","SES"
"5PEW.SI","Ntegrator Intl Ltd W121011","Unknown","SES"
"5PF.SI","Jason Marine Group Limited","Unknown","SES"
"5PI.SI","Plato Capital Limited","Unknown","SES"
"5PL.SI","Sbi Offshore Limited","Unknown","SES"
"5PO.SI","Hiap Tong Corporation Ltd.","Unknown","SES"
"5PP.SI","Hafary Holdings Limited","Unknown","SES"
"5PVW.SI","Viking W130118","Unknown","SES"
"5QIB.SI","Eunetworks Group Cb130401","Unknown","SES"
"5QMW.SI","Tritech Group Limited W130408","Unknown","SES"
"5QQW.SI","Chasen Holdings W150506","Unknown","SES"
"5QR.SI","Mann Seng Metal Intl Limited","Unknown","SES"
"5QSW.SI","Lereno Bio-chem Ltd W150430","Unknown","SES"
"5QT.SI","China Enersave Ltd","Unknown","SES"
"5QY.SI","Net Pacific Fin Hldgs Ltd","Unknown","SES"
"5QZ.SI","Ccm Group Limited","Unknown","SES"
"5RA.SI","Asia-pacific Strategic Inv Ltd","Unknown","SES"
"5RBW.SI","Asia-pacific Strategic W140516","Unknown","SES"
"5RC.SI","Es Group (holdings) Limited","Unknown","SES"
"5RE.SI","Smartflex Holdings Ltd","Unknown","SES"
"5RF.SI","Friven & Co. Ltd.","Unknown","SES"
"5RHW.SI","Net Pacific Fin Hldgs W150721","Unknown","SES"
"5RJ.SI","We Holdings Ltd.","Unknown","SES"
"5RK.SI","Kreuz Holdings Limited","Unknown","SES"
"5RTW.SI","Old Chang Kee W130906","Unknown","SES"
"5RWW.SI","Top Global Limited W150929","Unknown","SES"
"5UX.SI","Oxley Holdings Lt","Unknown","SES"
"5SEW.SI","China Titanium Ltd W121114","Unknown","SES"
"5SGW.SI","Ntegrator Intl Ltd W131206","Unknown","SES"
"5SMW.SI","Pan Asian Holdings Ltd W130111","Unknown","SES"
"5SNW.SI","Pollux Properties Ltd. W130330","Unknown","SES"
"5SO.SI","Duty Free Internationallimited","Unknown","SES"
"5SR.SI","Zhongmin Baihui Retail Grp Ltd","Unknown","SES"
"5SS.SI","Harry's Holdings Ltd.","Unknown","SES"
"5STW.SI","Infinio Group Limited W130125","Unknown","SES"
"5SUW.SI","Duty Free Intl Ltd W160106","Unknown","SES"
"5SXW.SI","Goodland Group Limited W160217","Unknown","SES"
"5SY.SI","Chew's Group Limited","Unknown","SES"
"5TF.SI","Junma Tyre Cord Company Ltd","Unknown","SES"
"5TG.SI","800 Super Holdings Limited","Unknown","SES"
"5TH.SI","Malacca Trust Limited","Unknown","SES"
"5TI.SI","Kitchen Culture Holdings Ltd.","Unknown","SES"
"5TJ.SI","Far East Group Limited","Unknown","SES"
"5TN.SI","Iev Holdings Limited","Unknown","SES"
"5TP.SI","Cnmc Goldmine Holdings Limited","Unknown","SES"
"5TR.SI","Libra Group Limited","Unknown","SES"
"5TS.SI","Jk Tech Holdings Limited","Unknown","SES"
"5TT.SI","Keong Hong Holdings Limited","Unknown","SES"
"5TW.SI","Chaswood Resources Hldgs Ltd.","Unknown","SES"
"5TY.SI","Advanced Systems Automation","Unknown","SES"
"5UA.SI","Starland Holdings Limited","Unknown","SES"
"5UE.SI","Shc Capital Asia Limited","Unknown","SES"
"5UF.SI","Maxi-cash Fin Svcs Corp Ltd","Unknown","SES"
"5UGW.SI","Elektromotive Group W150710","Unknown","SES"
"5UJ.SI","Neo Group Limited","Unknown","SES"
"5UKW.SI","Renewable Energy Asia W150709","Unknown","SES"
"5UN.SI","Sincap Group Limited","Unknown","SES"
"5UO.SI","Sysma Holdings Limited","Unknown","SES"
"5UPR.SI","Metal Component Engg Ltd R","Unknown","SES"
"5UQW.SI","Metal Component Engg W170908","Unknown","SES"
"5URR.SI","Goldtron Limited R","Unknown","SES"
"5USR.SI","Interra Resources Limited R","Unknown","SES"
"5UTR.SI","Interra Resources Limited R500","Unknown","SES"
"5WA.SI","International Healthway","Unknown","SES"
"600.SI","Hyflux Ltd","Unknown","SES"
"6SUS.SI","Ny05100n 200901","Unknown","SES"
"7PLS.SI","N507101e 121001","Unknown","SES"
"7PMS.SI","Ny07100x 220901","Unknown","SES"
"7QQS.SI","Nz07100s 270301","Unknown","SES"
"A01.SI","China Auto Corporation Ltd.","Unknown","SES"
"A02.SI","Achieva Limited","Unknown","SES"
"A03.SI","Asia Power Corp Ltd","Unknown","SES"
"A04.SI","Asl Marine Holdings Ltd","Unknown","SES"
"A05.SI","Avjennings Limited","Unknown","SES"
"A0G.SI","China Energy Limited","Unknown","SES"
"A0P.SI","Macarthurcook Prop Sec Fund","Unknown","SES"
"A0W.SI","Lyxor Commodities Crb Fund 10","Unknown","SES"
"A10.SI","Aem Holdings Ltd","Unknown","SES"
"A13.SI","Allied Technologies Limited","Unknown","SES"
"A14.SI","Armstrong Industrial Corp Ltd","Unknown","SES"
"A15.SI","Aussino Group Ltd","Unknown","SES"
"A17U.SI","Ascendas Real Estate Inv Trust","Unknown","SES"
"A18.SI","Aei Corporation Ltd","Unknown","SES"
"A23.SI","Auric Pacific Group Limited","Unknown","SES"
"A26.SI","Sinarmas Land Limited","Unknown","SES"
"A27.SI","Mdr Limited","Unknown","SES"
"A30.SI","Aspial Corporation Limited","Unknown","SES"
"A31.SI","Addvalue Technologies Ltd","Unknown","SES"
"A33.SI","Blumont Group Ltd.","Unknown","SES"
"A34.SI","Amara Holdings Ltd","Unknown","SES"
"A35.SI","Abf Spore Bond Index Fund Etf","Unknown","SES"
"A46.SI","Asia Pacific Breweries Ltd","Unknown","SES"
"A50.SI","Rowsley Ltd.","Unknown","SES"
"A52.SI","Annaik Limited","Unknown","SES"
"A53.SI","A-sonic Aerospace Limited","Unknown","SES"
"A54.SI","Adv Integrated Mfg Corp Ltd","Unknown","SES"
"A55.SI","Asia Enterprises Holding Ltd","Unknown","SES"
"A59.SI","Action Asia Limited","Unknown","SES"
"A61.SI","Luye Pharma Group Ltd.","Unknown","SES"
"A68U.SI","Ascott Residence Trust","Unknown","SES"
"A69.SI","Azeus Systems Holdings Ltd.","Unknown","SES"
"A6F.SI","Unionmet (singapore) Limited","Unknown","SES"
"A75.SI","Ace Achieve Infocom Limited","Unknown","SES"
"A78.SI","Liongold Corp Ltd","Unknown","SES"
"A7RU.SI","Cityspring Infrastruct Trust","Unknown","SES"
"A7S.SI","Sunvic Chemical Holdings Ltd","Unknown","SES"
"A8J.SI","China Farm Equipment Limited","Unknown","SES"
"A9A.SI","Lyxor Msci Taiwan Index Fund10","Unknown","SES"
"A9B.SI","Lyxor Hang Seng Index Fund 10","Unknown","SES"
"ACV.SI","Frasers Hospitality Trust","Unknown","SES"
"AD7.SI","China Bearing (singapore) Ltd.","Unknown","SES"
"AD8.SI","Sino Techfibre Limited","Unknown","SES"
"AI1.SI","Texchem-pack Holdings (s) Ltd.","Unknown","SES"
"AJ1.SI","Sakari Resources Limited","Unknown","SES"
"AJ2.SI","Ouhua Energy Holdings Limited","Unknown","SES"
"AJBU.SI","Keppel DC Reit","Unknown","SES"
"AK3.SI","Swiber Holdings Limited","Unknown","SES"
"AM3.SI","Gems Tv Holdings Limited","Unknown","SES"
"AO9.SI","Lyxor Korea 10","Unknown","SES"
"AP4.SI","Riverstone Holdings Limited","Unknown","SES"
"ATN.SI","Stratech Finance Pte. Ltd","Unknown","SES"
"AU8U.SI","Capitaretail China Trust","Unknown","SES"
"AV5.SI","Chemoil Energy Limited","Unknown","SES"
"AVM.SI","Boustead Proj","Unknown","SES"
"AW9U.SI","First Real Estate Inv Trust","Unknown","SES"
"B03.SI","Brc Asia Limited","Unknown","SES"
"B07.SI","Next-gen Satellite Comm Ltd","Unknown","SES"
"B08.SI","British & Malayan Trustees Ltd","Unknown","SES"
"B0I.SI","Foreland Fabrictech Hlds Ltd","Unknown","SES"
"B0Z.SI","China Fishery Group Limited","Unknown","SES"
"B10.SI","Boardroom Limited","Unknown","SES"
"B16.SI","Guocoleisure Limited","Unknown","SES"
"B1N.SI","Delong Holdings Limited","Unknown","SES"
"B1ZU.SI","Rickmers Maritime","Unknown","SES"
"B20.SI","Biosensors Int'l Group Ltd.","Unknown","SES"
"B22.SI","Hankore Environment Tec Grpltd","Unknown","SES"
"B26.SI","Ban Leong Technologies Limited","Unknown","SES"
"B28.SI","Bonvests Holdings Ltd","Unknown","SES"
"B2F.SI","M1 Limited","Unknown","SES"
"B2W.SI","Total Access Comm Pub Co Ltd","Unknown","SES"
"B2X.SI","China Yuanbang Prop Hldgs Ltd","Unknown","SES"
"B32.SI","Bh Global Marine Limited","Unknown","SES"
"B3C.SI","China Print Power Group Ltd","Unknown","SES"
"B49.SI","World Precision Machinery Ltd","Unknown","SES"
"B58.SI","Banyan Tree Holdings Limited","Unknown","SES"
"B61.SI","Bukit Sembawang Estates Ltd","Unknown","SES"
"B64.SI","Berger International Limited","Unknown","SES"
"B66.SI","Pt Berlian Laju Tanker Tbk","Unknown","SES"
"B69.SI","Broadway Industrial Group Ltd","Unknown","SES"
"B73.SI","Global Investments Limited","Unknown","SES"
"B7K.SI","Sin Ghee Huat Corporation Ltd.","Unknown","SES"
"B9R.SI","China Xlx Fertiliser Ltd.","Unknown","SES"
"B9S.SI","Cosmosteel Holdings Limited","Unknown","SES"
"BN2.SI","Valuetronics Holdings Limited","Unknown","SES"
"BN4.SI","Keppel Corporation Limited","Unknown","SES"
"BR9.SI","China Hongxing Sports Limited","Unknown","SES"
"BS6.SI","Yangzijiang Shipbldg Hldgs Ltd","Unknown","SES"
"C02.SI","Compact Metal Industries Ltd","Unknown","SES"
"C03.SI","China Merchants Prop Devtcoltd","Unknown","SES"
"C04.SI","Casa Holdings Limited","Unknown","SES"
"C05.SI","Chemical Industries (f.e.) Ltd","Unknown","SES"
"C06.SI","Csc Holdings Ltd","Unknown","SES"
"C07.SI","Jardine Cycle & Carriage Ltd","Unknown","SES"
"C09.SI","City Developments Limited","Unknown","SES"
"C0Z.SI","China Hongcheng Holdings Ltd","Unknown","SES"
"C10.SI","Chosen Holdings Limited","Unknown","SES"
"C11.SI","Cei Contract Manufacturing Ltd","Unknown","SES"
"C13.SI","Ch Offshore Ltd","Unknown","SES"
"C14.SI","Cwt Limited","Unknown","SES"
"C20.SI","Cerebos Pacific Limited","Unknown","SES"
"C22.SI","China Merchants Hldgs(pacific)","Unknown","SES"
"c29.SI","Chip Eng Seng Corporation Ltd","Unknown","SES"
"C2J.SI","Sunmart Holdings Limited","Unknown","SES"
"C2PU.SI","Parkwaylife Reit","Unknown","SES"
"C31.SI","Capitaland Limited","Unknown","SES"
"C33.SI","Chuan Hup Holdings Limited","Unknown","SES"
"C35.SI","Creative Master Bermuda Ltd","Unknown","SES"
"C37.SI","China International Hldgs Ltd","Unknown","SES"
"C38U.SI","Capitamall Trust","Unknown","SES"
"C3T.SI","Uni-asia Finance Corporation","Unknown","SES"
"C41.SI","Cortina Holdings Limited","Unknown","SES"
"C4P.SI","Liang Huat Aluminium Ltd","Unknown","SES"
"C50.SI","Cheung Woh Technologies Ltd","Unknown","SES"
"C52.SI","Comfortdelgro Corporation Ltd","Unknown","SES"
"C56.SI","Celestial Nutrifoods Limited","Unknown","SES"
"C59.SI","China Flexible Pack Hldg Ltd","Unknown","SES"
"C60.SI","Amplefield Limited","Unknown","SES"
"C61U.SI","Capitacommercial Trust","Unknown","SES"
"C68.SI","Mirach Energy Limited","Unknown","SES"
"C6L.SI","Singapore Airlines Ltd","Unknown","SES"
"C6U.SI","Singapore Airlines Ltd 200","Unknown","SES"
"C70.SI","City Developments Ltd Nccps","Unknown","SES"
"C71.SI","China Paper Holdings Limited","Unknown","SES"
"C76.SI","Creative Technology Ltd","Unknown","SES"
"C86.SI","China Sun Biochem Tech Gp Co.","Unknown","SES"
"C8R.SI","Jiutian Chemical Group Limited","Unknown","SES"
"C92.SI","China Haida Ltd.","Unknown","SES"
"C9Q.SI","Sinostar Pec Holdings Limited","Unknown","SES"
"CC3.SI","Starhub Ltd","Unknown","SES"
"CH8.SI","China Sunsine Chem Hldgs Ltd.","Unknown","SES"
"CL7.SI","R H Energy Ltd.","Unknown","SES"
"CT1.SI","Avi-tech Electronics Limited","Unknown","SES"
"CW4.SI","Lyxor Japan (topix) Fund 10","Unknown","SES"
"CX5.SI","Yong Xin Intl Holdings Ltd.","Unknown","SES"
"CY6U.SI","Ascendas India Trust","Unknown","SES"
"CZ3.SI","Reyphon Agriceutical Limited","Unknown","SES"
"CZ4.SI","Dutech Holdings Limited","Unknown","SES"
"D01.SI","Dairy Farm Int'l Holdings Ltd","Unknown","SES"
"D03.SI","Del Monte Pacific Limited","Unknown","SES"
"D04.SI","Datapulse Technology Limited","Unknown","SES"
"D05.SI","Dbs Group Holdings Ltd","Unknown","SES"
"D07.SI","Spdr Djia Etf Trust","Unknown","SES"
"D08.SI","Devotion Energy Group Limited","Unknown","SES"
"D11.SI","Design Studio Furniture Mfrltd","Unknown","SES"
"D1R.SI","Ara Asset Management Limited","Unknown","SES"
"D2S.SI","Sc Global Developments Ltd","Unknown","SES"
"D2U.SI","Cacola Furniture Intl Limited","Unknown","SES"
"D2V.SI","Changtian Plastic & Chem Ltd","Unknown","SES"
"D38.SI","Cdw Holding Limited","Unknown","SES"
"D3W.SI","Sinotel Technologies Ltd.","Unknown","SES"
"D4N.SI","China New Town Devt Co Limited","Unknown","SES"
"D50.SI","China Great Land Holdings Ltd.","Unknown","SES"
"D5IU.SI","Lippo Malls Indo Retail Trust","Unknown","SES"
"D5N.SI","Z-obee Holdings Limited","Unknown","SES"
"D6U.SI","Dynamic Colours Limited","Unknown","SES"
"D79.SI","C&g Env Protect Hldgs Ltd","Unknown","SES"
"D8DU.SI","First Ship Lease Trust","Unknown","SES"
"D9UW.SI","Yongnam Holdings Ltd W121214","Unknown","SES"
"DC9.SI","Fuxing China Group Limited","Unknown","SES"
"DK2.SI","Fibrechem Technologies Ncps","Unknown","SES"
"DM0.SI","Psc Corporation Ltd","Unknown","SES"
"DT2.SI","China Oilfield Tec Svcs Grpltd","Unknown","SES"
"DU4.SI","Mermaid Maritime Public Co Ltd","Unknown","SES"
"DZ8U.SI","Saizen Real Estate Inv Trust","Unknown","SES"
"E02.SI","Eu Yan Sang International Ltd","Unknown","SES"
"E13.SI","Ellipsiz Ltd","Unknown","SES"
"E15.SI","Transcu Group Limited","Unknown","SES"
"E16.SI","Elec & Eltek Int Co Ltd","Unknown","SES"
"E17.SI","Excelpoint Technology Ltd","Unknown","SES"
"E18.SI","Ecs Holdings Limited","Unknown","SES"
"E23.SI","Europtronic Group Ltd","Unknown","SES"
"E25.SI","8telecom Intl Holdings Co Ltd","Unknown","SES"
"E27.SI","Eucon Holding Limited","Unknown","SES"
"E28.SI","Frencken Group Limited","Unknown","SES"
"E3B.SI","Wee Hur Holdings Ltd.","Unknown","SES"
"E5H.SI","Golden Agri-resources Ltd","Unknown","SES"
"E5P.SI","The Hour Glass Limited","Unknown","SES"
"E6A.SI","Yongmao Holdings Limited","Unknown","SES"
"E6E.SI","Sound Global Ltd.","Unknown","SES"
"E6R.SI","Samko Timber Limited","Unknown","SES"
"E8Z.SI","Roxy-pacific Holdings Limited","Unknown","SES"
"E90.SI","China Sky Chem Fibre Co. Ltd.","Unknown","SES"
"E91.SI","Courage Marine Group Limited","Unknown","SES"
"E94.SI","Lizhong Wheel Group Ltd.","Unknown","SES"
"E9A.SI","Li Heng Chem Fibre Tech Ltd","Unknown","SES"
"E9L.SI","Joyas International Hldgs Ltd","Unknown","SES"
"EB5.SI","First Resources Limited","Unknown","SES"
"EB7.SI","Ktl Global Limited","Unknown","SES"
"EE6.SI","Mercator Lines (singapore) Ltd","Unknown","SES"
"EG0.SI","Jes International Holdings Ltd","Unknown","SES"
"EH5.SI","United Overseas Australia Ltd","Unknown","SES"
"EP4.SI","China Animal Healthcare Ltd.","Unknown","SES"
"ER0.SI","Ksh Holdings Limited","Unknown","SES"
"ES3.SI","Sti Etf","Unknown","SES"
"F01.SI","Freight Links Express Holdings","Unknown","SES"
"F03.SI","Food Empire Holdings Limited","Unknown","SES"
"F06.SI","Sunmoon Food Company Limited","Unknown","SES"
"F07.SI","Fds Networks Group Ltd","Unknown","SES"
"F10.SI","F J Benjamin Holdings Ltd","Unknown","SES"
"F11.SI","Fung Choi Media Group Limited","Unknown","SES"
"F12.SI","Fibrechem Technologies Limited","Unknown","SES"
"F13.SI","Fu Yu Corporation Ltd","Unknown","SES"
"F17.SI","Guocoland Limited","Unknown","SES"
"F18.SI","Full Apex (holdings) Limited","Unknown","SES"
"F1E.SI","Low Keng Huat (singapore) Ltd","Unknown","SES"
"F20.SI","Federal Int(2000) Ltd","Unknown","SES"
"F22.SI","Fischer Tech Ltd","Unknown","SES"
"F25U.SI","Fortune Real Estate Inv Trust","Unknown","SES"
"F2X.SI","China Taisan Tech Grp Hldgsltd","Unknown","SES"
"F31.SI","Fragrance Group Limited","Unknown","SES"
"F34.SI","Wilmar International Limited","Unknown","SES"
"F3EU.SI","Indiabulls Properties Invtrust","Unknown","SES"
"F3V.SI","Sino Construction Limited","Unknown","SES"
"F4B.SI","Ocbc Bk 5.1%ncps 100","Unknown","SES"
"F6D.SI","China Fibretech Ltd.","Unknown","SES"
"F83.SI","Cosco Corporation (s) Ltd","Unknown","SES"
"F86.SI","Cougar Logistics Corpn Ltd","Unknown","SES"
"F99.SI","Fraser And Neave Limited","Unknown","SES"
"F9D.SI","Boustead Singapore Limited","Unknown","SES"
"F9M.SI","Kencana Agri Limited","Unknown","SES"
"FC6.SI","Lyxor India Nifty Etf 10","Unknown","SES"
"FO8.SI","Eratat Lifestyle Limited","Unknown","SES"
"FP1.SI","Dapai Intl Hldg Co. Ltd.","Unknown","SES"
"FQ7.SI","Jasper Investments Limited","Unknown","SES"
"FQ8.SI","China Sports Intl Limited","Unknown","SES"
"FV2.SI","Hisaka Holdings Ltd.","Unknown","SES"
"G03.SI","Brothers (holdings) Limited","Unknown","SES"
"G05.SI","Goodpack Limited","Unknown","SES"
"G07.SI","Great Eastern Hldgs Ltd","Unknown","SES"
"G08.SI","Gp Batteries Int Ltd","Unknown","SES"
"G09.SI","Gul Technologies Singapore Ltd","Unknown","SES"
"G0I.SI","Nam Lee Pressed Metal Inds Ltd","Unknown","SES"
"G10.SI","Yuexiu Property Co Limited","Unknown","SES"
"G11.SI","Global Tech (hldgs) Limited","Unknown","SES"
"G13.SI","Genting Singapore Plc","Unknown","SES"
"G18.SI","Grp Ltd","Unknown","SES"
"G1K.SI","Lyxor Etf Msci Asia Apex 50 10","Unknown","SES"
"G1M.SI","Lyxor Etf Msci Malaysia 10","Unknown","SES"
"G1N.SI","Lyxor Etf Msci India 10","Unknown","SES"
"G1O.SI","Lyxor Commodities Crbnonenergy","Unknown","SES"
"G20.SI","Gp Industries Limited","Unknown","SES"
"G21.SI","Guangzhao Ind Forest Biogrpltd","Unknown","SES"
"G31.SI","Global Testing Corporation Ltd","Unknown","SES"
"G33.SI","Guthrie Gts Ltd","Unknown","SES"
"G3B.SI","Dbs Singapore Sti Etf","Unknown","SES"
"G41.SI","G. K. Goh Holdings Limited","Unknown","SES"
"G4F.SI","Otto Marine Limited","Unknown","SES"
"G50.SI","Grand Banks Yachts Limited","Unknown","SES"
"G54.SI","China Essence Group Ltd.","Unknown","SES"
"G5X.SI","Anwell Technologies Limited","Unknown","SES"
"G77.SI","Digiland International Ltd","Unknown","SES"
"G86.SI","China Milk Products Group Ltd","Unknown","SES"
"G92.SI","China Aviation Oil(s) Corp Ltd","Unknown","SES"
"GB4W.SI","Tat Hong Holdings Ltd W130802","Unknown","SES"
"GD2W.SI","China Auto Corp Ltd. W130806","Unknown","SES"
"GG0.SI","Ocbccapcorp(2008) 5.1%ncps 100","Unknown","SES"
"GG7.SI","Hai Leck Holdings Limited","Unknown","SES"
"GH3.SI","Asia Fashion Holdings Limited","Unknown","SES"
"GJ8.SI","Dukang Distillers Hldgs Ltd","Unknown","SES"
"GL8.SI","Uob 5.05%ncps 100","Unknown","SES"
"GR2W.SI","Second Chance Prop W130927","Unknown","SES"
"GU5.SI","China Kunda Tech Holdings Ltd","Unknown","SES"
"GZ9.SI","Stx Pan Ocean Co. Ltd.","Unknown","SES"
"H02.SI","Haw Par Corp Ltd","Unknown","SES"
"H06.SI","Hor Kew Corporation Limited","Unknown","SES"
"H07.SI","Stamford Land Corporation Ltd","Unknown","SES"
"H12.SI","Hotel Royal Ltd","Unknown","SES"
"H13.SI","Ho Bee Investment Limited","Unknown","SES"
"H15.SI","Hotel Properties Ltd","Unknown","SES"
"H16.SI","Huan Hsin Holdings Ltd","Unknown","SES"
"H17.SI","Hi-p International Limited","Unknown","SES"
"H18.SI","Hotel Grand Central Ltd","Unknown","SES"
"H19.SI","Hwa Hong Corporation Limited","Unknown","SES"
"H1M.SI","Lyxor Etf Eastern Europe 10","Unknown","SES"
"H1N.SI","Lyxor Etf Msci Emerging Mkt 10","Unknown","SES"
"H1O.SI","Lyxoretf Msci Em Latin America","Unknown","SES"
"H1P.SI","Lyxor Etf Msci World 10","Unknown","SES"
"H1Q.SI","Lyxor Etf Nasdaq100 10","Unknown","SES"
"H20.SI","Hoe Leong Corporation Ltd.","Unknown","SES"
"H22.SI","Hong Leong Asia Ltd.","Unknown","SES"
"H23.SI","Eunetworks Group Limited","Unknown","SES"
"H27.SI","Hlh Group Limited","Unknown","SES"
"H28.SI","Hersing Corporation Ltd","Unknown","SES"
"H30.SI","Hong Fok Corporation Ltd","Unknown","SES"
"H49.SI","Pan Pacific Hotels Grp Limited","Unknown","SES"
"H64.SI","Htl Int'l Holdings Limited","Unknown","SES"
"H73.SI","Hupsteel Ltd","Unknown","SES"
"H78.SI","Hongkong Land Holdings Limited","Unknown","SES"
"H7YB.SI","Wbl Corporation 2.5%cb140610","Unknown","SES"
"H80.SI","Hongwei Technologies Limited","Unknown","SES"
"HD6.SI","Dbxt S&p 500 Short Etf 10","Unknown","SES"
"HD7.SI","Dbxt Msci Taiwan Etf 10","Unknown","SES"
"HD8.SI","Dbxt Ft China 25 Etf 10","Unknown","SES"
"HD9.SI","Dbxt Ftse Vietnam Etf 10","Unknown","SES"
"HE0.SI","Dbxt S&p Cnx Nifty Etf 10","Unknown","SES"
"HI3B.SI","United Engineers 1% Cb140303","Unknown","SES"
"i03.SI","Informatics Education Ltd.","Unknown","SES"
"i04.SI","Xpress Holdings Ltd","Unknown","SES"
"i06.SI","Intraco Limited","Unknown","SES"
"i07.SI","Isdn Holdings Limited","Unknown","SES"
"i11.SI","Ipco Int'l Limited","Unknown","SES"
"I12.SI","Ipc Corporation Limited","Unknown","SES"
"i15.SI","Isetan (singapore) Ltd","Unknown","SES"
"I17.SI","Ishares S&p500 Ivv 10","Unknown","SES"
"I19.SI","Ishares Msci Singapore Ews 100","Unknown","SES"
"I21.SI","Ishares Dj Us Tech Iyw 10","Unknown","SES"
"i26.SI","Inno-pacific Holdings Ltd","Unknown","SES"
"i49.SI","Ifs Capital Limited","Unknown","SES"
"I4FW.SI","Global Yellow Pages W140910","Unknown","SES"
"I4U.SI","China Gaoxian Fibrefab Hldgltd","Unknown","SES"
"I54.SI","Fabchem China Limited","Unknown","SES"
"I5GW.SI","Rowsley Ltd W120921","Unknown","SES"
"I5H.SI","Great Group Holdings Limited","Unknown","SES"
"I85.SI","Hengxin Technology Ltd.","Unknown","SES"
"I98.SI","Is Msci India 100","Unknown","SES"
"I9T.SI","Ziwo Holdings Ltd.","Unknown","SES"
"IH0.SI","Dbxt Euro Stoxx 50 Etf 10","Unknown","SES"
"IH1.SI","Dbxt Msci Asia Ex Japan Etf 10","Unknown","SES"
"IH2.SI","Dbxt Msci Korea Etf 10","Unknown","SES"
"IH3.SI","Dbxt Msci Europe Etf 10","Unknown","SES"
"IH4.SI","Dbxt Usd Money Market Etf 5","Unknown","SES"
"IW5.SI","Seroja Investments Limited","Unknown","SES"
"IX2.SI","Pec Ltd.","Unknown","SES"
"J01Z.SI","Jtc S$200m4.826%n121024","Unknown","SES"
"J03.SI","Jadason Enterprises Ltd","Unknown","SES"
"J0M.SI","Dbxt Msci Emerging Mkts Etf 10","Unknown","SES"
"J0N.SI","Dbxt Msci Emg Mkts Asia Etf 10","Unknown","SES"
"J0O.SI","Dbxt Msci Brazil Trn Etf 10","Unknown","SES"
"J0P.SI","Dbxt Msci World Trn Etf 10","Unknown","SES"
"J0Q.SI","Dbxt Msci Pacific Exjap Etf 10","Unknown","SES"
"J0R.SI","Dbxt Msci Russia Cap 25 Etf 10","Unknown","SES"
"J0S.SI","Dbxt Dblci-oy Balanced Etf 5","Unknown","SES"
"J10.SI","Jaya Holdings Ltd","Unknown","SES"
"J11.SI","Jacks International Limited","Unknown","SES"
"J15.SI","Juken Technology Limited","Unknown","SES"
"J16.SI","Jel Corporation (holdings) Ltd","Unknown","SES"
"J17.SI","Jackspeed Corporation Limited","Unknown","SES"
"J18.SI","China Jishan Holdings Limited","Unknown","SES"
"J19.SI","Jets Technics Intl Hldgs Ltd","Unknown","SES"
"J1KW.SI","Goodpack Limited W121130","Unknown","SES"
"J2T.SI","Hock Lian Seng Holdings Ltd","Unknown","SES"
"J36.SI","Jardine Matheson Hldgs Ltd","Unknown","SES"
"J37.SI","Jardine Strategic Hldgs Ltd","Unknown","SES"
"J69U.SI","Frasers Centrepoint Trust","Unknown","SES"
"J6WW.SI","Enviro-hub Holdings Ltdw121229","Unknown","SES"
"J6YW.SI","Okp Holdings Limited W130105","Unknown","SES"
"J74.SI","Pteris Global Limited","Unknown","SES"
"J7SW.SI","Eratat Lifestyle Ltd Ew130112","Unknown","SES"
"J7X.SI","Tiger Airways Holdings Limited","Unknown","SES"
"J85.SI","Cdl Hospitality Trusts","Unknown","SES"
"J8O.SI","Ryobi Kiso Holdings Ltd.","Unknown","SES"
"J91U.SI","Cambridge Industrial Trust","Unknown","SES"
"JA9.SI","Changjiang Fertilizer Hlgs Ltd","Unknown","SES"
"JB9W.SI","Capitaland Bnp Ecw121005","Unknown","SES"
"JC5.SI","Lyxor Etf Msci Europe 10","Unknown","SES"
"JC6.SI","Lyxor Etf Dow Jones Ia 10","Unknown","SES"
"JC7.SI","Lyxor Etf Russia 10","Unknown","SES"
"JC8W.SI","See Hup Seng Limited W121015","Unknown","SES"
"JK8.SI","United Sse 50 China Etf","Unknown","SES"
"JN1W.SI","Wee Hur Holdings Ltd W121027","Unknown","SES"
"JO8W.SI","Pan Hong Property Groupw121027","Unknown","SES"
"JQ5W.SI","Baker Technology Ltd W121116","Unknown","SES"
"JS5.SI","Sino Grandness Food Ind Gp Ltd","Unknown","SES"
"JS6W.SI","Aztech Group W121123","Unknown","SES"
"JS8.SI","Capitamalls Asia Limited","Unknown","SES"
"K01.SI","K1 Ventures Limited","Unknown","SES"
"K03.SI","Khong Guan Flour Milling Ltd","Unknown","SES"
"K04.SI","Kian Ann Engineering Ltd","Unknown","SES"
"K07.SI","Kxd Digital Entertainment Ltd","Unknown","SES"
"K11.SI","Keppel Tele & Tran","Unknown","SES"
"K14.SI","Kingboard Copper Foil Hdgs Ltd","Unknown","SES"
"K17.SI","Keppel Land Limited","Unknown","SES"
"K1Q.SI","Ttj Holdings Limited","Unknown","SES"
"K22.SI","Kian Ho Bearings Ltd","Unknown","SES"
"K29.SI","Karin Technology Hldgs Limited","Unknown","SES"
"K2KW.SI","Sembcorp Marine Mbl Ecw120903","Unknown","SES"
"K2LU.SI","Cache Logistics Trust","Unknown","SES"
"K2M.SI","Debao Property Development Ltd","Unknown","SES"
"K2N.SI","China Minzhong Food Corp Ltd","Unknown","SES"
"K2P.SI","Tiong Seng Holdings Limited","Unknown","SES"
"K3CD.SI","China Eastern Air Adr 10","Unknown","SES"
"K3DD.SI","Sinopec Petrochemical Adr 10","Unknown","SES"
"K3ED.SI","China Telecom Adr 10","Unknown","SES"
"K3FD.SI","Huaneng Power Intl Adr 10","Unknown","SES"
"K3GD.SI","Yanzhou Coal Mining Adr 10","Unknown","SES"
"K3HD.SI","Aluminum Corp Of China Adr 10","Unknown","SES"
"K3ID.SI","China Unicom Hk Ltd Adr 10","Unknown","SES"
"K3JD.SI","Changyou.com Adr 10","Unknown","SES"
"K3KD.SI","Trina Solar Adr 10","Unknown","SES"
"K3MD.SI","Netease.com Adr 10","Unknown","SES"
"K3ND.SI","Suntech Power Adr 10","Unknown","SES"
"K3OD.SI","Petrochina Adr 10","Unknown","SES"
"K3PD.SI","Chinamobile Adr 10","Unknown","SES"
"K3QD.SI","Mindray Medical Intl Adr 10","Unknown","SES"
"K3RD.SI","Ctrip.com International Adr 10","Unknown","SES"
"K3SD.SI","Baidu.com Adr 10","Unknown","SES"
"K3TD.SI","China Southern Air Adr 10","Unknown","SES"
"K3UD.SI","Home Inns & Hotels Adr 10","Unknown","SES"
"K6J.SI","Global Palm Resources Hlgs Ltd","Unknown","SES"
"K6K.SI","Dbxt S&p500 Etf 10","Unknown","SES"
"K6S.SI","Prudential Plc","Unknown","SES"
"K6Y.SI","Dbxt Aud Ssa Bonds Etf 5","Unknown","SES"
"K71U.SI","K-reit Asia","Unknown","SES"
"K75.SI","Koh Brothers Group Limited","Unknown","SES"
"K8BW.SI","Cosco Corp Mbl Ecw130103","Unknown","SES"
"K8KW.SI","Dbs Mbl Ecw130103","Unknown","SES"
"KF4.SI","Sin Heng Heavy Machinery Ltd","Unknown","SES"
"KF5.SI","Dbxt Usd Ig Infl Treas Etf 5","Unknown","SES"
"KF6.SI","Dbxt Iboxx Sov Euro Etf 5","Unknown","SES"
"KF7.SI","Dbxt Iboxx Us Treas Etf 5","Unknown","SES"
"KF8.SI","Dbxt Msci Usa Etf 10","Unknown","SES"
"KI3.SI","Hu An Cable Holdings Ltd.","Unknown","SES"
"KJ5.SI","Bbr Holdings (s) Ltd","Unknown","SES"
"KJ6.SI","Dbxt Sora Etf 5","Unknown","SES"
"KJ7.SI","Dbxt Msci Indonesia Etf 10","Unknown","SES"
"KJ9.SI","Cogent Holdings Limited","Unknown","SES"
"KK1W.SI","Juken Technology Ltd W130224","Unknown","SES"
"KR7W.SI","Tee International Ltd W130228","Unknown","SES"
"KT2.SI","Dbxt Iboxx Korea Etf 5","Unknown","SES"
"KT3.SI","Dbxt Stoxx Glob Div 100 Etf 10","Unknown","SES"
"KT4.SI","Dbxt Csi300 Etf 10","Unknown","SES"
"KT7W.SI","Upp Holdings W130301","Unknown","SES"
"KT8U.SI","Frasers Commercial Trust Cppu","Unknown","SES"
"KT9.SI","Qingmei Group Holdings Limited","Unknown","SES"
"KU3.SI","Golden Ocean Group Limited","Unknown","SES"
"KV4.SI","Dbxt Iboxx Singapore Etf 5","Unknown","SES"
"KV5.SI","Dbxt Aud Money Market Etf 5","Unknown","SES"
"KV6.SI","Dbxt Aud Mm Etf Usd 5","Unknown","SES"
"KV7.SI","Dbxt Aud Mm Etf Sgd 5","Unknown","SES"
"KV8.SI","Dbxt Eonia Tr Etf Usd 5","Unknown","SES"
"L02.SI","Manhattan Resources Limited","Unknown","SES"
"L03.SI","Lian Beng Group Ltd","Unknown","SES"
"L05.SI","Lafe Corporation Limited","Unknown","SES"
"L07Z.SI","Lta $500m4.17%n160510","Unknown","SES"
"L08.SI","Lion Asiapac Ltd","Unknown","SES"
"L09.SI","Lung Kee (bermuda) Hldgs Ltd","Unknown","SES"
"L0OW.SI","M Development W130802","Unknown","SES"
"L0QW.SI","Genting Sin Mbl Ecw130603","Unknown","SES"
"L0SW.SI","Capitaland Mbl Ecw130603","Unknown","SES"
"L10.SI","Lht Holdings Limited","Unknown","SES"
"L15.SI","Lindeteves-jacoberg Ltd","Unknown","SES"
"L17.SI","Lion Teck Chiang Ltd","Unknown","SES"
"L18.SI","Hl Global Enterprises Limited","Unknown","SES"
"L19.SI","Lum Chang Holdings Limited","Unknown","SES"
"L1AW.SI","Singapore Exchangemblecw130603","Unknown","SES"
"L1D.SI","Consciencefood Holding Limited","Unknown","SES"
"L1NW.SI","Riverstone Holdings W130802","Unknown","SES"
"L20.SI","Lifebrandz Ltd.","Unknown","SES"
"L22.SI","Lankom Electronics Limited","Unknown","SES"
"L23.SI","Enviro-hub Holdings Ltd","Unknown","SES"
"L24.SI","Lma International N.v.","Unknown","SES"
"L25.SI","Lee Kim Tah Hldgs Limited","Unknown","SES"
"L28.SI","Longcheer Holdings Limited","Unknown","SES"
"L2PW.SI","Genting Sin Mbl Ecw130103","Unknown","SES"
"L34.SI","Luxking Group Holdings Limited","Unknown","SES"
"L38.SI","L.c.development Ltd","Unknown","SES"
"L46.SI","Luzhou Bio-chem Technology Ltd","Unknown","SES"
"L5F.SI","Dbxt Dbcbdjubsci Etf 10","Unknown","SES"
"L5G.SI","Dbxt Dbcbleb Etf 10","Unknown","SES"
"L5I.SI","Abterra Ltd","Unknown","SES"
"L5J.SI","Viz Branz Limited","Unknown","SES"
"L6T.SI","Psl Holdings Ltd","Unknown","SES"
"L7KW.SI","Genting Sin Mbl Ecw130104","Unknown","SES"
"L7OW.SI","Yangzijiang Mbl Ecw130104","Unknown","SES"
"LF1.SI","Dbxt S&p/asx 200 Etf 10","Unknown","SES"
"LF2.SI","Dbxt Msci Japan Trn Etf 10","Unknown","SES"
"LG2U.SI","Treasury China Trust","Unknown","SES"
"LG6.SI","Dbxt Msci Malaysia Trn Etf 10","Unknown","SES"
"LG7.SI","Dbxt Msci Thailand Trn Etf 10","Unknown","SES"
"LG8.SI","Dbxt Msci India Trn Etf 10","Unknown","SES"
"LG9.SI","Dbxt Msci China Trn Etf 10","Unknown","SES"
"LH4U.SI","K-green Trust","Unknown","SES"
"LJ3.SI","Overseas Union Enterprise Ltd","Unknown","SES"
"LR9W.SI","Best World Intl Ltd W130705","Unknown","SES"
"LS9.SI","Leader Environmental Tech Ltd","Unknown","SES"
"M01.SI","Metro Holdings Limited","Unknown","SES"
"M03.SI","Miyoshi Precision Limited","Unknown","SES"
"M04.SI","Mandarin Oriental Intl Ltd","Unknown","SES"
"M05.SI","Mtq Corporation Limited","Unknown","SES"
"M06.SI","Multi-chem Limited","Unknown","SES"
"M09.SI","S I2i Limited","Unknown","SES"
"M11.SI","Mfg Integration Technology Ltd","Unknown","SES"
"M14.SI","Innotek Limited","Unknown","SES"
"M15.SI","Matex International Limited","Unknown","SES"
"M1GU.SI","Sabana Shari'ah Compliant Reit","Unknown","SES"
"M1P.SI","Amtek Engineering Ltd","Unknown","SES"
"M1Z.SI","Tee International Limited","Unknown","SES"
"M22.SI","Lottvision Limited","Unknown","SES"
"M24.SI","Meiban Group Ltd","Unknown","SES"
"M26.SI","Memtech International Ltd","Unknown","SES"
"M2IW.SI","Dragon Group Intl W131209","Unknown","SES"
"M30.SI","Meghmani Organics Limited","Unknown","SES"
"M35.SI","Wheelock Properties (s) Ltd","Unknown","SES"
"M3KW.SI","Genting Sin Bnp Ecw121203","Unknown","SES"
"M3TW.SI","Transcu Group Limited W130109","Unknown","SES"
"M41.SI","Macquarie Int'l Infra Fund Ltd","Unknown","SES"
"M44U.SI","Mapletree Logistics Trust","Unknown","SES"
"M62.SI","Cimb Ftse Asean40 100","Unknown","SES"
"M8J.SI","China Environmental Res Gp Ltd","Unknown","SES"
"M8MW.SI","Wilmar Mbl Ecw130603","Unknown","SES"
"M8NW.SI","Sembcorp Marine Mbl Ecw130603","Unknown","SES"
"M8OW.SI","Nol Mbl Ecw130603","Unknown","SES"
"M8PW.SI","Kepcorp Mbl Ecw130603","Unknown","SES"
"M8TZ.SI","Capmallasiatrs$125m2.15%140121","Unknown","SES"
"M9F.SI","Xmh Holdings Ltd.","Unknown","SES"
"MA6Z.SI","Sia $300m 2.15%b150930","Unknown","SES"
"MC0.SI","Global Logistic Prop Limited","Unknown","SES"
"MC7.SI","Yamada Green Resources Limited","Unknown","SES"
"ME8U.SI","Mapletree Industrial Trust","Unknown","SES"
"MF5.SI","Anchun International Hldgs Ltd","Unknown","SES"
"MF6.SI","Mun Siong Engineering Limited","Unknown","SES"
"MG8W.SI","Singapore Exchangemblecw130103","Unknown","SES"
"MN5.SI","Xinren Aluminum Holdings Ltd","Unknown","SES"
"MQ4.SI","Bund Center Investment Ltd","Unknown","SES"
"MR2W.SI","Falcon Energy Group W131102","Unknown","SES"
"MR7.SI","Nordic Group Limited","Unknown","SES"
"MR8.SI","Novo Group Ltd.","Unknown","SES"
"MS6W.SI","Allied Technologies W131102","Unknown","SES"
"MS7.SI","Stx Osv Holdings Limited","Unknown","SES"
"MT1.SI","Dragon Group Intl Limited","Unknown","SES"
"MT7.SI","Lyxor Etf Asia Real Estate 10","Unknown","SES"
"MU7.SI","Dbs S$800m 4.7% Ncps","Unknown","SES"
"MV1W.SI","Sinarmas Land Limited Ew151118","Unknown","SES"
"MV4.SI","Mewah International Inc.","Unknown","SES"
"MV7W.SI","Cosco Corp Mbl Ecw130102","Unknown","SES"
"MV8W.SI","Kepcorp Mbl Ecw130103","Unknown","SES"
"MV9W.SI","Noble Group Mbl Ecw130103","Unknown","SES"
"MW0W.SI","Uob Mbl Ecw130103","Unknown","SES"
"N01.SI","Neratelecommunications Ltd","Unknown","SES"
"N02.SI","Nsl Ltd.","Unknown","SES"
"N03.SI","Neptune Orient Lines Limited","Unknown","SES"
"N08.SI","New Toyo Int Hldgs Ltd","Unknown","SES"
"N0L.SI","Eastgate Technology Ltd","Unknown","SES"
"N0Z.SI","Combine Will Intl Hldgs Ltd","Unknown","SES"
"N14.SI","M Development Ltd.","Unknown","SES"
"N21.SI","Noble Group Limited","Unknown","SES"
"N2E.SI","Dbxt Msci Philippines Etf 10","Unknown","SES"
"N2F.SI","Dbxt Msci Asia Exjap Hdy Etf10","Unknown","SES"
"N2H.SI","Hyflux 6% Cum Pref Class A 10","Unknown","SES"
"N2IU.SI","Mapletree Commercial Trust","Unknown","SES"
"N32.SI","Nippecraft Limited","Unknown","SES"
"N33.SI","Nomura Holdings Inc","Unknown","SES"
"N4E.SI","Nam Cheong Limited","Unknown","SES"
"N5YD.SI","Mufj Financial Adr 10","Unknown","SES"
"N5ZD.SI","Posco Adr 10","Unknown","SES"
"N6DD.SI","Mizuho Financial Adr 10","Unknown","SES"
"N6ED.SI","Ntt Docomo Adr 10","Unknown","SES"
"N6FD.SI","Toyota Motor Adr 10","Unknown","SES"
"N6H.SI","Internet Technology Grp Ltd","Unknown","SES"
"N6L.SI","Ishares Asia Loc Cur Bond Etf","Unknown","SES"
"N6M.SI","Ishares Usd Asia Bond Etf","Unknown","SES"
"N9LU.SI","Perennial China Retail Trust","Unknown","SES"
"NC2.SI","Sri Trang Agro-industry Pcl","Unknown","SES"
"NC3W.SI","Joyas International W160125","Unknown","SES"
"NC9.SI","Malaysia Smelting Corp Bhd 100","Unknown","SES"
"ND8U.SI","Frasers Commercial Trust","Unknown","SES"
"NF1.SI","Sapphire Corporation Limited","Unknown","SES"
"NF3.SI","Lyxor Etf Asia Infrastruct 10","Unknown","SES"
"NF4.SI","Lyxor Etf Asia Technology 10","Unknown","SES"
"NF5.SI","Lyxor Etf Asia Financials 10","Unknown","SES"
"NF6.SI","Lyxor Etf Asia Con Stap 10","Unknown","SES"
"NF7.SI","Lyxor Etf Asia Materials 10","Unknown","SES"
"NG6W.SI","Wee Hur Holdings Ltd W140222","Unknown","SES"
"NI3.SI","Ue E&c Ltd.","Unknown","SES"
"NI7Z.SI","Capitamalltrust$300m2%130225","Unknown","SES"
"NO4.SI","Dyna-mac Holdings Ltd.","Unknown","SES"
"NR7.SI","Raffles Education Corp Ltd","Unknown","SES"
"NS8U.SI","Hutchison Port Holdings Trust","Unknown","SES"
"NT1.SI","Hotung Investment Hldgs Ltd","Unknown","SES"
"NU6Z.SI","F&n Treasury S$220m2.48%160328","Unknown","SES"
"NU7Z.SI","F&n Treasury S$80m3.15%180328","Unknown","SES"
"O02.SI","Ogl Resources Limited","Unknown","SES"
"O05.SI","Ocean Sky International Ltd","Unknown","SES"
"O08.SI","Ossia International Ltd","Unknown","SES"
"O0BW.SI","Ezra Bp Ecw121002","Unknown","SES"
"O10.SI","Orchard Parade Holdings Ltd","Unknown","SES"
"O15.SI","Ocbc Bk 4.2% Ncps","Unknown","SES"
"O16.SI","Ocbc Bk S$500m4.5%ncps 100","Unknown","SES"
"O23.SI","Osim International Ltd","Unknown","SES"
"O2F.SI","Swing Media Technology Grp Ltd","Unknown","SES"
"O2HW.SI","Swing Media Technology W140106","Unknown","SES"
"O2I.SI","Avic Intl Investments Limited","Unknown","SES"
"O2R.SI","Chinasing Investment Hldg Ltd","Unknown","SES"
"O31.SI","Ocbc Cap 3.93% S$400m Ncps 10","Unknown","SES"
"O32.SI","Olam International Limited","Unknown","SES"
"O39.SI","Oversea-chinese Banking Corp","Unknown","SES"
"O57.SI","Omega Navigation Ent Inc.","Unknown","SES"
"O5QW.SI","Mdr Limited W140925","Unknown","SES"
"O5RU.SI","Aims Amp Cap Industrial Reit","Unknown","SES"
"O5YW.SI","Cosco Corp Bp Ecw121204","Unknown","SES"
"O6Z.SI","Lonza Group Ltd","Unknown","SES"
"O7AW.SI","Nobel Design Holdings W141021","Unknown","SES"
"O87.SI","Spdr Gold Shares","Unknown","SES"
"O9A.SI","Dbxt Msci Singapore Im Etf 10","Unknown","SES"
"O9B.SI","Dbxt Msci Asiapac Exjap Etf 10","Unknown","SES"
"O9C.SI","Dbxt Msci Bangladesh Im Etf 10","Unknown","SES"
"O9D.SI","Dbxt Msci Pakistan Im Etf 10","Unknown","SES"
"O9E.SI","Parkson Retail Asia Limited","Unknown","SES"
"O9KW.SI","Dbs Mb Ecw130102","Unknown","SES"
"O9LW.SI","Yangzijiang Mbl Ecw130102","Unknown","SES"
"O9OW.SI","Biosensors Bp Ecw121002","Unknown","SES"
"O9P.SI","Ishares Usd Asia Hy Bond Etf","Unknown","SES"
"O9Q.SI","Ishares Asia Lc 1-3y Bond Etf","Unknown","SES"
"O9RW.SI","Cosco Corp Bp Ecw120904","Unknown","SES"
"O9XW.SI","Sembcorp Marine Bp Ecw121002","Unknown","SES"
"OJ4.SI","Contel Corporation Limited","Unknown","SES"
"OL9S.SI","Nz10100f 300901","Unknown","SES"
"OM0S.SI","Nx11100x 210601","Unknown","SES"
"OM1S.SI","N511100w 160401","Unknown","SES"
"OM2S.SI","N710100z 170401","Unknown","SES"
"OM3S.SI","Nx04100f 140701","Unknown","SES"
"OM4S.SI","Nx03100z 130701","Unknown","SES"
"OM5S.SI","Ny03100a 180901","Unknown","SES"
"OM7S.SI","Ny01100f 160901","Unknown","SES"
"ON7.SI","Weiye Holdings Limited","Unknown","SES"
"OU8.SI","Centurion Corporation Limited","Unknown","SES"
"OV8.SI","Sheng Siong Group Ltd","Unknown","SES"
"P01.SI","Poh Tiong Choon Logistics Ltd","Unknown","SES"
"P05.SI","People's Food Holdings Limited","Unknown","SES"
"P06.SI","Pca Technology Limited","Unknown","SES"
"P07.SI","Pne Industries Ltd","Unknown","SES"
"P0ZW.SI","Capitaland Mb Ecw120903","Unknown","SES"
"P11.SI","Pacific Andes Resources Devltd","Unknown","SES"
"P12.SI","Powermatic Data Systems Ltd","Unknown","SES"
"P13.SI","Penguin International Limited","Unknown","SES"
"P15.SI","Pacific Century Regional Devts","Unknown","SES"
"P19.SI","Pci Ltd","Unknown","SES"
"P1AW.SI","Nol Mb Ecw120903","Unknown","SES"
"P1FW.SI","Sembcorp Marine Mb Ecw120905","Unknown","SES"
"P1GW.SI","Noble Group Mb Ecw120903","Unknown","SES"
"P1PW.SI","Noble Group Bnp Ecw121002","Unknown","SES"
"P1SW.SI","Biosensors Bp Ecw121002a","Unknown","SES"
"P1TW.SI","Sembcorp Marine Bp Ecw121002a","Unknown","SES"
"P1WW.SI","Sakari Mbecw120822","Unknown","SES"
"P22.SI","Pertama Holdings Limited","Unknown","SES"
"P29.SI","Popular Holdings Limited","Unknown","SES"
"P2CW.SI","Ezra Mb Ecw120904","Unknown","SES"
"P2DW.SI","Genting Sin Mb Ecw120904","Unknown","SES"
"P2IW.SI","Biosensors Mb Ecw120905","Unknown","SES"
"P2KW.SI","Sakari Bp Ecw121002","Unknown","SES"
"P2LW.SI","Dbs Bp Epw121002","Unknown","SES"
"P2P.SI","Lyxor Etf Thai Set 10","Unknown","SES"
"P2Q.SI","Lyxor Etf Indonesia 10","Unknown","SES"
"P2TW.SI","Yanlord Mb Ecw120904","Unknown","SES"
"P2UW.SI","Yangzijiang Mbl Ecw120904","Unknown","SES"
"P30.SI","United Fiber System Limited","Unknown","SES"
"P31.SI","Pharmesis International Ltd.","Unknown","SES"
"P34.SI","Petra Foods Limited","Unknown","SES"
"P36.SI","Pan Hong Property Group Ltd","Unknown","SES"
"P3GW.SI","Indofood Agri Mb Ecw121001","Unknown","SES"
"P40U.SI","Starhill Global Reit","Unknown","SES"
"P47.SI","Pacific Healthcare Hldgs Ltd","Unknown","SES"
"P52.SI","Pan-united Corporation Ltd","Unknown","SES"
"P58.SI","Lyxor China H 10","Unknown","SES"
"P5GW.SI","Ezra Bp Ecw130402","Unknown","SES"
"P5HW.SI","Yanlord Bpecw130402","Unknown","SES"
"P5NW.SI","Capitaland Mb Ecw121001","Unknown","SES"
"P5OW.SI","Capitaland Mb Epw121004","Unknown","SES"
"P5P.SI","Cimb S&p Asia Pacific Dividend","Unknown","SES"
"P60.SI","Lyxor Asia 10","Unknown","SES"
"P6CW.SI","Olam Mb Ecw120903","Unknown","SES"
"P74.SI","China Kangda Food Company Ltd","Unknown","SES"
"P7VU.SI","Hutchison Port Hldgs Trust S$","Unknown","SES"
"P82.SI","Plastoform Holdings Limited","Unknown","SES"
"P8A.SI","Cordlife Group Limited","Unknown","SES"
"P8DW.SI","Dbs Bp Ecw121002a","Unknown","SES"
"P8FW.SI","Indofood Agri Bp Ecw121002","Unknown","SES"
"P8GW.SI","Olam Bp Ecw130403","Unknown","SES"
"P8HW.SI","Stxosv Bp Ecw130103","Unknown","SES"
"P8JW.SI","Noble Group Mb Ecw121002","Unknown","SES"
"P8KW.SI","Stxosv Mb Ecw121002","Unknown","SES"
"P8LW.SI","Yanlord Mb Ecw121002","Unknown","SES"
"P8OW.SI","Sembcorp Marine Mb Ecw121001","Unknown","SES"
"P8PW.SI","Wilmar Mb Ecw121001","Unknown","SES"
"P8Z.SI","Bumitama Agri Ltd.","Unknown","SES"
"P9BW.SI","Ocbc Bk Bp Ecw130103","Unknown","SES"
"P9CW.SI","Ezion Hldg Mb Ecw121002","Unknown","SES"
"P9D.SI","Civmec Limited","Unknown","SES"
"P9FW.SI","Bumitama Agri Mb Ecw120903","Unknown","SES"
"P9GZ.SI","Genting Sps$500m5.125% Perpsec","Unknown","SES"
"P9HW.SI","Singapore Exchangembecw120904","Unknown","SES"
"P9IW.SI","Cosco Corp Mb Ecw121001","Unknown","SES"
"P9J.SI","Global Premium Hotels Limited","Unknown","SES"
"P9KW.SI","Psl Holdings W170422","Unknown","SES"
"PA3.SI","Ta Corporation Ltd","Unknown","SES"
"PA7W.SI","Sti 3100 Mb Ecw130131","Unknown","SES"
"PA8W.SI","Sti 2800 Mb Epw130131","Unknown","SES"
"PA9W.SI","Hsi 21000 Mb Ecw130130","Unknown","SES"
"PB0W.SI","Hsi 18000 Mb Epw130130","Unknown","SES"
"PB5W.SI","Yanlord Bp Ecw121002","Unknown","SES"
"PB6W.SI","Singtel Mb Ecw130301","Unknown","SES"
"PG7W.SI","Eu Yan Sang Intl W161128","Unknown","SES"
"PH0.SI","Vgo Corporation Limited","Unknown","SES"
"PH1S.SI","Na12100n 420202","Unknown","SES"
"PH2S.SI","N212100h 140201","Unknown","SES"
"PM4W.SI","Olam Bp Ecw121002","Unknown","SES"
"PM6W.SI","Stxosv Bp Ecw121002","Unknown","SES"
"PN0W.SI","Kepcorp Bp Epw121002","Unknown","SES"
"PV9W.SI","Genting Sin Rb Ecw120917","Unknown","SES"
"PW3Z.SI","Capitamallastrs$400m3.8%220112","Unknown","SES"
"PW8W.SI","Ccb Bp Ecw121004","Unknown","SES"
"PX3W.SI","R H Energy Ltd W170108","Unknown","SES"
"Q01.SI","Qaf Ltd","Unknown","SES"
"Q0AW.SI","Kepcorp Mb Ecw121101","Unknown","SES"
"Q0BW.SI","Singapore Exchangembepw121203","Unknown","SES"
"Q0F.SI","Ihh Healthcare Berhad","Unknown","SES"
"Q0GW.SI","Hsi 21200 Mb Ecw120830","Unknown","SES"
"Q0HW.SI","Hsi 20800 Mb Epw120830","Unknown","SES"
"Q0IW.SI","Kepcorp Mb Epw121203","Unknown","SES"
"Q0JW.SI","Uob Mb Epw121002","Unknown","SES"
"Q0KW.SI","Olam Mb Ecw130103","Unknown","SES"
"Q0LW.SI","Singapore Exchangembecw121203","Unknown","SES"
"Q0MW.SI","Capitaland Mb Ecw130103","Unknown","SES"
"Q0NW.SI","Dbs Mb Ecw121102","Unknown","SES"
"Q0OW.SI","Sembcorp Marine Mb Ecw121203","Unknown","SES"
"Q0PW.SI","Singapore Exchangembecw121204","Unknown","SES"
"Q0RW.SI","Sti 2700 Mb Epw130328","Unknown","SES"
"Q0SW.SI","Sti 2900 Bp Ecw120830","Unknown","SES"
"Q0TW.SI","Sti 2950 Bp Epw120830","Unknown","SES"
"Q0U.SI","Wing Tai Hldgs Ltd 10","Unknown","SES"
"Q0VW.SI","Bumitama Agri Mb Ecw130103","Unknown","SES"
"Q0W.SI","Jb Foods Limited","Unknown","SES"
"Q0X.SI","Ultro Technologies Limited","Unknown","SES"
"Q0YW.SI","Ultro Technologies Ltd W130613","Unknown","SES"
"Q0ZW.SI","Sti 2950 Mb Epw121031","Unknown","SES"
"Q1AW.SI","Sti 3100 Mb Ecw121031","Unknown","SES"
"Q1BW.SI","Hsi 19400 Mb Epw120927","Unknown","SES"
"Q1CW.SI","Hsi 18400 Mb Epw120927","Unknown","SES"
"Q1DW.SI","Hsi 19800 Mb Ecw120927","Unknown","SES"
"Q1EW.SI","Hsi 18800 Mb Ecw120927","Unknown","SES"
"Q1G.SI","Zagro Asia Limited 20","Unknown","SES"
"Q1HW.SI","Ihhhealthcareberhadrbecw121217","Unknown","SES"
"Q1IW.SI","Ihhhealthcareberhadrbecw121022","Unknown","SES"
"Q1KW.SI","Singapore Exchangerbecw121217a","Unknown","SES"
"Q1MW.SI","Kepcorp Rb Ecw121217a","Unknown","SES"
"Q1NW.SI","Dbs Rb Ecw121217","Unknown","SES"
"Q1P.SI","Ascendas Hospitality Trust","Unknown","SES"
"Q1QW.SI","Ocbc Bk Mb Ecw121203","Unknown","SES"
"Q1RW.SI","Hsi 20800 Mb Ecw120927","Unknown","SES"
"Q1SW.SI","Hsi 20400 Mb Epw120927","Unknown","SES"
"Q1TW.SI","Ihhhealthcareberhadbpecw130402","Unknown","SES"
"Q1UW.SI","Ihhhealthcareberhadbpecw121002","Unknown","SES"
"Q1V.SI","Ascendas Reit.es.1208","Unknown","SES"
"Q1W.SI","Biosensors Int'l Group.es.1208","Unknown","SES"
"Q1X.SI","Capitaland Limited.es.1208","Unknown","SES"
"Q1Y.SI","Capitamall Trust.es.1208","Unknown","SES"
"Q1Z.SI","City Developments.es.1208","Unknown","SES"
"Q2B.SI","Cosco Corporation (s).es.1208","Unknown","SES"
"Q2C.SI","Dbs Group Holdings Ltd.es.1208","Unknown","SES"
"Q2E.SI","Fraser And Neave,.es.1208","Unknown","SES"
"Q2F.SI","Genting Sp.es.1208","Unknown","SES"
"Q2G.SI","Golden Agri-resources.es.1208","Unknown","SES"
"Q2H.SI","Indofood Agri Res.es.1208","Unknown","SES"
"Q2I.SI","Keppel Corporation.es.1208","Unknown","SES"
"Q2J.SI","Keppel Land Limited.es.1208","Unknown","SES"
"Q2L.SI","Midas Hldgs.es.1208","Unknown","SES"
"Q2M.SI","Neptune Orient Lines.es.1208","Unknown","SES"
"Q2N.SI","Noble Group Limited.es.1208","Unknown","SES"
"Q2O.SI","Olam International.es.1208","Unknown","SES"
"Q2P.SI","Oversea-chinesebanking.es.1208","Unknown","SES"
"Q2Q.SI","Sakari Resources.es.1208","Unknown","SES"
"Q2R.SI","Sembcorp Industriesltd.es.1208","Unknown","SES"
"Q2S.SI","Sembcorp Marine Ltd.es.1208","Unknown","SES"
"Q2T.SI","Singapore Airlinesltd.es.1208","Unknown","SES"
"Q2U.SI","Singapore Exchange.es.1208","Unknown","SES"
"Q2V.SI","Singaporepresshldgsltd.es.1208","Unknown","SES"
"Q2X.SI","Singtel.es.1208","Unknown","SES"
"Q3B.SI","United Overseasbankltd.es.1208","Unknown","SES"
"Q3C.SI","Wilmar International.es.1208","Unknown","SES"
"Q3D.SI","Yangzijiang Shipbldg.es.1208","Unknown","SES"
"Q3E.SI","Yanlord Land Group.es.1208","Unknown","SES"
"Q3FW.SI","Ihhhealthcareberhadmbecw121203","Unknown","SES"
"Q3GW.SI","Ihhhealthcareberhadmbecw121101","Unknown","SES"
"Q3HW.SI","Hsi 22000 Mb Ecw130627","Unknown","SES"
"Q3IW.SI","Hsi 18000 Mb Epw130627","Unknown","SES"
"Q3JW.SI","Second Chance Prop W170724","Unknown","SES"
"Q3KW.SI","Genting Sin Mb Ecw130107","Unknown","SES"
"Q3LW.SI","Dbs Mb Epw121018","Unknown","SES"
"Q3MW.SI","Ocbc Bk Mb Epw121018","Unknown","SES"
"Q3NW.SI","Sakari Mbecw130103","Unknown","SES"
"Q3OW.SI","Wilmar Mb Ecw130201","Unknown","SES"
"Q3QW.SI","Hsi 19400 Ub Ecw120927","Unknown","SES"
"Q3RW.SI","Hsi 20000 Ub Ecw120927","Unknown","SES"
"Q3SW.SI","Hsi 18600 Ub Epw120927","Unknown","SES"
"Q3TW.SI","Hsi 19400 Ub Epw120927","Unknown","SES"
"Q3UW.SI","Hsi 20000 Ub Epw120927","Unknown","SES"
"Q3VW.SI","Sti 3000 Bp Ecw120927","Unknown","SES"
"Q3WW.SI","Sti 3000 Bp Epw120927","Unknown","SES"
"Q3XW.SI","Fraser And Neave Mb Ecw121204","Unknown","SES"
"Q3YW.SI","Uob Mb Ecw121101","Unknown","SES"
"Q3ZW.SI","Uob Mb Epw121102","Unknown","SES"
"Q4AW.SI","Singtel Mb Ecw130603","Unknown","SES"
"Q4BW.SI","Capitaland Bp Ecw130402","Unknown","SES"
"Q4CW.SI","Ihhhealthcareberhadbpecw130702","Unknown","SES"
"Q4DW.SI","Kepcorp Bp Epw130103","Unknown","SES"
"Q4EW.SI","Capitaland Mb Epw130103","Unknown","SES"
"Q4FW.SI","Kepcorp Mb Epw121204","Unknown","SES"
"Q4GW.SI","Sembcorp Marine Mb Epw130103","Unknown","SES"
"Q4HW.SI","Capitaland Mb Ecw130204","Unknown","SES"
"Q4IW.SI","Dbs Mb Ecw121203","Unknown","SES"
"Q4JW.SI","Hsi 21800 Mb Ecw120927","Unknown","SES"
"Q4LW.SI","Kepcorp Mb Ecw121203","Unknown","SES"
"Q4MW.SI","Olam Mb Ecw130201","Unknown","SES"
"Q4NW.SI","Sembcorp Marine Mb Ecw130104","Unknown","SES"
"Q4OW.SI","Sti 3250 Mb Ecw121231","Unknown","SES"
"Q4PW.SI","Sti 3100 Mb Epw121231","Unknown","SES"
"Q4QW.SI","Yanlord Mb Ecw130201","Unknown","SES"
"Q4RW.SI","Cosco Corp Mb Ecw130204","Unknown","SES"
"Q4SW.SI","Ocbc Bk Mb Epw121203","Unknown","SES"
"Q4TW.SI","Singapore Exchangembepw121204","Unknown","SES"
"Q4UW.SI","Dbs Mb Epw121101","Unknown","SES"
"Q4VW.SI","Sti 2950 Bp Epw121228","Unknown","SES"
"Q4WW.SI","Sti 3150 Bp Ecw121228","Unknown","SES"
"Q4XW.SI","Dbs Bp Ecw130103","Unknown","SES"
"Q4YW.SI","Dbs Bp Ecw130402","Unknown","SES"
"Q4ZW.SI","Dbs Bp Epw130103","Unknown","SES"
"Q5AW.SI","Kepcorp Bp Ecw130103","Unknown","SES"
"Q5BW.SI","Ocbc Bk Bp Ecw130402","Unknown","SES"
"Q5CW.SI","Sembcorp Marine Bp Ecw130103","Unknown","SES"
"Q5DW.SI","Singapore Exchangebpecw130103","Unknown","SES"
"Q5EW.SI","Uob Bp Ecw130103","Unknown","SES"
"Q5FW.SI","Olam Bp Ecw130702","Unknown","SES"
"Q5HW.SI","Stxosv Bp Ecw130402","Unknown","SES"
"Q5IW.SI","Hsi 20800 Ub Ecw121030","Unknown","SES"
"Q5JW.SI","Hsi 20400 Ub Epw121030","Unknown","SES"
"Q5LW.SI","Wilmar Bp Ecw130402","Unknown","SES"
"Q5MW.SI","Hsi 19200 Bp Epw121030","Unknown","SES"
"Q5NW.SI","Uob Bp Epw130103","Unknown","SES"
"Q5OW.SI","Noble Group Mb Ecw130201","Unknown","SES"
"Q5PW.SI","Stxosv Mb Ecw130201","Unknown","SES"
"Q5QW.SI","Wilmar Mb Ecw130102","Unknown","SES"
"Q5RW.SI","Wilmar Mb Epw130116","Unknown","SES"
"Q5SW.SI","Ezion Mb Ecw130301","Unknown","SES"
"Q5T.SI","Far East Hospitality Trust","Unknown","SES"
"Q5V.SI","Biosensors Int'l Group.es.1209","Unknown","SES"
"Q5W.SI","Capitaland Limited.es.1209","Unknown","SES"
"Q5X.SI","Capitamall Trust.es.1209","Unknown","SES"
"Q5Y.SI","City Developments.es.1209","Unknown","SES"
"Q6A.SI","Cosco Corporation (s).es.1209","Unknown","SES"
"Q6B.SI","Dbs Group Holdings Ltd.es.1209","Unknown","SES"
"Q6C.SI","Ezra Holdings.es.1209","Unknown","SES"
"Q6D.SI","Fraser And Neave,.es.1209","Unknown","SES"
"Q6E.SI","Genting Sp.es.1209","Unknown","SES"
"Q6F.SI","Golden Agri-resources.es.1209","Unknown","SES"
"Q6G.SI","Indofood Agri Res.es.1209","Unknown","SES"
"Q6H.SI","Keppel Corporation.es.1209","Unknown","SES"
"Q6I.SI","Keppel Land Limited.es.1209","Unknown","SES"
"Q6K.SI","Midas Hldgs.es.1209","Unknown","SES"
"Q6L.SI","Neptune Orient Lines.es.1209","Unknown","SES"
"Q6M.SI","Noble Group Limited.es.1209","Unknown","SES"
"Q6N.SI","Olam International.es.1209","Unknown","SES"
"Q6O.SI","Oversea-chinesebanking.es.1209","Unknown","SES"
"Q6Q.SI","Sembcorp Industriesltd.es.1209","Unknown","SES"
"Q6R.SI","Sembcorp Marine Ltd.es.1209","Unknown","SES"
"Q6S.SI","Singapore Airlinesltd.es.1209","Unknown","SES"
"Q6T.SI","Singapore Exchange.es.1209","Unknown","SES"
"Q6U.SI","Singaporepresshldgsltd.es.1209","Unknown","SES"
"Q6V.SI","Singaporetechengineeri.es.1209","Unknown","SES"
"Q7A.SI","United Overseasbankltd.es.1209","Unknown","SES"
"Q7B.SI","Wilmar International.es.1209","Unknown","SES"
"Q7C.SI","Yangzijiang Shipbldg.es.1209","Unknown","SES"
"Q7D.SI","Yanlord Land Group.es.1209","Unknown","SES"
"Q7ER.SI","Stratech Systems Limited R","Unknown","SES"
"Q7GW.SI","Ftsechinaa50 8000 Mbecw130130","Unknown","SES"
"Q7IW.SI","Hsi 20400 Mb Ecw121030","Unknown","SES"
"Q7JW.SI","Hsi 20000 Mb Epw121030","Unknown","SES"
"Q7KW.SI","Hsi 19400 Mb Ecw121030","Unknown","SES"
"Q7LW.SI","Hsi 19000 Mb Epw121030","Unknown","SES"
"Q7MW.SI","Hsi 20400 Ub Ecw121030","Unknown","SES"
"Q7NW.SI","Hsi 21000 Ub Ecw121030","Unknown","SES"
"Q7OW.SI","Hsi 19000 Ub Epw121030","Unknown","SES"
"Q7PW.SI","Hsi 19800 Ub Epw121030","Unknown","SES"
"Q7Q.SI","Surface Mount Tech (hldgs) Ltd","Unknown","SES"
"Q7RW.SI","Dbs Mb Ecw121205","Unknown","SES"
"Q7TW.SI","Genting Sin Mb Ecw130401","Unknown","SES"
"Q7UW.SI","Kepcorp Mb Ecw130102","Unknown","SES"
"Q7VW.SI","Ocbc Bk Mb Ecw130102","Unknown","SES"
"Q7W.SI","Lantrovision (s) Ltd","Unknown","SES"
"Q7X.SI","Lantrovision (s) Ltd 10","Unknown","SES"
"Q8AW.SI","Noble Group Mb Ecw130401","Unknown","SES"
"Q8BW.SI","Uob Mb Ecw130104","Unknown","SES"
"Q8CW.SI","Uob Mb Epw130104","Unknown","SES"
"Q8DW.SI","Biosensors Mb Ecw130603","Unknown","SES"
"Q8EW.SI","Ezra Mb Ecw130603","Unknown","SES"
"Q8FW.SI","Nol Mb Ecw130604","Unknown","SES"
"QC5W.SI","Capitaland Mb Ecw120904","Unknown","SES"
"QC6W.SI","Dbs Mb Ecw120904","Unknown","SES"
"QC7.SI","Q & M Dental Group (s) Limited","Unknown","SES"
"QD0W.SI","Ftsechinaa50 9000 Mbecw130130","Unknown","SES"
"QD1W.SI","Ftsechinaa50 8000 Mbepw130130","Unknown","SES"
"QD6W.SI","Indofood Agri Mb Ecw121101","Unknown","SES"
"QD8W.SI","Ezra Mb Ecw121101","Unknown","SES"
"QD9W.SI","Biosensors Mb Ecw121101","Unknown","SES"
"QE0W.SI","Nol Mb Ecw121101","Unknown","SES"
"QE1W.SI","Sakari Mbecw121102","Unknown","SES"
"QE8W.SI","Sti 2950 Mbecw120831","Unknown","SES"
"QE9W.SI","Sti 2850 Mbepw120831","Unknown","SES"
"QF0W.SI","Kepcorp Mb Ecw121001","Unknown","SES"
"QF1W.SI","Wilmar Mb Ecw121102","Unknown","SES"
"QF2W.SI","Olam Mb Ecw121005","Unknown","SES"
"QF6.SI","Swee Hong Limited","Unknown","SES"
"QF8W.SI","Noble Group Mb Ecw121105","Unknown","SES"
"QG1.SI","Metech International Limited","Unknown","SES"
"QK3W.SI","Cosco Corp Mb Ecw121105","Unknown","SES"
"QK4W.SI","Uob Mb Ecw121001","Unknown","SES"
"QK5W.SI","Ocbc Bk Mb Ecw121001","Unknown","SES"
"QK6W.SI","Kepcorp Mb Ecw121002","Unknown","SES"
"QK7W.SI","Genting Sin Mb Ecw121105","Unknown","SES"
"QK8W.SI","Nol Mb Ecw121203","Unknown","SES"
"QK9.SI","Is Msci India 100 S$","Unknown","SES"
"QL0.SI","Ishares Asia Lc1-3ybond Etf S$","Unknown","SES"
"QL1.SI","Ishares Asialoc Curbond Etf S$","Unknown","SES"
"QL2.SI","Ishares Usd Asia Bond Etf S$","Unknown","SES"
"QL3.SI","Ishares Usd Asia Hy Bond Etfs$","Unknown","SES"
"QL8W.SI","Noble Group Bp Ecw130402","Unknown","SES"
"QM2W.SI","Hsi 19600 Bp Ecw120830","Unknown","SES"
"QM3W.SI","Hsi 17400 Bp Epw120830","Unknown","SES"
"QM5W.SI","Capitaland Bp Ecw130103","Unknown","SES"
"QM6W.SI","Sakari Bp Ecw121002a","Unknown","SES"
"QM7W.SI","Uob Bp Ecw121002","Unknown","SES"
"QM8W.SI","Wilmar Bp Ecw130103a","Unknown","SES"
"QM9W.SI","Uob Bp Epw121002","Unknown","SES"
"QN7W.SI","Baker Technology Ltd W150605","Unknown","SES"
"QN8W.SI","Dbs Rb Ecw120910","Unknown","SES"
"QN9W.SI","Olam Rb Ecw121210","Unknown","SES"
"QO0W.SI","Olam Rb Ecw121217","Unknown","SES"
"QO1W.SI","Sembcorp Marine Rb Ecw121217","Unknown","SES"
"QO2W.SI","Sembcorp Marine Rb Ecw120917","Unknown","SES"
"QO3W.SI","Kepcorp Rb Ecw120917","Unknown","SES"
"QO4W.SI","Kepcorp Rb Ecw121217","Unknown","SES"
"QO5W.SI","Uob Rb Ecw121119","Unknown","SES"
"QO6W.SI","Uob Rb Ecw121022","Unknown","SES"
"QO7W.SI","Wilmar Rb Ecw120917","Unknown","SES"
"QO9W.SI","Dbs Mb Epw121001","Unknown","SES"
"QP0W.SI","Olam Mb Ecw121203","Unknown","SES"
"QP1W.SI","Sakari Mbecw121203","Unknown","SES"
"QP2W.SI","Wilmar Mb Ecw121203","Unknown","SES"
"QP3W.SI","Ftsechinaa50 8500 Mbecw121129","Unknown","SES"
"QP5W.SI","Ftsechinaa50 7500 Mbepw121129","Unknown","SES"
"QP9W.SI","Sti 2750 Mb Ecw120831","Unknown","SES"
"QQ0W.SI","Sti 2650 Mb Epw120831","Unknown","SES"
"QQ1W.SI","Dbs Bp Ecw121002b","Unknown","SES"
"QQ2W.SI","Dbs Bp Epw121002a","Unknown","SES"
"QQ3W.SI","Kepcorp Bp Ecw121002a","Unknown","SES"
"QQ4W.SI","Olam Bp Ecw130103","Unknown","SES"
"QQ5W.SI","Singapore Exchange Bpecw121002","Unknown","SES"
"QQ6W.SI","Biosensors Bp Ecw130702","Unknown","SES"
"QQ7W.SI","Genting Sin Bp Ecw130402","Unknown","SES"
"QQ8W.SI","Indofood Agri Bp Ecw130402","Unknown","SES"
"QQ9W.SI","Ocbc Bk Bp Ecw130103a","Unknown","SES"
"QR0W.SI","Yangzijiang Bp Ecw130402a","Unknown","SES"
"QR1W.SI","Yangzijiang Mb Ecw121203","Unknown","SES"
"QR2W.SI","Yanlord Mb Ecw121203","Unknown","SES"
"QR3W.SI","Uob Mb Epw121001","Unknown","SES"
"QR4W.SI","Sembcorp Marine Mb Epw121203","Unknown","SES"
"QR5W.SI","Kepcorp Mb Epw121101","Unknown","SES"
"QR6W.SI","Capitaland Mb Epw121203","Unknown","SES"
"QR7W.SI","Indofood Agri Mb Ecw121203","Unknown","SES"
"QR8W.SI","Stxosv Mb Ecw121203","Unknown","SES"
"QR9.SI","Cimb S&p Asia Pac Dividend S$","Unknown","SES"
"QS0.SI","Cimb Ft Asean 40 100 S$","Unknown","SES"
"QS1W.SI","Capitaland Bp Epw130702","Unknown","SES"
"QS2W.SI","Capitaland Rb Ecw121119","Unknown","SES"
"QS3W.SI","Capitaland Rb Ecw121217","Unknown","SES"
"QS4W.SI","Noble Group Rb Ecw130121","Unknown","SES"
"QS5W.SI","Hsi 20200 Mb Ecw120830","Unknown","SES"
"QS6W.SI","Hsi 19200 Mb Ecw120830","Unknown","SES"
"QS7W.SI","Hsi 19800 Mb Epw120830","Unknown","SES"
"QS8W.SI","Hsi 18800 Mb Epw120830","Unknown","SES"
"QS9.SI","Radiance Group Limited","Unknown","SES"
"QT0W.SI","Hsi 19000 Ub Ecw120830","Unknown","SES"
"QT1W.SI","Hsi 20400 Ub Ecw120830","Unknown","SES"
"QT2W.SI","Hsi 19000 Ub Epw120830","Unknown","SES"
"QT3W.SI","Ftsechinaa50 8000 Mbecw120830","Unknown","SES"
"QT4W.SI","Ftsechinaa50 8400 Mbecw120830","Unknown","SES"
"QT5W.SI","Ftsechinaa50 7800 Mbepw120830","Unknown","SES"
"QT6W.SI","Ftsechinaa50 8200 Mbepw120830","Unknown","SES"
"QX3.SI","Radiance Group Limited 50","Unknown","SES"
"QX4W.SI","Metech International W150627","Unknown","SES"
"QX7W.SI","Ocbc Bk Bp Epw130103","Unknown","SES"
"QX9W.SI","Sti 2850 Bp Ecw120830","Unknown","SES"
"QY0W.SI","Ocbc Bk Mb Ecw121101","Unknown","SES"
"QY1W.SI","Uob Mb Ecw121002","Unknown","SES"
"QY2W.SI","Yanlord Mb Ecw121204","Unknown","SES"
"QY5W.SI","Hsi 20000 Bp Ecw120927","Unknown","SES"
"QY6W.SI","Hsi 20400 Bp Ecw121228","Unknown","SES"
"QY7W.SI","Hsi 17800 Bp Epw121228","Unknown","SES"
"QY8W.SI","Hsi 18200 Bp Epw120927","Unknown","SES"
"QY9W.SI","Hscei 10000 Bp Ecw121228","Unknown","SES"
"QZ1W.SI","Dbs Mb Ecw121101","Unknown","SES"
"QZ2W.SI","Genting Sin Mb Epw130103","Unknown","SES"
"QZ3W.SI","Ocbc Bk Mb Epw121105","Unknown","SES"
"QZ4W.SI","Wilmar Mb Epw130103","Unknown","SES"
"QZ5W.SI","Biosensors Mb Epw130103","Unknown","SES"
"QZ6W.SI","Noble Group Mb Epw130103","Unknown","SES"
"QZ7W.SI","Sakari Mbepw130103","Unknown","SES"
"R01.SI","Raffles Medical Group Ltd","Unknown","SES"
"R07.SI","Rotary Engineering Limited","Unknown","SES"
"R14.SI","Ramba Energy Limited","Unknown","SES"
"S05.SI","Sim Lian Group Limited","Unknown","SES"
"S07.SI","Shangri-la Asia Limited","Unknown","SES"
"S08.SI","Singapore Post Limited","Unknown","SES"
"S10.SI","Super Group Ltd.","Unknown","SES"
"S13.SI","Sp Corporation Limited","Unknown","SES"
"S18B.SI","Sengkangm S$201m4.88%sb121120","Unknown","SES"
"S19.SI","Singapore Shipping Corp Ltd","Unknown","SES"
"S20.SI","Straits Trading Co. Ltd","Unknown","SES"
"S21.SI","Genting Hong Kong Limited","Unknown","SES"
"S23.SI","Singapura Finance Ltd","Unknown","SES"
"S24.SI","Stats Chippac Ltd","Unknown","SES"
"S27.SI","Spdr S&p 500 Etf Trust","Unknown","SES"
"S28B.SI","Sengkangmall S$134m8%jb121120","Unknown","SES"
"S29.SI","Stamford Tyres Corporationltd","Unknown","SES"
"S30.SI","Singapore Land Limited","Unknown","SES"
"S35.SI","Sing Investments & Finance Ltd","Unknown","SES"
"S38.SI","Sunray Holdings Limited","Unknown","SES"
"S41.SI","Hong Leong Finance Limited","Unknown","SES"
"S44.SI","Engro Corporation Limited","Unknown","SES"
"S45U.SI","Singapore Index Fund","Unknown","SES"
"S46.SI","San Teh Limited","Unknown","SES"
"S47.SI","Superior Multi-packaging Ltd","Unknown","SES"
"S48.SI","Superbowl Holdings Limited","Unknown","SES"
"S49.SI","Singapore Reinsurance Cor Ltd","Unknown","SES"
"S51.SI","Sembcorp Marine Ltd","Unknown","SES"
"S53.SI","Smrt Corporation Ltd","Unknown","SES"
"S56.SI","Samudera Shipping Line Ltd","Unknown","SES"
"S57.SI","Surface Mount Tech (hldgs) Ltd","Unknown","SES"
"S58.SI","Sats Ltd.","Unknown","SES"
"S59.SI","Sia Engineering Co Ltd","Unknown","SES"
"S61.SI","Sbs Transit Ltd","Unknown","SES"
"S63.SI","Singapore Tech Engineering Ltd","Unknown","SES"
"S68.SI","Singapore Exchange Limited","Unknown","SES"
"S69.SI","Serial System Ltd","Unknown","SES"
"S71.SI","Sunright Ltd","Unknown","SES"
"S73.SI","Stratech Systems Limited","Unknown","SES"
"S85.SI","Straco Corporation Limited","Unknown","SES"
"S91.SI","Chinavision Media Grp Limited","Unknown","SES"
"T03.SI","Tat Hong Holdings Ltd","Unknown","SES"
"T04.SI","Thakral Corporation Ltd","Unknown","SES"
"T06.SI","Tiong Woon Corp Holding Ltd","Unknown","SES"
"T08.SI","Tye Soon Ltd","Unknown","SES"
"T09.SI","Tt International Limited","Unknown","SES"
"T12.SI","Tat Seng Packaging Group Ltd","Unknown","SES"
"T13.SI","Rh Petrogas Limited","Unknown","SES"
"T14.SI","Tianjin Zhong Xin Pharm Group","Unknown","SES"
"T15.SI","Tan Chong Int'l Ltd","Unknown","SES"
"T16.SI","China Dairy Group Ltd","Unknown","SES"
"T18.SI","Tpv Technology Limited","Unknown","SES"
"T19.SI","Transview Holdings Limited","Unknown","SES"
"T20.SI","Scintronix Corporation Ltd.","Unknown","SES"
"T24.SI","Tuan Sing Holdings Limited","Unknown","SES"
"T26.SI","Tsit Wing Intl Holdings Ltd","Unknown","SES"
"T28.SI","Teledata (singapore) Ltd","Unknown","SES"
"T35.SI","Sunningdale Tech Ltd","Unknown","SES"
"T39.SI","Singapore Press Hldgs Ltd","Unknown","SES"
"T41.SI","Telechoice International Ltd","Unknown","SES"
"T42.SI","China Auto Electronics Grp Ltd","Unknown","SES"
"T43.SI","Techcomp (holdings) Limited","Unknown","SES"
"T55.SI","Transpac Industrial Hldgs Ltd","Unknown","SES"
"T57.SI","Shanghai Asia Holdings Limited","Unknown","SES"
"T77.SI","Southern Packaging Group Ltd","Unknown","SES"
"T80.SI","Sinobest Technology Hldgs Ltd.","Unknown","SES"
"T82U.SI","Suntec Real Estate Inv Trust","Unknown","SES"
"U01.SI","United Food Holdings Limited","Unknown","SES"
"U04.SI","United Engineers Ltd Ord","Unknown","SES"
"U05.SI","United Engineers 7.5% Cum Pref","Unknown","SES"
"U06.SI","United Industrial Corp Ltd","Unknown","SES"
"U07.SI","United Intl Securities Ltd","Unknown","SES"
"U09.SI","Upp Holdings Limited","Unknown","SES"
"U10.SI","Uob-kay Hian Holdings Limited","Unknown","SES"
"U11.SI","United Overseas Bank Ltd","Unknown","SES"
"U13.SI","United Overseas Insurance Ltd","Unknown","SES"
"U14.SI","Uol Group Limited","Unknown","SES"
"U18.SI","Unified Communications Hldgltd","Unknown","SES"
"U19.SI","United Envirotech Ltd","Unknown","SES"
"U77.SI","Sarin Technologies Ltd","Unknown","SES"
"U96.SI","Sembcorp Industries Ltd","Unknown","SES"
"V01.SI","Vicom Ltd","Unknown","SES"
"V03.SI","Venture Corporation Limited","Unknown","SES"
"V69.SI","Union Steel Holdings Limited","Unknown","SES"
"W01.SI","Wbl Corporation Limited","Unknown","SES"
"W05.SI","Wing Tai Hldgs Ltd","Unknown","SES"
"W12.SI","Willas-array Elec (hldgs) Ltd","Unknown","SES"
"W81.SI","Sky China Petroleum Svcs Ltd.","Unknown","SES"
"X04.SI","Sp Ausnet","Unknown","SES"
"X06.SI","Sinopipe Holdings Limited","Unknown","SES"
"X27.SI","Shanghai Turbo Enterprises Ltd","Unknown","SES"
"X64.SI","Star Pharmaceutical Limited","Unknown","SES"
"Y02.SI","Yongnam Holdings Limited","Unknown","SES"
"Y03.SI","Yeo Hiap Seng Ltd","Unknown","SES"
"Y06.SI","Youcan Foods International Ltd","Unknown","SES"
"Y07.SI","Global Yellow Pages Limited","Unknown","SES"
"Y08.SI","Yhi International Limited","Unknown","SES"
"Y34.SI","Sunshine Holdings Limited","Unknown","SES"
"Y35.SI","Sun East Group Limited","Unknown","SES"
"Y45.SI","Singapore Windsor Holdings Ltd","Unknown","SES"
"Y92.SI","Thai Beverage Public Co Ltd","Unknown","SES"
"Z01.SI","Zagro Asia Limited","Unknown","SES"
"Z02.SI","China Powerplus Limited","Unknown","SES"
"Z25.SI","Yanlord Land Group Limited","Unknown","SES"
"Z59.SI","Yoma Strategic Holdings Ltd","Unknown","SES"
"Z74.SI","Singtel","Unknown","SES"
"Z75.SI","Synear Food Holdings Limited","Unknown","SES"
"Z77.SI","Singtel 10","Unknown","SES"
"Z78.SI","Singtel 100","Unknown","SES"
