"Code","Symbol","Industry","Board"
"ABRD.ME","Abrau-Durso PAO","Unknown","MCX"
"AESL.ME","TPG Aessel PAO","Unknown","MCX"
"AFKS.ME","AFK Sistema OAO","Unknown","MCX"
"AFLT.ME","Aeroflot-Rossiyskiye Avialinii PAO","Unknown","MCX"
"AGRE.ME","AGAVA-Resurs ao","Unknown","MCX"
"AKHA.ME","PAVA OAO","Unknown","MCX"
"AKRN.ME","Akron OAO","Unknown","MCX"
"ALBK.ME","Best Efforts Bank PAO","Unknown","MCX"
"ALNU.ME","ALROSA-Nyurba OAO","Unknown","MCX"
"ALRS.ME","AK Alrosa PAO","Unknown","MCX"
"AMEZ.ME","Ashinskiy Metzavod PAO","Unknown","MCX"
"APDS.ME","Apparatura dal. svyazi ao","Unknown","MCX"
"APDSP.ME","Apparatura dal. svyazi ap","Unknown","MCX"
"APTK.ME","Aptechnaya set' 36,6'' PAO","Unknown","MCX"
"AQUA.ME","Russkaya akvakul'tura PAO","Unknown","MCX"
"ARMD.ME","Armada PAO","Unknown","MCX"
"ARSA.ME","ARSAGERA MGMT CO RUB1(RUB)","Unknown","MCX"
"ARSB.ME","Àrhenergosbyt ao","Unknown","MCX"
"ARSBP.ME","Àrhenergosbyt ap","Unknown","MCX"
"ASSB.ME","Astrakhanskaya energosbyt. komp. OAO (P)","Unknown","MCX"
"AVAN.ME","AKB Avangard PAO","Unknown","MCX"
"AVAZ.ME","AVTOVAZ OAO","Unknown","MCX"
"AVAZP.ME","AVTOVAZ OAO","Unknown","MCX"
"AZKM.ME","Azot","Unknown","MCX"
"BACT.ME","BiznesAktiv OAO","Unknown","MCX"
"BANE.ME","ANK Bashneft' PAO","Unknown","MCX"
"BANEP.ME","ANK Bashneft' PAO","Unknown","MCX"
"BEGY.ME","Bashkirenergo OAO","Unknown","MCX"
"BEGYP.ME","Bashkirenergo ap","Unknown","MCX"
"BFMA.ME","Bakaleynye fabriki M. Antonova OAO (P)","Unknown","MCX"
"BGDE.ME","Bogorodskiye Delikatesy PAO","Unknown","MCX"
"BISV.ME","Bashinformsvyaz' PAO (P)","Unknown","MCX"
"BISVP.ME","Bashinformsvyaz' PAO (P)","Unknown","MCX"
"BLNG.ME","Belon OAO","Unknown","MCX"
"BNSB.ME","Bryanskenergosbyt ao","Unknown","MCX"
"BNSBP.ME","Bryanskenergosbyt ap","Unknown","MCX"
"BRZL.ME","Buryatzoloto OAO","Unknown","MCX"
"BSPB.ME","Bank Sankt-Peterburg PAO","Unknown","MCX"
"BSPBP.ME","Bank Sankt-Peterburg PAO","Unknown","MCX"
"CBOM.ME","Moskovskiy Kreditnyi Bank OAO","Unknown","MCX"
"CHEP.ME","Chelyabinskiy truboprokatnyi zavod OAO","Unknown","MCX"
"CHGZ.ME","Chernogorneft' OAO (P)","Unknown","MCX"
"CHKZ.ME","CHELYABINSK FORGE& RUB200(RUB)","Unknown","MCX"
"CHMF.ME","Severstal' PAO","Unknown","MCX"
"CHMK.ME","Chelyabinskiy Metallurgicheskiy Kmbt PAO","Unknown","MCX"
"CHMZ.ME","ChMW ao","Unknown","MCX"
"CHSB.ME","Chita Energo Sbyt","Unknown","MCX"
"CHSBP.ME","Chita Energo Sbyt (pref)","Unknown","MCX"
"CHZN.ME","Chelyabinskiy tsinkovyi zavod OAO","Unknown","MCX"
"CITB.ME","KIT Finans Bank ao [T 2 Market]","Unknown","MCX"
"CLSB.ME","Chelyabenergosbyt PAO (P)","Unknown","MCX"
"CLSBP.ME","Chelyabenergosbyt PAO (P)","Unknown","MCX"
"CNTL.ME","Tsentral'nyi Telegraf PAO","Unknown","MCX"
"CNTLP.ME","Tsentral'nyi Telegraf PAO","Unknown","MCX"
"DALM.ME","Dal'energomash PAO","Unknown","MCX"
"DASB.ME","Dagestanskaya energosbytovaya kompan OAO","Unknown","MCX"
"DGBZ.ME","Dorogobuzh PAO","Unknown","MCX"
"DGBZP.ME","Dorogobuzh PAO","Unknown","MCX"
"DIKO.ME","DIK ao","Unknown","MCX"
"DIOD.ME","DIOD OAO","Unknown","MCX"
"DIXY.ME","Dixy Group PAO","Unknown","MCX"
"DLVB.ME","DalVostochny Bank","Unknown","MCX"
"DLVBP.ME","DalVostochny Bank p","Unknown","MCX"
"DNKOP.ME","Imeni Geroya VOV Danil'chenko V.I. PAO","Unknown","MCX"
"DVEC.ME","Dal'nevostochnaya Energtchskya Kmpny PAO","Unknown","MCX"
"DZRD.ME","Donskoy plant of radio components OJSC","Unknown","MCX"
"DZRDP.ME","DZRD pref.","Unknown","MCX"
"ELTZ.ME","Elektrotsink OAO","Unknown","MCX"
"ENRU.ME","Enel Rossiya PAO","Unknown","MCX"
"EPLN.ME","Yevroplan PAO","Unknown","MCX"
"ERAV.ME","IK RIA Era Vodoleya OAO (P)","Unknown","MCX"
"ERCO.ME","Energeticheskaya Russkaya Komp. OAO (P)","Unknown","MCX"
"ERMK.ME","Yermak Invest OAO","Unknown","MCX"
"ETGK.ME","Yeniseyskaya TGK (TGK-13) OAO","Unknown","MCX"
"EVCO.ME","EVC ý [T 2 Market]","Unknown","MCX"
"FEES.ME","FSK YeES PAO","Unknown","MCX"
"FESH.ME","Dal'nevostochnoye Morskoye Parkhdstv PAO","Unknown","MCX"
"FLKO.ME","Finansovaya Lizingovaya Komp. OAO (P)","Unknown","MCX"
"FORTP.ME","Fort OAO","Unknown","MCX"
"FSRV.ME","FinServis","Unknown","MCX"
"GAZA.ME","GAZ OAO","Unknown","MCX"
"GAZAP.ME","GAZ OAO","Unknown","MCX"
"GAZC.ME","Gazkon OAO","Unknown","MCX"
"GAZP.ME","Gazprom PAO","Unknown","MCX"
"GAZS.ME","Gaz-servis OAO","Unknown","MCX"
"GAZT.ME","GAZ-Tek OAO (Parent)","Unknown","MCX"
"GCHE.ME","Gruppa Cherkizovo PAO","Unknown","MCX"
"GMKN.ME","GMK Noril'skiy nikel' PAO","Unknown","MCX"
"GRAZ.ME","Gruppa Razgulyay PAO","Unknown","MCX"
"GRNT.ME","Gorodskiye Innovatsionnye TekhnologiiPAO","Unknown","MCX"
"GTLC.ME","GTL OAO","Unknown","MCX"
"GTPR.ME","GlavTorgProdukt","Unknown","MCX"
"GTSS.ME","Geotek Seysmorazvedka PAO","Unknown","MCX"
"GUMM.ME","TD GUM PAO","Unknown","MCX"
"HALS.ME","GALS-Development PAO","Unknown","MCX"
"HIMC.ME","Khimprom PAO","Unknown","MCX"
"HIMCP.ME","Khimprom PAO","Unknown","MCX"
"HMBO.ME","Khanty-Mansiyskiy Bank Otkrytiye PAO","Unknown","MCX"
"HYDR.ME","Federal Hydro-Generating Co RusHydro PAO","Unknown","MCX"
"IDJT.ME","Idzhat PAO","Unknown","MCX"
"IDVP.ME","Invest-Development PAO","Unknown","MCX"
"IGST.ME","Izhstal' OAO (P)","Unknown","MCX"
"IGSTP.ME","Izhstal ap","Unknown","MCX"
"IKAR.ME","Ikar","Unknown","MCX"
"IRAO.ME","Inter RAO YEES PAO","Unknown","MCX"
"IRGZ.ME","Irkutskenergo PAO","Unknown","MCX"
"IRKT.ME","NP korporatsiya Irkut PAO","Unknown","MCX"
"IRSG.ME","Mezhreg.stabilizats.gruppa","Unknown","MCX"
"ISKJ.ME","Institut Stvolovykh Kletok Cheloveka OAO","Unknown","MCX"
"IVSB.ME","Ivenergosbyt ao","Unknown","MCX"
"IVSBP.ME","Ivenergosbyt ap","Unknown","MCX"
"JNOS.ME","Slavneft'-Yaroslavnefteorgsintez OAO","Unknown","MCX"
"JNOSP.ME","Slavneft'-Yaroslavnefteorgsintez OAO","Unknown","MCX"
"KAZT.ME","KuybyshevAzot OAO","Unknown","MCX"
"KAZTP.ME","KuybyshevAzot OAO","Unknown","MCX"
"KBSB.ME","Kuban'energosbyt OAO","Unknown","MCX"
"KBTK.ME","Kuzbasskaya Toplivnaya Kompaniya PAO","Unknown","MCX"
"KCHE.ME","Kamchatskenergo PAO","Unknown","MCX"
"KCHEP.ME","Kamchatskenergo PAO","Unknown","MCX"
"KDSK.ME","Kamskiy domostr. kombinat ao","Unknown","MCX"
"KGKC.ME","Kurganskaya gnrryshchy kmpny","Unknown","MCX"
"KGKCP.ME","Kurganskaja Gener.Kompanija ap","Unknown","MCX"
"KHEL.ME","Kazanskiy Vertoletnyi Zavod PAO","Unknown","MCX"
"KISB.ME","Kirovenergosbyt OAO (P)","Unknown","MCX"
"KISBP.ME","Kirovenergosbyt OAO (P)","Unknown","MCX"
"KLSB.ME","Kaluzhskaya sbytovaya kompaniya OAO","Unknown","MCX"
"KMAZ.ME","Kamaz PAO","Unknown","MCX"
"KMEZ.ME","Kovrovskiy mekhanicheskiy zavod PAO","Unknown","MCX"
"KMTZ.ME","Kosogorskiy Metallurgicheskiy Zavod PAO","Unknown","MCX"
"KOGK.ME","Korshunovskiy GOK OAO","Unknown","MCX"
"KOMM.ME","BF Kommunar PAO (P)","Unknown","MCX"
"KOSB.ME","KolEnergoSbyt","Unknown","MCX"
"KOSBP.ME","KolEnergoSbyt (pref)","Unknown","MCX"
"KRGE.ME","Kurganenergo ao","Unknown","MCX"
"KRGEP.ME","Kurganenergo ap","Unknown","MCX"
"KRKN.ME","Saratovskiy NPZ PAO","Unknown","MCX"
"KRKNP.ME","Saratovskiy NPZ PAO","Unknown","MCX"
"KRKO.ME","Krasnyi kotel'shchik TKZ OAO","Unknown","MCX"
"KRKOP.ME","Krasnyi kotel'shchik TKZ OAO","Unknown","MCX"
"KROT.ME","MKF Krasnyi Oktyabr' OAO","Unknown","MCX"
"KROTP.ME","MKF Krasnyi Oktyabr' OAO","Unknown","MCX"
"KRSB.ME","Krasnoyarskenergosbyt PAO (P)","Unknown","MCX"
"KRSBP.ME","Krasnoyarskenergosbyt PAO (P)","Unknown","MCX"
"KRSG.ME","Krasnoyarskaya GES PAO","Unknown","MCX"
"KSGR.ME","Koks OAO","Unknown","MCX"
"KTSB.ME","Kostromskaya Sbytovaya Kompaniya PAO (P)","Unknown","MCX"
"KTSBP.ME","Kostromskaya Sbytovaya Kompaniya PAO (P)","Unknown","MCX"
"KUBE.ME","Kuban'energo PAO","Unknown","MCX"
"KUNF.ME","Kamensk Ural. ZO tsvetnykh metal OAO (P)","Unknown","MCX"
"KUOS.ME","KNOS","Unknown","MCX"
"KUSB.ME","Kurskregionenergosby ao","Unknown","MCX"
"KUSBP.ME","Kurskregionenergosby (pref)","Unknown","MCX"
"KUSTP.ME","Kubanskaya step' PAO (P)","Unknown","MCX"
"KUZB.ME","Bank Kuznetskiy PAO","Unknown","MCX"
"KZBE.ME","Kuzbassenergo OAO","Unknown","MCX"
"KZMS.ME","Krasnokamskiy zavod metal. setok OAO (P)","Unknown","MCX"
"KZOS.ME","Organicheskiy Sintez KPAO","Unknown","MCX"
"KZOSP.ME","Organicheskiy Sintez KPAO","Unknown","MCX"
"LIFE.ME","Farmsintez PAO","Unknown","MCX"
"LINK.ME","Link Holdings ao","Unknown","MCX"
"LKOH.ME","NK Lukoil PAO","Unknown","MCX"
"LNTA.ME","Lenta ltd dr [T 2 Market]","Unknown","MCX"
"LNZL.ME","Lenzoloto OAO","Unknown","MCX"
"LNZLP.ME","Lenzoloto OAO","Unknown","MCX"
"LPSB.ME","Lipetskaya energosbytovaya komp. OAO","Unknown","MCX"
"LSNG.ME","Lenenergo PAO","Unknown","MCX"
"LSNGP.ME","Lenenergo PAO","Unknown","MCX"
"LSRG.ME","Gruppa LSR PAO","Unknown","MCX"
"LVHK.ME","Levenguk OAO","Unknown","MCX"
"MAGE.ME","Magadanenergo PAO","Unknown","MCX"
"MAGEP.ME","Magadanenergo PAO","Unknown","MCX"
"MAGN.ME","Magnitogorskiy metallurg. kombinat OAO","Unknown","MCX"
"MASZ.ME","Mashinostroitel'nyi Zavod PAO","Unknown","MCX"
"MERF.ME","PIFN Meridian OAO","Unknown","MCX"
"MFBA.ME","Moskovskaya Fond. Birja OAO ao","Unknown","MCX"
"MFGS.ME","Slavneft'-Megionneftegaz OAO (P)","Unknown","MCX"
"MFGSP.ME","Slavneft'-Megionneftegaz OAO (P)","Unknown","MCX"
"MFON.ME","Megafon PAO","Unknown","MCX"
"MGNT.ME","Magnit PAO","Unknown","MCX"
"MGNZ.ME","Solikamskiy magniyevyi zavod OAO","Unknown","MCX"
"MGTS.ME","Moskovskaya Gorodskaya Telefony Set' PAO","Unknown","MCX"
"MGTSP.ME","Moskovskaya Gorodskaya Telefony Set' PAO","Unknown","MCX"
"MGVM.ME","Media gruppa Voyna i Mir OAO","Unknown","MCX"
"MICEX10INDEX.ME","MICEX10 Index","Unknown","MCX"
"MICEXCBICP.ME","MICEX Corp Bond Index cp","Unknown","MCX"
"MICEXCBICP3Y.ME","MICEX Corp Bond Index cp 1-3Y","Unknown","MCX"
"MICEXCBICP5Y.ME","MICEX Corp Bond Index cp 3-5Y","Unknown","MCX"
"MICEXCBIGP.ME","MICEX Corp Bond Index gp","Unknown","MCX"
"MICEXCBIGP3Y.ME","MICEX Corp Bond Index gp 1-3Y","Unknown","MCX"
"MICEXCBIGP5Y.ME","MICEX Corp Bond Index gp 3-5Y","Unknown","MCX"
"MICEXCBITR.ME","MICEX Corp Bond Index tr","Unknown","MCX"
"MICEXCBITR3Y.ME","MICEX Corp Bond Index tr 1-3Y","Unknown","MCX"
"MICEXCBITR5Y.ME","MICEX Corp Bond Index tr 3-5Y","Unknown","MCX"
"MICEXCGS.ME","MICEX Consumer Goods&Services","Unknown","MCX"
"MICEXCHM.ME","MICEX Chemicals","Unknown","MCX"
"MICEXFNL.ME","MICEX Financials","Unknown","MCX"
"MICEXINDEXCF.ME","MICEX Index","Unknown","MCX"
"MICEXINNOV.ME","MICEX Innovation","Unknown","MCX"
"MICEXLC.ME","MICEX Large Cap","Unknown","MCX"
"MICEXM&M.ME","MICEX Metals & Mining","Unknown","MCX"
"MICEXMBICP.ME","MICEX Muni Bond Index cp","Unknown","MCX"
"MICEXMBIGP.ME","MICEX Muni Bond Index gp","Unknown","MCX"
"MICEXMBITR.ME","MICEX Muni Bond Index tr","Unknown","MCX"
"MICEXMC.ME","MICEX Mid Cap","Unknown","MCX"
"MICEXMNF.ME","MICEX Manufacturing","Unknown","MCX"
"MICEXO&G.ME","MICEX Oil & Gas","Unknown","MCX"
"MICEXPWR.ME","MICEX Power","Unknown","MCX"
"MICEXSC.ME","MICEX Start Cap","Unknown","MCX"
"MICEXTLC.ME","MICEX Telecommunication","Unknown","MCX"
"MIKR.ME","NPO MIKRON OAO (P)","Unknown","MCX"
"MISB.ME","TNS energo Mariy El PAO","Unknown","MCX"
"MISBP.ME","Marienergosbyt (pref)","Unknown","MCX"
"MMBM.ME","BM-Bank PAO","Unknown","MCX"
"MNFD.ME","Mn Fond PAO","Unknown","MCX"
"MNPZ.ME","Gazpromneft'-Moskovskiy NPZ AO (Parent)","Unknown","MCX"
"MOBB.ME","MOSKOVSKIY OBLASTNOY BANK PAO","Unknown","MCX"
"MOEX.ME","Moskovskaya Birzha MMVB-RTS PAO","Unknown","MCX"
"MORI.ME","Morion OAO","Unknown","MCX"
"MOTZ.ME","Motovilikhinskiye Zavody PAO","Unknown","MCX"
"MRKC.ME","MRSK Tsentra PAO","Unknown","MCX"
"MRKHP.ME","Rossiyskiye Seti PAO","Unknown","MCX"
"MRKK.ME","MRSK Severnogo Kavkaza PAO (P)","Unknown","MCX"
"MRKP.ME","MRSK Tsentra i Privolzh'ya PAO","Unknown","MCX"
"MRKS.ME","MRSK Sibiri PAO","Unknown","MCX"
"MRKU.ME","MRSK Urala OAO","Unknown","MCX"
"MRKV.ME","MRSK Volgi PAO","Unknown","MCX"
"MRKY.ME","MRSK Yuga PAO","Unknown","MCX"
"MRKZ.ME","MRSK Severo-Zapada PAO","Unknown","MCX"
"MRSB.ME","Mordovskaya energosb. kompaniya OAO","Unknown","MCX"
"MSNG.ME","MOSENERGO PAO","Unknown","MCX"
"MSRS.ME","MOESK PAO","Unknown","MCX"
"MSSB.ME","Mosenergosbyt PAO (Parent)","Unknown","MCX"
"MSST.ME","Mul'tisistema OAO","Unknown","MCX"
"MSSV.ME","MosTeploset","Unknown","MCX"
"MSTT.ME","Mostotrest PAO","Unknown","MCX"
"MTLR.ME","Mechel PAO","Unknown","MCX"
"MTLRP.ME","Mechel PAO","Unknown","MCX"
"MTSS.ME","Mobil'nye Telesistemy PAO","Unknown","MCX"
"MUGS.ME","Murmanskaya Tets PAO","Unknown","MCX"
"MUGSP.ME","Murmanskaya Tets PAO","Unknown","MCX"
"MVID.ME","M.video PAO","Unknown","MCX"
"NAUK.ME","NPO Nauka OAO","Unknown","MCX"
"NBTR.ME","NB TRAST ao [T 2 Market]","Unknown","MCX"
"NEKK.ME","NEKK OAO (P)","Unknown","MCX"
"NFAZ.ME","Neftekamskiy avtozavod OAO (P)","Unknown","MCX"
"NKHP.ME","Novorossiyskiy Kombinat Khlebprodktv PAO","Unknown","MCX"
"NKNC.ME","Nizhnekamskneftekhim PAO","Unknown","MCX"
"NKNCP.ME","Nizhnekamskneftekhim PAO","Unknown","MCX"
"NKSH.ME","Nizhnekamskshina PAO","Unknown","MCX"
"NLMK.ME","Novolipetsk Steel PAO","Unknown","MCX"
"NMTP.ME","Novorossiyskiy morskoy torgovyi port PAO","Unknown","MCX"
"NNSB.ME","TNS Energo Nizhniy Novgorod PAO","Unknown","MCX"
"NNSBP.ME","TNS Energo Nizhniy Novgorod PAO","Unknown","MCX"
"NPE1.ME","NPO Promavtomatika OAO (P)","Unknown","MCX"
"NPOF.ME","NPO Fizika OAO (P)","Unknown","MCX"
"NSVZ.ME","Nauka-Svyaz' OAO","Unknown","MCX"
"NTRI.ME","NUTRINBESTHOLDING","Unknown","MCX"
"NVNG.ME","Novosibirskenergo OAO","Unknown","MCX"
"NVNGP.ME","Novosibirskenergo OAO","Unknown","MCX"
"NVTK.ME","NOVATEK OAO","Unknown","MCX"
"NZGZ.ME","Nizhnevartovskneftegaz OAO (P)","Unknown","MCX"
"ODVA.ME","Mediaholding PAO","Unknown","MCX"
"OFCB.ME","Bank FK Otkrytiye PAO","Unknown","MCX"
"OGKA.ME","OGK-1","Unknown","MCX"
"OGKB.ME","OGK-2 PAO","Unknown","MCX"
"OGKC.ME","OGK-3 OAO","Unknown","MCX"
"OMSB.ME","Omskenergosbyt ao","Unknown","MCX"
"OMSBP.ME","Omskenergosbyt (pref)","Unknown","MCX"
"OMSH.ME","Omskshina PAO","Unknown","MCX"
"OMZZ.ME","OMZ PAO","Unknown","MCX"
"OMZZP.ME","OMZ PAO","Unknown","MCX"
"OPIN.ME","Otkrytye Investitsii PAO","Unknown","MCX"
"OPTI.ME","Optima Invest ao","Unknown","MCX"
"ORSB.ME","Orelenergosbyt ao","Unknown","MCX"
"ORSBP.ME","Orelenergosbyt (pref)","Unknown","MCX"
"OSFD.ME","Ob.Sibirskiy Fond","Unknown","MCX"
"OSMP.ME","Ostankinskiy myasoper. kombinat OAO (P)","Unknown","MCX"
"OTCP.ME","OTCPharm PAO","Unknown","MCX"
"PAZA.ME","Pavlovskiy avtobus OAO (P)","Unknown","MCX"
"PBSB.ME","Peterburg Sbyt.Komp.","Unknown","MCX"
"PBSBP.ME","Peterburg Sbyt.Komp.(pref)","Unknown","MCX"
"PDMS.ME","Podolskiy mash.zavod ao","Unknown","MCX"
"PETR.ME","Petrocommerce KB OAO","Unknown","MCX"
"PGIL.ME","Polyus Gold International","Unknown","MCX"
"PHOR.ME","PhosAgro OAO","Unknown","MCX"
"PHST.ME","Pharmstandard PAO","Unknown","MCX"
"PIKK.ME","Gruppa Kompaniy PIK PAO","Unknown","MCX"
"PKBA.ME","Pivovarennaya Kompaniya Baltika OOO","Unknown","MCX"
"PLNT.ME","Planeta ao","Unknown","MCX"
"PLSM.ME","Plazmek PAO","Unknown","MCX"
"PLZL.ME","Polyus PAO","Unknown","MCX"
"PMOT.ME","Permskie Motory OAO","Unknown","MCX"
"PMSB.ME","Permskaya Energosbytovaya Kompaniya PAO","Unknown","MCX"
"PMSBP.ME","Permskaya Energosbytovaya Kompaniya PAO","Unknown","MCX"
"PMTL.ME","Polimetall OAO","Unknown","MCX"
"POLY.ME","POLYMETAL INTL PLC ORD NPV(RUB)","Unknown","MCX"
"PRFN.ME","Chelyabinskiy Zavod Prflrv Stl'n Nst PAO","Unknown","MCX"
"PRIM.ME","Primorskoye morskoye parokhodstvo OAO","Unknown","MCX"
"PRIN.ME","Proyektnye investitsii OAO","Unknown","MCX"
"PRMB.ME","AKB Primor'ye PAO (P)","Unknown","MCX"
"PRMI.ME","PROMINVEST ao","Unknown","MCX"
"PRTK.ME","PROTEK OAO","Unknown","MCX"
"PSBR.ME","Promsvyaz'bank PAO (Parent)","Unknown","MCX"
"PTRM.ME","ProfTehResurs M ao","Unknown","MCX"
"PZSB.ME","Penzaenergosbyt ao","Unknown","MCX"
"PZSBP.ME","Penzaenergosbyt (pref)","Unknown","MCX"
"QIWI.ME","QIWI PLC [T 2 Market]","Unknown","MCX"
"RASP.ME","Raspadskaya OAO","Unknown","MCX"
"RBCM.ME","RBK PAO","Unknown","MCX"
"RDRB.ME","Rossiyskiy Aktsnrny Kmrhky Drzhy Bnk PAO","Unknown","MCX"
"REBR.ME","Regional'nyi Bank Razvitiya PAO","Unknown","MCX"
"RGBI.ME","RGBI","Unknown","MCX"
"RGBIG.ME","RGBI-g","Unknown","MCX"
"RGBITR.ME","RGBI-tr","Unknown","MCX"
"RGSS.ME","Rosgosstrakh PAO","Unknown","MCX"
"RKKE.ME","RKK Energiya im. S.P.Koroleva OAO","Unknown","MCX"
"RLMN.ME","GK Rollman PAO","Unknown","MCX"
"RLMNP.ME","Rollman GK ap","Unknown","MCX"
"RNAV.ME","Russkiye Navigatsionnye Tekhnologii OAO","Unknown","MCX"
"RNHS.ME","RN Holding OAO","Unknown","MCX"
"RODNP.ME","Rodina OAO","Unknown","MCX"
"ROLO.ME","Rusolovo PAO","Unknown","MCX"
"ROSB.ME","Rosbank PAO","Unknown","MCX"
"ROSN.ME","Rosneft' NK OAO","Unknown","MCX"
"ROST.ME","ROSINTER RESTAURANTS HOLDING PAO","Unknown","MCX"
"RSAM.ME","Russkie Samotsvety ao","Unknown","MCX"
"RSTI.ME","Rossiyskiye Seti PAO","Unknown","MCX"
"RTGZ.ME","Gazprom Gazorsprdlny Rstv-Na-Donu PAO(P)","Unknown","MCX"
"RTKM.ME","Rostelekom PAO","Unknown","MCX"
"RTKMP.ME","Rostelekom PAO","Unknown","MCX"
"RTMC.ME","RTM OAO","Unknown","MCX"
"RTSB.ME","Energosbyt Rostovenergo OAO","Unknown","MCX"
"RTSBP.ME","Energosbyt Rostovenergo OAO","Unknown","MCX"
"RU000A0JC5V1.ME","UK Arsagera OAO","Unknown","MCX"
"RU14MBSP7002.ME","Mezhdunarodnyi bank Sankt-Peterburga OAO","Unknown","MCX"
"RUAL.ME","UNITED COMPANY RUS USD0.01(RUB)","Unknown","MCX"
"RUALR.ME","United Company Rusal Plc-GDR","Unknown","MCX"
"RUGR.ME","RusGrain Holding OAO","Unknown","MCX"
"RUSI.ME","Russ-Invest IK OAO","Unknown","MCX"
"RUSP.ME","Ruspolimet OAO","Unknown","MCX"
"RVST.ME","ROSINVEST ao","Unknown","MCX"
"RZSB.ME","Ryazanskaya Enrgtchky Sbyty Kmpy PAO (P)","Unknown","MCX"
"SAGO.ME","Samaraenergo PAO (P)","Unknown","MCX"
"SAGOP.ME","Samaraenergo PAO (P)","Unknown","MCX"
"SARE.ME","Saratovenergo PAO","Unknown","MCX"
"SAREP.ME","Saratovenergo PAO","Unknown","MCX"
"SBER.ME","Sberbank Rossii PAO","Unknown","MCX"
"SBERP.ME","Sberbank Rossii PAO","Unknown","MCX"
"SCON.ME","Sed'moy kontinent OAO","Unknown","MCX"
"SELG.ME","Seligdar PAO","Unknown","MCX"
"SELGP.ME","Seligdar ap","Unknown","MCX"
"SELL.ME","Selestra PAO","Unknown","MCX"
"SEMZ.ME","Sofrinskiy eksperimental'no-mekhanic","Unknown","MCX"
"SIBG.ME","Sibirskiy Gostinets PAO","Unknown","MCX"
"SIBN.ME","Gazprom Neft' PAO","Unknown","MCX"
"SITR.ME","Sitroniks AO","Unknown","MCX"
"SKRN.ME","SUEK-Krasnoyarsk","Unknown","MCX"
"SKYC.ME","Sky Computing","Unknown","MCX"
"SLND.ME","Sibirskaya zemlya OAO","Unknown","MCX"
"SMSB.ME","Smolenskenergosbyt ao","Unknown","MCX"
"SMSBP.ME","Smolenskenergosbyt (pref)","Unknown","MCX"
"SNGS.ME","Surgutneftegaz OAO","Unknown","MCX"
"SNGSP.ME","Surgutneftegaz OAO","Unknown","MCX"
"SNOS.ME","Gazprom neftekhim Salavat OAO","Unknown","MCX"
"SNTZ.ME","SinTZ","Unknown","MCX"
"STSB.ME","Stavropol'energosbyt PAO","Unknown","MCX"
"STSBP.ME","Stavropol'energosbyt PAO","Unknown","MCX"
"SUMZ.ME","SUMZ","Unknown","MCX"
"SVAV.ME","Sollers PAO","Unknown","MCX"
"SVSB.ME","Sverdlovenergosbyt OAO (P)","Unknown","MCX"
"SVSBP.ME","Sverdlovenergosbyt OAO (P)","Unknown","MCX"
"SVTZ.ME","STZ","Unknown","MCX"
"SXPNP.ME","Novoplastunovskoye PAO","Unknown","MCX"
"SYNG.ME","Sinergiya OAO","Unknown","MCX"
"SZPR.ME","Severo-Zapadnoye Parokhodstvo OAO","Unknown","MCX"
"TAER.ME","AK Transaero OAO (P)","Unknown","MCX"
"TAMZ.ME","TAGMET ao","Unknown","MCX"
"TANL.ME","Tantal OAO","Unknown","MCX"
"TANLP.ME","Tantal OAO","Unknown","MCX"
"TASB.ME","Tambovskaya Energosbytovaya Komp PAO (P)","Unknown","MCX"
"TASBP.ME","Tambovskaya Energosbytovaya Komp PAO (P)","Unknown","MCX"
"TATB.ME","TATBENTO ao","Unknown","MCX"
"TATN.ME","Tatneft' PAO","Unknown","MCX"
"TATNP.ME","Tatneft' PAO","Unknown","MCX"
"TAVR.ME","Sankt-Peterburgskiy AKB Tavricheskiy OAO","Unknown","MCX"
"TCBN.ME","TransKreditBank OAO","Unknown","MCX"
"TFKF.ME","""TFK-Finance"" ao","Unknown","MCX"
"TGKA.ME","TGK No1 OAO","Unknown","MCX"
"TGKB.ME","TGK-2 OAO","Unknown","MCX"
"TGKBP.ME","TGK-2 OAO","Unknown","MCX"
"TGKD.ME","Quadra-Generiruyushchaya Kompaniya PAO","Unknown","MCX"
"TGKDP.ME","Quadra-Generiruyushchaya Kompaniya PAO","Unknown","MCX"
"TGKE.ME","TGK-5 OAO","Unknown","MCX"
"TGKF.ME","TGK-6 OAO","Unknown","MCX"
"TGKI.ME","TGK-9 OAO","Unknown","MCX"
"TGKJ.ME","Fortum","Unknown","MCX"
"TGKK.ME","TGK-11","Unknown","MCX"
"TGKN.ME","Territorial'naya Gnschy Kmpny 14 PAO (P)","Unknown","MCX"
"TGKO.ME","Taganrogskiy kombaynovyi zavod OAO (P)","Unknown","MCX"
"TGMK.ME","Tagan. myasoper. zavod TAMP OAO","Unknown","MCX"
"TGVK.ME","Tulagorvodokanal ao","Unknown","MCX"
"TLSB.ME","Tulaenergosby ao","Unknown","MCX"
"TMKS.ME","TMK dr [T 2 Market]","Unknown","MCX"
"TNBPP.ME","RN Holding OAO","Unknown","MCX"
"TNSE.ME","GK TNS energo PAO","Unknown","MCX"
"TORS.ME","Tomskaya Raspredelitel'ny Kompny PAO (P)","Unknown","MCX"
"TORSP.ME","Tomskaya Raspredelitel'ny Kompny PAO (P)","Unknown","MCX"
"TOSB.ME","Tomskenergosbyt PAO (P)","Unknown","MCX"
"TOSBP.ME","Tomskenergosbyt PAO (P)","Unknown","MCX"
"TPLF.ME","TEPLOFON ao","Unknown","MCX"
"TRAV.ME","Travers OAO (P)","Unknown","MCX"
"TRCN.ME","TransContainer PAO","Unknown","MCX"
"TRMK.ME","Trubnaya Metallurgicheskaya Kmpny PAO","Unknown","MCX"
"TRNFP.ME","Transneft' AK OAO","Unknown","MCX"
"TRUDP.ME","TRUD PAO","Unknown","MCX"
"TSKA.ME","TSK-1 ao","Unknown","MCX"
"TTLK.ME","Tattelekom PAO","Unknown","MCX"
"TUCH.ME","TUCHKOVSKIY KOMBINAT STRTL'NYH MTRLV PAO","Unknown","MCX"
"TUZA.ME","Tuymazinskiy zavod avtobetonovozov OAO","Unknown","MCX"
"TVSB.ME","Tverskaya energosbytovaya komp. (P)","Unknown","MCX"
"TVSBP.ME","Tverskaya energosbytovaya komp. (P)","Unknown","MCX"
"TZUM.ME","Torgovyi dom TSUM OAO (Parent)","Unknown","MCX"
"UAZA.ME","Ul'yanovskiy Avtomobil'nyi Zavod OOO","Unknown","MCX"
"UCSS.ME","Ob''yedinennye Kreditnye Sistemy PAO","Unknown","MCX"
"UDSB.ME","Udmurtskaya energosb. kompaniya OAO (P)","Unknown","MCX"
"UDSBP.ME","Udmurtskaya energosb. kompaniya OAO (P)","Unknown","MCX"
"UFMO.ME","UMPO PAO","Unknown","MCX"
"UKUZ.ME","UK Yuzhnyi Kuzbass PAO","Unknown","MCX"
"UNAC.ME","Ob''yedinennaya Avistritl'ny Krprtsy PAO","Unknown","MCX"
"UNKL.ME","Yuzhno-Ural'skiy nikelevyi kombinat OAO","Unknown","MCX"
"UPRO.ME","E.ON Rossiya OAO","Unknown","MCX"
"URFD.ME","UK Ob''yedinennykh Rezervnykh Fondov PAO","Unknown","MCX"
"URKA.ME","Uralkaliy PAO","Unknown","MCX"
"URKZ.ME","Ural'skaya kuznitsa OAO","Unknown","MCX"
"USBN.ME","Bank UralSib PAO","Unknown","MCX"
"USYN.ME","UK Sinergia OAO","Unknown","MCX"
"UTAR.ME","Aviakompaniya UTair PAO","Unknown","MCX"
"UTII.ME","Platforma Utinet.Ru PAO","Unknown","MCX"
"UTSY.ME","Yedinye Tekhno Sistemy PAO","Unknown","MCX"
"UUAZ.ME","U-UAZ ao","Unknown","MCX"
"UWGN.ME","NPK OVK PAO","Unknown","MCX"
"VDSB.ME","Vladimirskaya Energosbytovaya KomPAO (P)","Unknown","MCX"
"VGSB.ME","Volgogradenergosbyt PAO (P)","Unknown","MCX"
"VGSBP.ME","Volgogradenergosbyt PAO (P)","Unknown","MCX"
"VJGZ.ME","Var'yeganneftegaz PAO","Unknown","MCX"
"VJGZP.ME","Var'yeganneftegaz PAO","Unknown","MCX"
"VLHZ.ME","Vladimirskiy Khimicheskiy Zavod OAO","Unknown","MCX"
"VOSB.ME","Volog.Sbyt.Comp.","Unknown","MCX"
"VRAO.ME","RAO Energeticheskiye Sistemy Vostoka PAO","Unknown","MCX"
"VRAOP.ME","RAO Energeticheskiye Sistemy Vostoka PAO","Unknown","MCX"
"VRPH.ME","Veropharm AO","Unknown","MCX"
"VRSB.ME","TNS Energo Voronezh PAO","Unknown","MCX"
"VRSBP.ME","TNS Energo Voronezh PAO","Unknown","MCX"
"VSMO.ME","Korporatsiya Vsmpo-Avisma PAO","Unknown","MCX"
"VSMZ.ME","Vyksynskii matall. zavod","Unknown","MCX"
"VSYD.ME","Vyborgskiy Sudostroitel'nyi Zavod PAO","Unknown","MCX"
"VSYDP.ME","Vyborgskiy Sudostroitel'nyi Zavod PAO","Unknown","MCX"
"VTBR.ME","Bank VTB PAO","Unknown","MCX"
"VTGK.ME","T Plyus PAO","Unknown","MCX"
"VTLD.ME","Vital ao [T  Market]","Unknown","MCX"
"VTPR.ME","Voltyre prom OAO (P)","Unknown","MCX"
"VTRS.ME","Vtorresursy PAO","Unknown","MCX"
"VZRZ.ME","Bank Vozrozhdeniye PAO","Unknown","MCX"
"VZRZP.ME","Bank Vozrozhdeniye PAO","Unknown","MCX"
"WBDF.ME","Vimm-Bill'-Dann Produkty Pitaniya OOO","Unknown","MCX"
"WTCM.ME","Tsentr mezhdunarodnoy torgovli OAO","Unknown","MCX"
"WTCMP.ME","Tsentr mezhdunarodnoy torgovli OAO","Unknown","MCX"
"YAKG.ME","YATEK OAO","Unknown","MCX"
"YASH.ME","Yaroslavskiy Shinnyi Zavod PAO","Unknown","MCX"
"YKEN.ME","Yakutskenergo PAO","Unknown","MCX"
"YKENP.ME","Yakutskenergo PAO","Unknown","MCX"
"YKST.ME","UK Strategiya OAO (P)","Unknown","MCX"
"YNDX.ME","YANDEX N.V. COM USD0.01 CL 'A'(RUB)","Unknown","MCX"
"YRSB.ME","TNS energo Yaroslavl PAO","Unknown","MCX"
"YRSBP.ME","TNS energo Yaroslavl PAO","Unknown","MCX"
"YRSL.ME","Bank VVB PAO","Unknown","MCX"
"ZHIV.ME","LIVE OFFICE OJSC RUB1(RUB)","Unknown","MCX"
"ZILL.ME","AMO ZIL PAO","Unknown","MCX"
"ZIOP.ME","ZiO-Podolsk ao","Unknown","MCX"
"ZIRE.ME","ZIRERA OAO ao [T 2 Market]","Unknown","MCX"
"ZMZN.ME","Zavolzhskiy Motornyi Zavod PAO","Unknown","MCX"
"ZMZNP.ME","Zavolzhskiy Motornyi Zavod PAO","Unknown","MCX"
"ZOYA.ME","Zoloto Yakutii OAO","Unknown","MCX"
"ZVEZ.ME","Zvezda PAO (P)","Unknown","MCX"
