<alertDefaultDrawing><figures><stockRelativeHistoryOperatorFigure id="0" x="255" y="214"><model><name><string>Relative Stock History</string></name><attribute><string>14d MFI TypicalPrice</string></attribute><value><null/></value><connectors><outputConnector id="1" index="0" numOfConnection="1"><Owner><stockRelativeHistoryOperatorFigure ref="0"/></Owner><locator><relativeLocator id="2" relativeX="1"/></locator></outputConnector></connectors></model></stockRelativeHistoryOperatorFigure><doubleConstantOperatorFigure id="3" x="343" y="317"><model><name><string>Constant</string></name><attribute><null/></attribute><value><string>70.0</string></value><connectors><outputConnector id="4" index="0" numOfConnection="1"><Owner><doubleConstantOperatorFigure ref="3"/></Owner><locator><relativeLocator ref="2"/></locator></outputConnector></connectors></model></doubleConstantOperatorFigure><equalityOperatorFigure id="5" x="471" y="257"><model><name><string>Equality</string></name><attribute><string>GreaterOrEqual</string></attribute><value><null/></value><connectors><inputConnector id="6" index="0" numOfConnection="1"><Owner><equalityOperatorFigure ref="5"/></Owner><locator><relativeLocator id="7" relativeX="0" relativeY="0.25"/></locator></inputConnector><inputConnector id="8" index="1" numOfConnection="1"><Owner><equalityOperatorFigure ref="5"/></Owner><locator><relativeLocator id="9" relativeX="0" relativeY="0.75"/></locator></inputConnector><outputConnector id="a" index="0" numOfConnection="1"><Owner><equalityOperatorFigure ref="5"/></Owner><locator><relativeLocator ref="2"/></locator></outputConnector></connectors></model></equalityOperatorFigure><sinkOperatorFigure id="b" x="658" y="264"><model><name><string>Alert</string></name><attribute><null/></attribute><value><null/></value><connectors><inputConnector id="c" index="0" numOfConnection="1"><Owner><sinkOperatorFigure ref="b"/></Owner><locator><relativeLocator id="d" relativeX="0"/></locator></inputConnector><outputConnector id="e" index="0" numOfConnection="0"><Owner><sinkOperatorFigure ref="b"/></Owner><locator><relativeLocator ref="2"/></locator></outputConnector></connectors></model></sinkOperatorFigure><ta id="f" x="226" y="150" w="548" h="40"><a><text><string>Money Flow Index. If the MFI approaches 70, the price is moving, with a lot of interest in that trade, and it will most likely continue in the future.</string></text><fillColor><color rgba="#ffffcc00"/></fillColor><fontBold><boolean>true</boolean></fontBold></a></ta><dep id="10"><points><p colinear="true" x="420.103515625" y="244.3759765625" c1x="0" c1y="0" c2x="0" c2y="0"/><p colinear="true" x="471" y="272.18798828125" c1x="0" c1y="0" c2x="0" c2y="0"/></points><startConnector><outputConnector ref="1"/></startConnector><endConnector><inputConnector ref="6"/></endConnector><a><strokeColor><color rgba="#ff000099"/></strokeColor><strokeWidth><double>1</double></strokeWidth></a></dep><dep id="11"><points><p colinear="true" x="419.087890625" y="347.3759765625" c1x="0" c1y="0" c2x="0" c2y="0"/><p colinear="true" x="471" y="302.56396484375" c1x="0" c1y="0" c2x="0" c2y="0"/></points><startConnector><outputConnector ref="4"/></startConnector><endConnector><inputConnector ref="8"/></endConnector><a><strokeColor><color rgba="#ff000099"/></strokeColor><strokeWidth><double>1</double></strokeWidth></a></dep><dep id="12"><points><p colinear="true" x="591.501953125" y="287.3759765625" c1x="0" c1y="0" c2x="0" c2y="0"/><p colinear="true" x="658" y="294.3759765625" c1x="0" c1y="0" c2x="0" c2y="0"/></points><startConnector><outputConnector ref="a"/></startConnector><endConnector><inputConnector ref="c"/></endConnector><a><strokeColor><color rgba="#ff000099"/></strokeColor><strokeWidth><double>1</double></strokeWidth></a></dep></figures></alertDefaultDrawing>