<org.yccheok.jstock.analysis.OperatorIndicator>
  <operators>
    <org.yccheok.jstock.analysis.StockRelativeHistoryOperator>
      <outputs>
        <org.yccheok.jstock.analysis.Connector>
          <operator class="org.yccheok.jstock.analysis.StockRelativeHistoryOperator" reference="../../.."/>
          <index>0</index>
          <listeners>
            <org.yccheok.jstock.analysis.Connection>
              <input reference="../../.."/>
              <output>
                <operator class="org.yccheok.jstock.analysis.ArithmeticOperator">
                  <outputs>
                    <org.yccheok.jstock.analysis.Connector>
                      <operator class="org.yccheok.jstock.analysis.ArithmeticOperator" reference="../../.."/>
                      <index>0</index>
                      <listeners>
                        <org.yccheok.jstock.analysis.Connection>
                          <input reference="../../.."/>
                          <output>
                            <operator class="org.yccheok.jstock.analysis.EqualityOperator">
                              <outputs>
                                <org.yccheok.jstock.analysis.Connector>
                                  <operator class="org.yccheok.jstock.analysis.EqualityOperator" reference="../../.."/>
                                  <index>0</index>
                                  <listeners>
                                    <org.yccheok.jstock.analysis.Connection>
                                      <input reference="../../.."/>
                                      <output>
                                        <operator class="org.yccheok.jstock.analysis.SinkOperator">
                                          <outputs>
                                            <org.yccheok.jstock.analysis.Connector>
                                              <operator class="org.yccheok.jstock.analysis.SinkOperator" reference="../../.."/>
                                              <index>0</index>
                                              <listeners/>
                                            </org.yccheok.jstock.analysis.Connector>
                                          </outputs>
                                          <inputs>
                                            <org.yccheok.jstock.analysis.Connector reference="../../.."/>
                                          </inputs>
                                          <outputConnections>
                                            <null/>
                                          </outputConnections>
                                          <inputConnections>
                                            <org.yccheok.jstock.analysis.Connection reference="../../../.."/>
                                          </inputConnections>
                                          <outputConnectionSize>0</outputConnectionSize>
                                          <inputConnectionSize>1</inputConnectionSize>
                                          <loopbackflag>false</loopbackflag>
                                        </operator>
                                        <index>0</index>
                                        <listeners>
                                          <org.yccheok.jstock.analysis.SinkOperator reference="../../operator"/>
                                        </listeners>
                                      </output>
                                    </org.yccheok.jstock.analysis.Connection>
                                  </listeners>
                                </org.yccheok.jstock.analysis.Connector>
                              </outputs>
                              <inputs>
                                <org.yccheok.jstock.analysis.Connector reference="../../.."/>
                                <org.yccheok.jstock.analysis.Connector>
                                  <operator class="org.yccheok.jstock.analysis.EqualityOperator" reference="../../.."/>
                                  <index>1</index>
                                  <listeners>
                                    <org.yccheok.jstock.analysis.EqualityOperator reference="../../../.."/>
                                  </listeners>
                                </org.yccheok.jstock.analysis.Connector>
                              </inputs>
                              <outputConnections>
                                <org.yccheok.jstock.analysis.Connection reference="../../outputs/org.yccheok.jstock.analysis.Connector/listeners/org.yccheok.jstock.analysis.Connection"/>
                              </outputConnections>
                              <inputConnections>
                                <org.yccheok.jstock.analysis.Connection reference="../../../.."/>
                                <org.yccheok.jstock.analysis.Connection>
                                  <input>
                                    <operator class="org.yccheok.jstock.analysis.DoubleConstantOperator">
                                      <outputs>
                                        <org.yccheok.jstock.analysis.Connector reference="../../.."/>
                                      </outputs>
                                      <inputs/>
                                      <outputConnections>
                                        <org.yccheok.jstock.analysis.Connection reference="../../../.."/>
                                      </outputConnections>
                                      <inputConnections/>
                                      <outputConnectionSize>1</outputConnectionSize>
                                      <inputConnectionSize>0</inputConnectionSize>
                                      <loopbackflag>false</loopbackflag>
                                      <constant>0.0</constant>
                                    </operator>
                                    <index>0</index>
                                    <listeners>
                                      <org.yccheok.jstock.analysis.Connection reference="../../.."/>
                                    </listeners>
                                  </input>
                                  <output reference="../../../inputs/org.yccheok.jstock.analysis.Connector[2]"/>
                                </org.yccheok.jstock.analysis.Connection>
                              </inputConnections>
                              <outputConnectionSize>1</outputConnectionSize>
                              <inputConnectionSize>2</inputConnectionSize>
                              <loopbackflag>false</loopbackflag>
                              <equality>Greater</equality>
                            </operator>
                            <index>0</index>
                            <listeners>
                              <org.yccheok.jstock.analysis.EqualityOperator reference="../../operator"/>
                            </listeners>
                          </output>
                        </org.yccheok.jstock.analysis.Connection>
                      </listeners>
                    </org.yccheok.jstock.analysis.Connector>
                  </outputs>
                  <inputs>
                    <org.yccheok.jstock.analysis.Connector reference="../../.."/>
                    <org.yccheok.jstock.analysis.Connector>
                      <operator class="org.yccheok.jstock.analysis.ArithmeticOperator" reference="../../.."/>
                      <index>1</index>
                      <listeners>
                        <org.yccheok.jstock.analysis.ArithmeticOperator reference="../../../.."/>
                      </listeners>
                    </org.yccheok.jstock.analysis.Connector>
                  </inputs>
                  <outputConnections>
                    <org.yccheok.jstock.analysis.Connection reference="../../outputs/org.yccheok.jstock.analysis.Connector/listeners/org.yccheok.jstock.analysis.Connection"/>
                  </outputConnections>
                  <inputConnections>
                    <org.yccheok.jstock.analysis.Connection reference="../../../.."/>
                    <org.yccheok.jstock.analysis.Connection>
                      <input>
                        <operator class="org.yccheok.jstock.analysis.StockRelativeHistoryOperator">
                          <outputs>
                            <org.yccheok.jstock.analysis.Connector reference="../../.."/>
                          </outputs>
                          <inputs/>
                          <outputConnections>
                            <org.yccheok.jstock.analysis.Connection reference="../../../.."/>
                          </outputConnections>
                          <inputConnections/>
                          <outputConnectionSize>1</outputConnectionSize>
                          <inputConnectionSize>0</inputConnectionSize>
                          <loopbackflag>false</loopbackflag>
                          <function>EMA</function>
                          <type>LastPrice</type>
                          <day>26</day>
                        </operator>
                        <index>0</index>
                        <listeners>
                          <org.yccheok.jstock.analysis.Connection reference="../../.."/>
                        </listeners>
                      </input>
                      <output reference="../../../inputs/org.yccheok.jstock.analysis.Connector[2]"/>
                    </org.yccheok.jstock.analysis.Connection>
                  </inputConnections>
                  <outputConnectionSize>1</outputConnectionSize>
                  <inputConnectionSize>2</inputConnectionSize>
                  <loopbackflag>false</loopbackflag>
                  <arithmetic>Subtraction</arithmetic>
                </operator>
                <index>0</index>
                <listeners>
                  <org.yccheok.jstock.analysis.ArithmeticOperator reference="../../operator"/>
                </listeners>
              </output>
            </org.yccheok.jstock.analysis.Connection>
          </listeners>
        </org.yccheok.jstock.analysis.Connector>
      </outputs>
      <inputs/>
      <outputConnections>
        <org.yccheok.jstock.analysis.Connection reference="../../outputs/org.yccheok.jstock.analysis.Connector/listeners/org.yccheok.jstock.analysis.Connection"/>
      </outputConnections>
      <inputConnections/>
      <outputConnectionSize>1</outputConnectionSize>
      <inputConnectionSize>0</inputConnectionSize>
      <loopbackflag>false</loopbackflag>
      <function>EMA</function>
      <type>LastPrice</type>
      <day>12</day>
    </org.yccheok.jstock.analysis.StockRelativeHistoryOperator>
    <org.yccheok.jstock.analysis.StockRelativeHistoryOperator reference="../org.yccheok.jstock.analysis.StockRelativeHistoryOperator/outputs/org.yccheok.jstock.analysis.Connector/listeners/org.yccheok.jstock.analysis.Connection/output/operator/inputConnections/org.yccheok.jstock.analysis.Connection[2]/input/operator"/>
    <org.yccheok.jstock.analysis.ArithmeticOperator reference="../org.yccheok.jstock.analysis.StockRelativeHistoryOperator/outputs/org.yccheok.jstock.analysis.Connector/listeners/org.yccheok.jstock.analysis.Connection/output/operator"/>
    <org.yccheok.jstock.analysis.EqualityOperator reference="../org.yccheok.jstock.analysis.StockRelativeHistoryOperator/outputs/org.yccheok.jstock.analysis.Connector/listeners/org.yccheok.jstock.analysis.Connection/output/operator/outputs/org.yccheok.jstock.analysis.Connector/listeners/org.yccheok.jstock.analysis.Connection/output/operator"/>
    <org.yccheok.jstock.analysis.DoubleConstantOperator reference="../org.yccheok.jstock.analysis.StockRelativeHistoryOperator/outputs/org.yccheok.jstock.analysis.Connector/listeners/org.yccheok.jstock.analysis.Connection/output/operator/outputs/org.yccheok.jstock.analysis.Connector/listeners/org.yccheok.jstock.analysis.Connection/output/operator/inputConnections/org.yccheok.jstock.analysis.Connection[2]/input/operator"/>
    <org.yccheok.jstock.analysis.SinkOperator reference="../org.yccheok.jstock.analysis.StockRelativeHistoryOperator/outputs/org.yccheok.jstock.analysis.Connector/listeners/org.yccheok.jstock.analysis.Connection/output/operator/outputs/org.yccheok.jstock.analysis.Connector/listeners/org.yccheok.jstock.analysis.Connection/output/operator/outputs/org.yccheok.jstock.analysis.Connector/listeners/org.yccheok.jstock.analysis.Connection/output/operator"/>
  </operators>
  <name>MACD Up Trend Signal</name>
  <stockHistoryCalculationDone>false</stockHistoryCalculationDone>
  <sharesIssued>-1</sharesIssued>
  <marketCapital>-1</marketCapital>
</org.yccheok.jstock.analysis.OperatorIndicator>