<alertDefaultDrawing><figures><stockRelativeHistoryOperatorFigure id="0" x="191" y="241"><model><name><string>Relative Stock History</string></name><attribute><string>12d EMA LastPrice</string></attribute><value><null/></value><connectors><outputConnector id="1" index="0" numOfConnection="1"><Owner><stockRelativeHistoryOperatorFigure ref="0"/></Owner><locator><relativeLocator id="2" relativeX="1"/></locator></outputConnector></connectors></model></stockRelativeHistoryOperatorFigure><stockRelativeHistoryOperatorFigure id="3" x="191" y="336"><model><name><string>Relative Stock History</string></name><attribute><string>26d EMA LastPrice</string></attribute><value><null/></value><connectors><outputConnector id="4" index="0" numOfConnection="1"><Owner><stockRelativeHistoryOperatorFigure ref="3"/></Owner><locator><relativeLocator ref="2"/></locator></outputConnector></connectors></model></stockRelativeHistoryOperatorFigure><arithmeticOperatorFigure id="5" x="430" y="285"><model><name><string>Arithmetic</string></name><attribute><string>Subtraction</string></attribute><value><null/></value><connectors><inputConnector id="6" index="0" numOfConnection="1"><Owner><arithmeticOperatorFigure ref="5"/></Owner><locator><relativeLocator id="7" relativeX="0" relativeY="0.25"/></locator></inputConnector><inputConnector id="8" index="1" numOfConnection="1"><Owner><arithmeticOperatorFigure ref="5"/></Owner><locator><relativeLocator id="9" relativeX="0" relativeY="0.75"/></locator></inputConnector><outputConnector id="a" index="0" numOfConnection="1"><Owner><arithmeticOperatorFigure ref="5"/></Owner><locator><relativeLocator ref="2"/></locator></outputConnector></connectors></model></arithmeticOperatorFigure><equalityOperatorFigure id="b" x="626" y="299"><model><name><string>Equality</string></name><attribute><string>Greater</string></attribute><value><null/></value><connectors><inputConnector id="c" index="0" numOfConnection="1"><Owner><equalityOperatorFigure ref="b"/></Owner><locator><relativeLocator ref="7"/></locator></inputConnector><inputConnector id="d" index="1" numOfConnection="1"><Owner><equalityOperatorFigure ref="b"/></Owner><locator><relativeLocator ref="9"/></locator></inputConnector><outputConnector id="e" index="0" numOfConnection="1"><Owner><equalityOperatorFigure ref="b"/></Owner><locator><relativeLocator ref="2"/></locator></outputConnector></connectors></model></equalityOperatorFigure><doubleConstantOperatorFigure id="f" x="427" y="391"><model><name><string>Constant</string></name><attribute><null/></attribute><value><string>0.0</string></value><connectors><outputConnector id="10" index="0" numOfConnection="1"><Owner><doubleConstantOperatorFigure ref="f"/></Owner><locator><relativeLocator ref="2"/></locator></outputConnector></connectors></model></doubleConstantOperatorFigure><sinkOperatorFigure id="11" x="770" y="334"><model><name><string>Alert</string></name><attribute><null/></attribute><value><null/></value><connectors><inputConnector id="12" index="0" numOfConnection="1"><Owner><sinkOperatorFigure ref="11"/></Owner><locator><relativeLocator id="13" relativeX="0"/></locator></inputConnector><outputConnector id="14" index="0" numOfConnection="0"><Owner><sinkOperatorFigure ref="11"/></Owner><locator><relativeLocator ref="2"/></locator></outputConnector></connectors></model></sinkOperatorFigure><ta id="15" x="202" y="179" w="607" h="40"><a><text><string> Moving Average Convergence / Divergence. When MACD is positive, the stock is moving in upward trend.</string></text><fillColor><color rgba="#ffffcc00"/></fillColor><fontBold><boolean>true</boolean></fontBold></a></ta><dep id="16"><points><p colinear="true" x="356.103515625" y="271.3759765625" c1x="0" c1y="0" c2x="0" c2y="0"/><p colinear="true" x="430" y="300.18798828125" c1x="0" c1y="0" c2x="0" c2y="0"/></points><startConnector><outputConnector ref="1"/></startConnector><endConnector><inputConnector ref="6"/></endConnector><a><strokeColor><color rgba="#ff000099"/></strokeColor><strokeWidth><double>1</double></strokeWidth></a></dep><dep id="17"><points><p colinear="true" x="356.103515625" y="366.3759765625" c1x="0" c1y="0" c2x="0" c2y="0"/><p colinear="true" x="430" y="330.56396484375" c1x="0" c1y="0" c2x="0" c2y="0"/></points><startConnector><outputConnector ref="4"/></startConnector><endConnector><inputConnector ref="8"/></endConnector><a><strokeColor><color rgba="#ff000099"/></strokeColor><strokeWidth><double>1</double></strokeWidth></a></dep><dep id="18"><points><p colinear="true" x="524.328125" y="315.3759765625" c1x="0" c1y="0" c2x="0" c2y="0"/><p colinear="true" x="626" y="314.18798828125" c1x="0" c1y="0" c2x="0" c2y="0"/></points><startConnector><outputConnector ref="a"/></startConnector><endConnector><inputConnector ref="c"/></endConnector><a><strokeColor><color rgba="#ff000099"/></strokeColor><strokeWidth><double>1</double></strokeWidth></a></dep><dep id="19"><points><p colinear="true" x="503.087890625" y="421.3759765625" c1x="0" c1y="0" c2x="0" c2y="0"/><p colinear="true" x="626" y="344.56396484375" c1x="0" c1y="0" c2x="0" c2y="0"/></points><startConnector><outputConnector ref="10"/></startConnector><endConnector><inputConnector ref="d"/></endConnector><a><strokeColor><color rgba="#ff000099"/></strokeColor><strokeWidth><double>1</double></strokeWidth></a></dep><dep id="1a"><points><p colinear="true" x="696.6328125" y="329.3759765625" c1x="0" c1y="0" c2x="0" c2y="0"/><p colinear="true" x="770" y="364.3759765625" c1x="0" c1y="0" c2x="0" c2y="0"/></points><startConnector><outputConnector ref="e"/></startConnector><endConnector><inputConnector ref="12"/></endConnector><a><strokeColor><color rgba="#ff000099"/></strokeColor><strokeWidth><double>1</double></strokeWidth></a></dep></figures></alertDefaultDrawing>