"Code","Symbol","Industry","Board"
"1DIV.TH","THAIDEX SET HIGH DIVIDEND ETF","Unknown","BKK"
"2S.TH","2S Metal PCL","Unknown","BKK"
"A.TH","Areeya Property PCL","Unknown","BKK"
"AAV.TH","Asia Aviation PCL","Unknown","BKK"
"ABC.TH","Asset Bright Public PCL","Unknown","BKK"
"ABFTH.TH","THE ABF THAILAND BOND INDEX FUND","Unknown","BKK"
"ABICO.TH","Abico Holdings PCL","Unknown","BKK"
"ABPIF.TH","Amata BGrimm Power Power Plant Infrastru","Unknown","BKK"
"ACAP.TH","Asia Capital Group PCL","Unknown","BKK"
"ACC.TH","Advanced Connection Corp PCL","Unknown","BKK"
"ADAM.TH","Adamas Incorporation Public Company Ltd.","Unknown","BKK"
"ADVANC.TH","Advanced Info Service PCL","Unknown","BKK"
"AEC.TH","AEC Securities Public Co Ltd","Unknown","BKK"
"AEONTS.TH","Aeon Thana Sinsap (Thailand) PCL","Unknown","BKK"
"AF.TH","Aira Factoring PCL","Unknown","BKK"
"AFC.TH","Asia Fiber Public Co Ltd","Unknown","BKK"
"AGE.TH","Asia Green Energy PCL","Unknown","BKK"
"AH.TH","AAPICO Hitech Public Company Limited","Unknown","BKK"
"AH-R.TH","AAPICO Hitech Public Company Limited","Unknown","BKK"
"AHC.TH","Aikchol Hospital Public Company Limited","Unknown","BKK"
"AI.TH","Asian Insulators PCL","Unknown","BKK"
"AIE.TH","AI Energy PCL","Unknown","BKK"
"AIRA.TH","Aira Capital PCL","Unknown","BKK"
"AIT.TH","Advanced Information Technology PCL","Unknown","BKK"
"AJ.TH","A.J. Plast Public Company Limited","Unknown","BKK"
"AJD.TH","Crown Tech Advance PCL","Unknown","BKK"
"AKP.TH","Akkhie Prakarn PCL","Unknown","BKK"
"AKR.TH","Ekarat Engineering PCL","Unknown","BKK"
"ALT.TH","ALT Telecom PCL","Unknown","BKK"
"ALUCON.TH","Alucon PCL","Unknown","BKK"
"AMANAH.TH","Amanah Leasing Public Company Limited","Unknown","BKK"
"AMARIN.TH","Amarin Printing and Publishing PCL","Unknown","BKK"
"AMATA.TH","Amata Corporation PCL","Unknown","BKK"
"AMATAR.TH","Amata Summit Growth Freehold&Leshld REIT","Unknown","BKK"
"AMATAV.TH","Amata VN PCL","Unknown","BKK"
"AMC.TH","Asia Metal Public Co., Ltd.","Unknown","BKK"
"ANAN.TH","Ananda Development PCL","Unknown","BKK"
"AOT.TH","Airports of Thailand PCL","Unknown","BKK"
"AP.TH","AP Thailand Public Co Ltd","Unknown","BKK"
"APCO.TH","Asian Phytoceuticals PCL","Unknown","BKK"
"APCS.TH","Asia Precision PCL","Unknown","BKK"
"APURE.TH","Agripure Holdings Public Company Limited","Unknown","BKK"
"APX.TH","Apex Development Public Company Limited","Unknown","BKK"
"AQ.TH","AQ Estate PCL","Unknown","BKK"
"AQUA.TH","Aqua Corporation PCL","Unknown","BKK"
"ARIP.TH","ARIP PCL","Unknown","BKK"
"ARROW.TH","Arrow Syndicate PCL","Unknown","BKK"
"AS.TH","Asiasoft Corporation Plc","Unknown","BKK"
"ASCON.TH","Ascon Construction PCL","Unknown","BKK"
"ASEFA.TH","Asefa PCL","Unknown","BKK"
"ASIA.TH","Asia Hotel Public Company Limited","Unknown","BKK"
"ASIAN.TH","Asian Seafood Coldstorage PCL","Unknown","BKK"
"ASIMAR.TH","Asian Marine Services Public Co. Ltd.","Unknown","BKK"
"ASK.TH","Asia Sermkij Leasing PCL","Unknown","BKK"
"ASN.TH","Asn Broker PCL","Unknown","BKK"
"ASP.TH","Asia Plus Group Holdings PCL","Unknown","BKK"
"ATP30.TH","ATP30 PCL","Unknown","BKK"
"AUCT.TH","Union Auction PCL","Unknown","BKK"
"AYUD.TH","Sri Ayudhya Capital PCL","Unknown","BKK"
"BA.TH","Bangkok Airways PCL","Unknown","BKK"
"BAFS.TH","Bangkok Aviation Fuel Services Public Co","Unknown","BKK"
"BANPU.TH","Banpu Public Company Limited","Unknown","BKK"
"BAT-3K.TH","Thai Storage Battery PCL","Unknown","BKK"
"BAY.TH","Bank of Ayudhya PCL","Unknown","BKK"
"BBL.TH","Bangkok Bank PCL","Unknown","BKK"
"BCH.TH","Bangkok Chain Hospital Public Co. Ltd.","Unknown","BKK"
"BCHAY.TH","BUALUANG CHAY GOLD ETF","Unknown","BKK"
"BCP.TH","The Bangchak Petroleum Public Co. Ltd.","Unknown","BKK"
"BDMS.TH","Bangkok Dusit Medical Services PCL","Unknown","BKK"
"BEAUTY.TH","Beauty Community PCL","Unknown","BKK"
"BEC.TH","BEC World Public Company Limited","Unknown","BKK"
"BECL.TH","Bangkok Expressway PCL","Unknown","BKK"
"BEM.TH","Bangkok Expressway and Metro PCL","Unknown","BKK"
"BFIT.TH","Bangkok First Investment & Trust PCL","Unknown","BKK"
"BGT.TH","BGT Corporation PCL","Unknown","BKK"
"BH.TH","Bumrungrad Hospital Public Co Ltd","Unknown","BKK"
"BH-P.TH","Bumrungrad Hospital Public Co Ltd","Unknown","BKK"
"BIG.TH","BIG CAMERA CORPORATION PUBLIC COMPANY","Unknown","BKK"
"BIGC.TH","Big C Supercenter Public Company Limited","Unknown","BKK"
"BIGC-R.TH","Big C Supercenter Public Company Limited","Unknown","BKK"
"BIZ.TH","Business Alignment PCL","Unknown","BKK"
"BJC.TH","Berli Jucker Public Company Limited","Unknown","BKK"
"BJCHI.TH","BJC Heavy Industries PCL","Unknown","BKK"
"BKD.TH","Bangkok Dec-Con PCL","Unknown","BKK"
"BKI.TH","Bangkok Insurance PCL","Unknown","BKK"
"BKKCP.TH","Bangkok Commercial Property Fund","Unknown","BKK"
"BLA.TH","Bangkok Life Assurance PCL","Unknown","BKK"
"BLAND.TH","Bangkok Land Public Company Limited","Unknown","BKK"
"BLISS.TH","Bliss Tel PCL","Unknown","BKK"
"BM.TH","Bangkok Sheet Metal PCL","Unknown","BKK"
"BMCL.TH","Bangkok Metro Public Company Limited","Unknown","BKK"
"BMSCITH.TH","BCAP MSCI THAILAND ETF","Unknown","BKK"
"BOL.TH","Business Online Public Company Limited","Unknown","BKK"
"BR.TH","Bangkok Ranch PCL","Unknown","BKK"
"BRC.TH","Bangkok Rubber PCL","Unknown","BKK"
"BROCK.TH","Baan Rock Garden PCL","Unknown","BKK"
"BROOK.TH","Brooker Group PCL","Unknown","BKK"
"BRR.TH","Buriram Sugar PCL","Unknown","BKK"
"BSBM.TH","Bangsaphan Barmill Public Company Ltd.","Unknown","BKK"
"BSM.TH","BuilderSmart PCL","Unknown","BKK"
"BTC.TH","Bangpakong Terminal PCL","Unknown","BKK"
"BTNC.TH","Boutique Newcity Public Company Limited","Unknown","BKK"
"BTS.TH","BTS Group Holdings PCL","Unknown","BKK"
"BTSGIF.TH","BTS Rail Mass Transit Growth Infrstcr Fd","Unknown","BKK"
"BTW.TH","BT Wealth Industries PCL","Unknown","BKK"
"BUI.TH","Bangkok Union Insurance Public Co. Ltd.","Unknown","BKK"
"BWG.TH","Better World Green Public Company Ltd.","Unknown","BKK"
"CAWOW.TH","California WOW Xperience PCL","Unknown","BKK"
"CBG.TH","Carabao Group PCL","Unknown","BKK"
"CCET.TH","Cal-Comp Electronics Thailand PCL","Unknown","BKK"
"CCN.TH","CCN-TECH PCL","Unknown","BKK"
"CCP.TH","Chonburi Concrete Product Public Co. Ltd","Unknown","BKK"
"CEN.TH","Capital Engineering Network PCL","Unknown","BKK"
"CENTEL.TH","Central Plaza Hotel Public Company Ltd.","Unknown","BKK"
"CENTEL-R.TH","Central Plaza Hotel PCL","Unknown","BKK"
"CFRESH.TH","Seafresh Industry Public Company Limited","Unknown","BKK"
"CGD.TH","Country Group Development PCL","Unknown","BKK"
"CGH.TH","Country Group Holdings PCL","Unknown","BKK"
"CGS.TH","Country Group Securities PCL","Unknown","BKK"
"CHARAN.TH","Charan Insurance Public Company Limited","Unknown","BKK"
"CHEWA.TH","Chewathai PCL","Unknown","BKK"
"CHG.TH","Chularat Hospital PCL","Unknown","BKK"
"CHINA.TH","W.I.S.E. KTAM CSI 300 CHINA TRACKER","Unknown","BKK"
"CHO.TH","Cho Thavee PCL","Unknown","BKK"
"CHOTI.TH","Kiang Huat Sea Gull Trading Frozen Food","Unknown","BKK"
"CHOW.TH","Chow Steel Industries PCL","Unknown","BKK"
"CHUO.TH","Chuo Senko (Thailand) PCL","Unknown","BKK"
"CI.TH","Charn Issara Development PCL","Unknown","BKK"
"CIG.TH","C.I.Group Public Company Limited","Unknown","BKK"
"CIMBT.TH","CIMB Thai Bank PCL","Unknown","BKK"
"CITY.TH","City Steel PCL","Unknown","BKK"
"CK.TH","CH Karnchang PCL","Unknown","BKK"
"CKP-F.TH","CK Power PCL","Unknown","BKK"
"CM.TH","Chiangmai Frozen Foods PCL","Unknown","BKK"
"CMO.TH","CMO PCL","Unknown","BKK"
"CMR.TH","Chiang Mai Ram Medical Business PCL","Unknown","BKK"
"CNS.TH","Capital Nomura Securities PCL","Unknown","BKK"
"CNT.TH","Christiani & Nielsen (Thai) PCL","Unknown","BKK"
"COL.TH","COL PCL","Unknown","BKK"
"COLOR.TH","Salee Colour PCL","Unknown","BKK"
"COM7.TH","Com7 PCL","Unknown","BKK"
"CPALL.TH","CP All Public Company Limited","Unknown","BKK"
"CPF.TH","Charoen Pokphand Foods Public Co. Ltd.","Unknown","BKK"
"CPH.TH","Castle Peak Holdings Public Company Ltd.","Unknown","BKK"
"CPI.TH","Chumporn Palm Oil Industry PCL","Unknown","BKK"
"CPICO.TH","Central Paper Industry PCL","Unknown","BKK"
"CPL.TH","C.P.L Group Public Company Limited","Unknown","BKK"
"CPN.TH","Central Pattana PCL","Unknown","BKK"
"CPNCG.TH","CPN Commercial Growth Leasehold Property","Unknown","BKK"
"CPNRF.TH","CPN Retail Growth Property Fund","Unknown","BKK"
"CPR.TH","CPR Gomu Industrial PCL","Unknown","BKK"
"CPTGF.TH","CP Tower Growth Leasehold Property Fund","Unknown","BKK"
"CRANE.TH","Chu Kai PCL","Unknown","BKK"
"CRYSTAL.TH","Crystal Retail Growth Leasehold Prpty Fd","Unknown","BKK"
"CSC.TH","Crown Seal Public Company Limited","Unknown","BKK"
"CSC-P.TH","Crown Seal Public Company Limited","Unknown","BKK"
"CSL.TH","CS Loxinfo PCL","Unknown","BKK"
"CSP.TH","CSP Steel Center PCL","Unknown","BKK"
"CSR.TH","City Sports and Recreation PCL","Unknown","BKK"
"CSS.TH","Communication & System Solution PCL","Unknown","BKK"
"CTARAF.TH","Centara Hotels & Resorts Lh Pr Fd","Unknown","BKK"
"CTW.TH","Charoong Thai Wire & Cable PCL","Unknown","BKK"
"CWT-F.TH","Chai Watana Tannery Group PCL","Unknown","BKK"
"DAII.TH","Daii Group PCL","Unknown","BKK"
"DCC.TH","Dynasty Ceramic PCL","Unknown","BKK"
"DCON.TH","Dcon Products Public Company Limited","Unknown","BKK"
"DCORP.TH","Demeter Corporation PCL","Unknown","BKK"
"DELTA.TH","Delta Electronics Thailand PCL","Unknown","BKK"
"DEMCO.TH","Demco PCL","Unknown","BKK"
"DIF.TH","Digital Telecommuncnts Infrstrctre Fund","Unknown","BKK"
"DIMET.TH","Dimet (Siam) PCL","Unknown","BKK"
"DNA.TH","DNA 2002 PCL","Unknown","BKK"
"DRACO.TH","Draco PCB Public Company Limited","Unknown","BKK"
"DRT.TH","Diamond Building Products PCL","Unknown","BKK"
"DSGT.TH","DSG International (Thailand) PCL","Unknown","BKK"
"DTAC.TH","Total Access Communication PCL","Unknown","BKK"
"DTC.TH","Dusit Thani Public Co Ltd","Unknown","BKK"
"DTCI.TH","D.T.C. Industries Public Company Limited","Unknown","BKK"
"DTCPF.TH","Dusit Thani Freehold&Leasehold Prpty Fd","Unknown","BKK"
"DTM.TH","Datamat Public Co Ltd","Unknown","BKK"
"EA.TH","Energy Absolute PCL","Unknown","BKK"
"EARTH.TH","Energy Earth PCL","Unknown","BKK"
"EASON.TH","Eason Paint Public Company Limited","Unknown","BKK"
"EASTW.TH","Eastern Water Resources Dev. & Man. PCL","Unknown","BKK"
"EBANK.TH","KTAM SET BANKING ETF TRACKER","Unknown","BKK"
"ECF.TH","East Coast Furnitech PCL","Unknown","BKK"
"ECL.TH","Eastern Commercial Leasing PCL","Unknown","BKK"
"ECOMM.TH","KTAM SET COMMERCE ETF TRACKER","Unknown","BKK"
"EE.TH","Eternal Energy PCL","Unknown","BKK"
"EFOOD.TH","KTAM SET FOOD AND BEVERAGE ETF TRACKER","Unknown","BKK"
"EFORL.TH","E for L Aim PCL","Unknown","BKK"
"EGATIF.TH","NORTH BANGKOK POWER PLANT BLOCK 1","Unknown","BKK"
"EGCO.TH","Electricity Generating PCL","Unknown","BKK"
"EIC.TH","Electronics Industry Public Company Ltd.","Unknown","BKK"
"EICT.TH","KTAM SET ICT ETF TRACKER","Unknown","BKK"
"EKH.TH","Ekachai Medical Care PCL","Unknown","BKK"
"EMC.TH","EMC Public Company Limited","Unknown","BKK"
"ENGY.TH","MTRACK ENERGY ETF FUND","Unknown","BKK"
"ENY.TH","KTAM SET ENERGY ETF TRACKER","Unknown","BKK"
"EPCO.TH","Eastern Printing Public Company Limited","Unknown","BKK"
"EPG.TH","Eastern Polymer Group PCL","Unknown","BKK"
"ERW.TH","The Erawan Group PCL","Unknown","BKK"
"ERWPF.TH","Erawan Hotel Growth Property Fund","Unknown","BKK"
"ESET50.TH","KTAM SET50 ETF TRACKER","Unknown","BKK"
"ESSO.TH","Esso (Thailand) PCL","Unknown","BKK"
"ESTAR.TH","Eastern Star Real Estate Public Co Ltd","Unknown","BKK"
"EVER.TH","Everland Public Company Limited","Unknown","BKK"
"F&D.TH","Food and Drinks Public Company Limited","Unknown","BKK"
"FANCY.TH","Fancy Wood Industries PCL","Unknown","BKK"
"FC.TH","Evolution Capital Public Company Limited","Unknown","BKK"
"FE.TH","Far East DDB Public Company Limited","Unknown","BKK"
"FER.TH","Ferrum PCL","Unknown","BKK"
"FIRE-F.TH","Fire Victor PCL","Unknown","BKK"
"FMT.TH","Furukawa Metal (Thailand) PCL","Unknown","BKK"
"FNS.TH","Finansa PCL","Unknown","BKK"
"FOCUS.TH","Focus Development and Construction PCL","Unknown","BKK"
"FORTH.TH","Forth Corporation PCL","Unknown","BKK"
"FPI.TH","Fortune Parts Industry PCL","Unknown","BKK"
"FSMART.TH","Forth Smart Service PCL","Unknown","BKK"
"FSS.TH","Finansia Syrus Securities PCL","Unknown","BKK"
"FUTUREPF.TH","Future Park Leasehold Property Fund","Unknown","BKK"
"FVC.TH","Filter Vision PCL","Unknown","BKK"
"GBX.TH","Globlex Holding Management PCL","Unknown","BKK"
"GC.TH","Global Connections PCL","Unknown","BKK"
"GCAP.TH","G Capital PCL","Unknown","BKK"
"GEL.TH","General Engineering Public Company Ltd.","Unknown","BKK"
"GENCO.TH","General Environmental Conservation PCL","Unknown","BKK"
"GFM.TH","Goldfine Manufacturers PCL","Unknown","BKK"
"GFPT.TH","GFPT Public Company Limited","Unknown","BKK"
"GIFT.TH","Gratitude Infinite PCL","Unknown","BKK"
"GJS.TH","G J Steel PCL","Unknown","BKK"
"GL.TH","Group Lease Public Company Limited","Unknown","BKK"
"GLAND.TH","Grand Canal Land Public Company Limited","Unknown","BKK"
"GLD.TH","KTAM GOLD ETF TRACKER","Unknown","BKK"
"GLOBAL.TH","Siam Global House PCL","Unknown","BKK"
"GLOW.TH","Glow Energy Public Company Limited","Unknown","BKK"
"GOLD.TH","Golden Land Property Development PCL","Unknown","BKK"
"GOLD99.TH","THAIDEX GOLD ETF","Unknown","BKK"
"GOLDPF.TH","Gold Property Fund","Unknown","BKK"
"GPSC.TH","Global Power Synergy PCL","Unknown","BKK"
"GRAMMY.TH","GMM Grammy Public Company Limited","Unknown","BKK"
"GRAND.TH","Grande Asset Hotels and Property PCL","Unknown","BKK"
"GREEN.TH","Green Resources PCL","Unknown","BKK"
"GSTEL.TH","G Steel PCL","Unknown","BKK"
"GTB.TH","Getabec PCL","Unknown","BKK"
"GUNKUL.TH","Gunkul Engineering PCL","Unknown","BKK"
"GVREIT.TH","Golden Ventures Lsld Rl Est Invstmt Trst","Unknown","BKK"
"GYT.TH","Goodyear (Thailand) Public Company Ltd.","Unknown","BKK"
"HANA.TH","Hana Microelectronics Public Co. Ltd.","Unknown","BKK"
"HEMRAJ.TH","Hemaraj Land and Development Public Co.","Unknown","BKK"
"HFT.TH","Hwa Fong Rubber (Thailand) PCL","Unknown","BKK"
"HK.TH","KTAM HONG KONG ETF TRACKER","Unknown","BKK"
"HMPRO.TH","Home Product Center Public Co Ltd","Unknown","BKK"
"HOTPOT.TH","Hot Pot PCL","Unknown","BKK"
"HPF.TH","Hemraj Industrial Property&Leasehold FD","Unknown","BKK"
"HPT.TH","Home Pottery PCL","Unknown","BKK"
"HTC.TH","Haad Thip PCL","Unknown","BKK"
"HTECH.TH","Halcyon Technology PCL","Unknown","BKK"
"HYDRO.TH","Hydrotek PCL","Unknown","BKK"
"ICC.TH","I.C.C. International Public Company Ltd.","Unknown","BKK"
"ICC-R.TH","I.C.C. International Public Company Ltd.","Unknown","BKK"
"ICHI.TH","Ichitan Group PCL","Unknown","BKK"
"IEC.TH","The International Engineering PCL","Unknown","BKK"
"IFEC.TH","Inter Far East Energy Corporation PCL","Unknown","BKK"
"IFS.TH","IFS Capital (Thailand) PCL","Unknown","BKK"
"IHL.TH","Interhides Public Company Limited","Unknown","BKK"
"ILINK.TH","Interlink Communication (Thailand) PCL","Unknown","BKK"
"IMPACT.TH","IMPACT Growth Real Estate Investmt Trust","Unknown","BKK"
"INET.TH","Internet Thailand Public Company Limited","Unknown","BKK"
"INOX.TH","POSCO-Thainox PCL","Unknown","BKK"
"INSURE.TH","Indara Insurance Public Company Limited","Unknown","BKK"
"INTUCH.TH","Intouch Holdings PCL","Unknown","BKK"
"IRC.TH","Inoue Rubber (Thailand) PCL","Unknown","BKK"
"IRCP.TH","International Research Corporation PCL","Unknown","BKK"
"IRPC.TH","IRPC Public Company Limited","Unknown","BKK"
"IT.TH","IT City Public Company Limited","Unknown","BKK"
"ITD.TH","Italian-Thai Development Public Co Ltd.","Unknown","BKK"
"ITV.TH","ITV Public Company Limited","Unknown","BKK"
"IVL.TH","Indorama Ventures PCL","Unknown","BKK"
"J.TH","JAS Asset PCL","Unknown","BKK"
"JAS.TH","Jasmine International Public Company Ltd","Unknown","BKK"
"JASIF.TH","Jasmine Broadband Internet Gw Infrst FD","Unknown","BKK"
"JCP.TH","JC Leasehold Property Fund","Unknown","BKK"
"JCT.TH","Jack Chia Industries (Thailand) PCL","Unknown","BKK"
"JMART.TH","Jay Mart PCL","Unknown","BKK"
"JMT.TH","JMT Network Services PCL","Unknown","BKK"
"JSP.TH","JSP Property Public Co Ltd","Unknown","BKK"
"JTS.TH","Jasmine Telecom Systems PCL","Unknown","BKK"
"JUBILE.TH","Jubilee Enterprise PCL","Unknown","BKK"
"JUTHA.TH","Jutha Maritime PCL","Unknown","BKK"
"JUTHA-P.TH","Jutha Maritime PCL","Unknown","BKK"
"JWD.TH","JWD InfoLogistics PCL","Unknown","BKK"
"K.TH","Kingsmen CMTI PCL","Unknown","BKK"
"KAMART.TH","Karmarts Public Company Limited","Unknown","BKK"
"KASET.TH","Thai Ha PCL","Unknown","BKK"
"KBANK.TH","KASIKORNBANK PCL","Unknown","BKK"
"KBS.TH","Khonburi Sugar PCL","Unknown","BKK"
"KC.TH","K.C. Property Public Company Limited","Unknown","BKK"
"KCAR.TH","Krungthai Car Rent & Lease PCL","Unknown","BKK"
"KCE.TH","KCE Electronics Public Company Limited","Unknown","BKK"
"KCM.TH","KC Metalsheet PCL","Unknown","BKK"
"KDH.TH","Thonburi Medical Centre PCL","Unknown","BKK"
"KG965.TH","K GOLD ETF","Unknown","BKK"
"KGI.TH","KGI Securities Thailand PCL","Unknown","BKK"
"KIAT.TH","Kiattana Transport PCL","Unknown","BKK"
"KKC.TH","Kulthorn Kirby Public Company Limited","Unknown","BKK"
"KKP.TH","Kiatnakin Bank PCL","Unknown","BKK"
"KOOL.TH","Masterkool International PCL","Unknown","BKK"
"KPNPF.TH","KPN Property Fund","Unknown","BKK"
"KSL.TH","Khon Kaen Sugar Industry PCL","Unknown","BKK"
"KTB.TH","Krung Thai Bank PCL","Unknown","BKK"
"KTB-P.TH","Krung Thai Bank PCL","Unknown","BKK"
"KTC.TH","Krungthai Card PCL","Unknown","BKK"
"KTECH.TH","KTech Construction PCL","Unknown","BKK"
"KTIS.TH","Kaset Thai Intrntnl Sgr Crprtn PCL","Unknown","BKK"
"KWC.TH","Krungdhep Sophon Public Company Limited","Unknown","BKK"
"KWG.TH","Keppel Thai Properties Public Co. Ltd","Unknown","BKK"
"KYE.TH","Kang Yong Electric PCL","Unknown","BKK"
"L&E.TH","Lighting and Equipment PCL","Unknown","BKK"
"L&E-R.TH","Lighting and Equipment PCL","Unknown","BKK"
"LALIN.TH","Lalin Property Public Company Limited","Unknown","BKK"
"LANNA.TH","Lanna Resources Public Company Limited","Unknown","BKK"
"LDC.TH","LDC Dental PCL","Unknown","BKK"
"LEE.TH","Lee Feed Mill Public Company Limited","Unknown","BKK"
"LH.TH","Land & Houses Public Company Limited","Unknown","BKK"
"LHBANK.TH","LH Financial Group PCL","Unknown","BKK"
"LHHOTEL.TH","LH Hotel Leasehold Real Estate Invt Trst","Unknown","BKK"
"LHK.TH","Lohakit Metal PCL","Unknown","BKK"
"LHPF.TH","Land & Huses Frhld & Leashld Proprty Fnd","Unknown","BKK"
"LHSC.TH","LH Shopping Centers Leasehold REIT","Unknown","BKK"
"LIT.TH","Lease IT PCL","Unknown","BKK"
"LOXLEY.TH","Loxley PCL","Unknown","BKK"
"LPH.TH","Ladprao General Hospital PCL","Unknown","BKK"
"LPN.TH","L.P.N. Development PCL","Unknown","BKK"
"LRH.TH","Laguna Resorts and Hotels PCL","Unknown","BKK"
"LST.TH","Lam Soon (Thailand) PCL","Unknown","BKK"
"LTX.TH","Luckytex (Thailand) PCL","Unknown","BKK"
"LUXF.TH","Luxury Real Estate Investment Fund","Unknown","BKK"
"LVT.TH","L.V. Technology Public Company Limited","Unknown","BKK"
"M.TH","MK Restaurant Group PCL","Unknown","BKK"
"M-AAA.TH","MFC Amazing A-la Andaman Property Fund","Unknown","BKK"
"M-CHAI.TH","Mahachai Hospital Public Company Limited","Unknown","BKK"
"M-II.TH","MFC Industrial Investment Property","Unknown","BKK"
"M-PAT.TH","MFC PATONG HERITAGE PROPERTY FUND","Unknown","BKK"
"M-STOR.TH","MFC-Strategic Storage Fund","Unknown","BKK"
"MACO.TH","Master Ad PCL","Unknown","BKK"
"MAJOR.TH","Major Cineplex Group Public Co Ltd","Unknown","BKK"
"MAKRO.TH","Siam Makro Public Company Limited","Unknown","BKK"
"MALEE.TH","Malee Group PCL","Unknown","BKK"
"MANRIN.TH","Mandarin Hotel Public Company Limited","Unknown","BKK"
"MATCH.TH","Matching Maximize Solution PCL","Unknown","BKK"
"MATI.TH","Matichon PCL","Unknown","BKK"
"MAX.TH","Max Metal Corporation PCL","Unknown","BKK"
"MBAX.TH","Multibax PCL","Unknown","BKK"
"MBK.TH","MBK PCL","Unknown","BKK"
"MBKET.TH","Maybank Kim Eng Securities Thailand PCL","Unknown","BKK"
"MC.TH","MC Group PCL","Unknown","BKK"
"MCOT.TH","MCOT Public Company Limited","Unknown","BKK"
"MCS.TH","M.C.S. Steel Public Company","Unknown","BKK"
"MDX.TH","M.D.X. Public Company Limited","Unknown","BKK"
"MEGA.TH","Mega Lifesciences Public Co Ltd","Unknown","BKK"
"MEM.TH","MAYBANK EMERGING ETF","Unknown","BKK"
"METCO.TH","Muramoto Electron Thailand PCL","Unknown","BKK"
"MEU.TH","MAYBANK EURO ETF","Unknown","BKK"
"MFC.TH","MFC Asset Management PCL","Unknown","BKK"
"MFEC.TH","MFEC Public Company Limited","Unknown","BKK"
"MGE.TH","MFC Global Equity Fund","Unknown","BKK"
"MIDA.TH","Mida Assets PCL","Unknown","BKK"
"MILL.TH","Millcon Steel PCL","Unknown","BKK"
"MINT.TH","Minor International Public Co. Ltd","Unknown","BKK"
"MIPF.TH","Millionaire Property","Unknown","BKK"
"MIT.TH","MFC INDUSTRIAL REAL ESTATE INVESTMENT","Unknown","BKK"
"MJD.TH","Major Development PCL","Unknown","BKK"
"MJLF.TH","Major Cineplex Lifestyle Leasehld Pty Fd","Unknown","BKK"
"MJP.TH","MAYBANK JAPAN ETF","Unknown","BKK"
"MK.TH","M.K. Real Estate Development PCL","Unknown","BKK"
"ML.TH","Mida Leasing Public Company Limited","Unknown","BKK"
"MNIT.TH","MFC-Nichada Thani Property","Unknown","BKK"
"MNIT2.TH","MFC-Nichada Thani Property Fund 2","Unknown","BKK"
"MNRF.TH","Multi-National Residence Fund","Unknown","BKK"
"MODERN.TH","Modernform Group PCL","Unknown","BKK"
"MODERN-F.TH","MODERNFORM GROUP PUBLIC COMPANY LIMITED","Unknown","BKK"
"MONO.TH","Mono Technology PCL","Unknown","BKK"
"MONTRI.TH","101 Storage Property Fund","Unknown","BKK"
"MOONG.TH","Moong Pattana International PCL","Unknown","BKK"
"MPG.TH","MPG Corp PCL","Unknown","BKK"
"MPIC.TH","M Pictures Entertainment PCL","Unknown","BKK"
"MSC.TH","Metro Systems Corporation","Unknown","BKK"
"MTI.TH","Muang Thai Insurance PCL","Unknown","BKK"
"MTLS.TH","Muangthai Leasing PCL","Unknown","BKK"
"MUS.TH","MAYBANK US ETF","Unknown","BKK"
"NBC.TH","Nation Broadcasting Corp PCL","Unknown","BKK"
"NC.TH","Newcity (Bangkok) Public Company Limited","Unknown","BKK"
"NCH.TH","N.C. Housing PCL","Unknown","BKK"
"NCL.TH","NCL International Logistics PCL","Unknown","BKK"
"NDR.TH","ND Rubber PCL","Unknown","BKK"
"NEP.TH","Nep Realty and Industry Public Co. Ltd.","Unknown","BKK"
"NETBAY.TH","Netbay PCL","Unknown","BKK"
"NEW.TH","Wattana Karnpaet PCL","Unknown","BKK"
"NEWS.TH","News Network Corp PCL","Unknown","BKK"
"NFC.TH","NFC Fertilizer Public Company Limited","Unknown","BKK"
"NINE.TH","Nation International Edutainment PCL","Unknown","BKK"
"NKI.TH","The Navakij Insurance PCL","Unknown","BKK"
"NMG.TH","Nation Multimedia Group Public Co. Ltd.","Unknown","BKK"
"NNCL.TH","Nava Nakorn Public Company Limited","Unknown","BKK"
"NOBLE.TH","Noble Development PCL","Unknown","BKK"
"NOK.TH","Nok Airlines PCL","Unknown","BKK"
"NPK.TH","New Plus Knitting Public Company Limited","Unknown","BKK"
"NPP.TH","Nippon Pack (Thailand) PCL","Unknown","BKK"
"NSI.TH","Nam Seng Insurance Public Company Ltd.","Unknown","BKK"
"NTV.TH","Nonthavej Hospital Public Company Ltd.","Unknown","BKK"
"NUSA.TH","Nusasiri PCL","Unknown","BKK"
"NWR.TH","Nawarat Patanakarn Public Company Ltd.","Unknown","BKK"
"NYT.TH","Namyong Terminal PCL","Unknown","BKK"
"OCC.TH","OCC PCL","Unknown","BKK"
"OCEAN.TH","Ocean Commerce PLC","Unknown","BKK"
"OGC.TH","Ocean Glass PCL","Unknown","BKK"
"OHTL.TH","OHTL PCL","Unknown","BKK"
"OISHI.TH","Oishi Group PCL","Unknown","BKK"
"ORI.TH","Origin Property PCL","Unknown","BKK"
"OSK.TH","RHB OSK Securities Thailand PCL","Unknown","BKK"
"OSK-R.TH","RHB OSK Securities Thailand PCL","Unknown","BKK"
"OTO.TH","One to One Contacts PCL","Unknown","BKK"
"PACE.TH","Pace Development Corp PCL","Unknown","BKK"
"PAE.TH","PAE (Thailand) PCL","Unknown","BKK"
"PAF.TH","Pan Asia Footwear Public Company Limited","Unknown","BKK"
"PAF-R.TH","Pan Asia Footwear Public Company Limited","Unknown","BKK"
"PAP.TH","Pacific Pipe PCL","Unknown","BKK"
"PATO.TH","Pato Chemical Industry Public Co., Ltd.","Unknown","BKK"
"PB.TH","President Bakery PCL","Unknown","BKK"
"PCA.TH","Planet Communications Asia PCL","Unknown","BKK"
"PCSGH.TH","PCS Machine Group Holding PCL","Unknown","BKK"
"PDG.TH","Prodigy PCL","Unknown","BKK"
"PDI.TH","Padaeng Industry Public Company Limited","Unknown","BKK"
"PE.TH","Premier Enterprise PCL","Unknown","BKK"
"PERM.TH","Permsin Steel Works PCL","Unknown","BKK"
"PF.TH","Property Perfect PCL","Unknown","BKK"
"PG.TH","People's Garment Public Company Limited","Unknown","BKK"
"PHOL.TH","Phol Dhanya Public Company Limited","Unknown","BKK"
"PICNI.TH","Picnic Corporation PCL","Unknown","BKK"
"PICO.TH","Pico (Thailand) PCL","Unknown","BKK"
"PIMO.TH","Pioneer Motor PCL","Unknown","BKK"
"PJW.TH","Panjawatana Plastic PCL","Unknown","BKK"
"PK.TH","Patkol Public Company Limited","Unknown","BKK"
"PK-R.TH","Patkol Public Company Limited","Unknown","BKK"
"PL.TH","Phatra Leasing Public Company Limited","Unknown","BKK"
"PLANB.TH","Plan B Media PCL","Unknown","BKK"
"PLAT.TH","Platinum Group PCL","Unknown","BKK"
"PLE.TH","Power Line Engineering Public Company","Unknown","BKK"
"PM.TH","Premier Marketing PCL","Unknown","BKK"
"PMTA.TH","PM Thoresen Asia Holdings PCL","Unknown","BKK"
"POLAR.TH","Polaris Capital PCL","Unknown","BKK"
"POMPUI.TH","Kuang Pei San Food Products PCL","Unknown","BKK"
"POPF.TH","Prime Office Leasehold Property Fund","Unknown","BKK"
"POST.TH","The Post Publishing PCL","Unknown","BKK"
"PPC.TH","Pakfood Public Company Limited","Unknown","BKK"
"PPF.TH","Pinthong Industrial Park Property Fund","Unknown","BKK"
"PPM.TH","Porn Prom Metal Public Company Limited","Unknown","BKK"
"PPP.TH","Premier Products Public Co Ltd","Unknown","BKK"
"PPS.TH","Project Planning Service PCL","Unknown","BKK"
"PR.TH","President Rice Products PCL","Unknown","BKK"
"PRAKIT.TH","Prakit Holdings PCL","Unknown","BKK"
"PRANDA.TH","Pranda Jewelry Public Co Ltd","Unknown","BKK"
"PREB.TH","Pre-Built PCL","Unknown","BKK"
"PRECHA.TH","Preecha Group Company Limited","Unknown","BKK"
"PRG.TH","Patum Rice Mill & Granary PCL","Unknown","BKK"
"PRIN.TH","Prinsiri Public Company Limited","Unknown","BKK"
"PRINC.TH","Principal Capital PCL","Unknown","BKK"
"PRO.TH","Professional Waste Technology (1999) PCL","Unknown","BKK"
"PS.TH","Pruksa Real Estate Public Company Ltd","Unknown","BKK"
"PSL.TH","Precious Shipping Public Company Limited","Unknown","BKK"
"PSTC.TH","Power Solution Technologies PCL","Unknown","BKK"
"PT.TH","Premier Technology PCL","Unknown","BKK"
"PTG.TH","PTG Energy PCL","Unknown","BKK"
"PTL.TH","Polyplex (Thailand) PCL","Unknown","BKK"
"PTT.TH","PTT Public Company Limited","Unknown","BKK"
"PTTEP.TH","PTT Exploration and Production PCL","Unknown","BKK"
"PTTGC.TH","PTT Global Chemical PCL","Unknown","BKK"
"PYLON.TH","Pylon Public Company Limited","Unknown","BKK"
"Q-CON.TH","Quality Construction Products PCL","Unknown","BKK"
"QH.TH","Quality Houses Public Company Limited","Unknown","BKK"
"QHHR.TH","Quality Houses Hotel & Residence FLPF","Unknown","BKK"
"QHOP.TH","Quality Hospitality Leasehold Prop","Unknown","BKK"
"QHPF.TH","Quality Houses Leasehold Property Fund","Unknown","BKK"
"QLT.TH","Qualitech PCL","Unknown","BKK"
"QTC.TH","QTC Energy PCL","Unknown","BKK"
"RAM.TH","Ramkhamhaeng Hospital PCL","Unknown","BKK"
"RATCH.TH","Ratchaburi Electricity Generating Hldg.","Unknown","BKK"
"RCI.TH","The Royal Ceramic Industry Public Co.","Unknown","BKK"
"RCL.TH","Regional Container Lines PCL","Unknown","BKK"
"RICH.TH","Rich Asia Corporation PCL","Unknown","BKK"
"RICHY.TH","Richy Place 2002 PCL","Unknown","BKK"
"RML.TH","Raimon Land Public Company Limited","Unknown","BKK"
"ROBINS.TH","Robinson Department Store PCL","Unknown","BKK"
"ROCK.TH","Rockworth Public Company Limited","Unknown","BKK"
"ROH.TH","Royal Orchid Hotel (Thailand) PCL","Unknown","BKK"
"ROJNA.TH","Rojana Industrial Park PCL","Unknown","BKK"
"RP.TH","Raja Ferry Port PCL","Unknown","BKK"
"RPC.TH","RPCG PCL","Unknown","BKK"
"RS.TH","R.S. Public Company Limited","Unknown","BKK"
"RWI.TH","Rayong Wire Industries PCL","Unknown","BKK"
"S.TH","Singha Estate PCL","Unknown","BKK"
"S-&-J.TH","S & J International Enterprises PCL","Unknown","BKK"
"S11.TH","S 11 Group PCL","Unknown","BKK"
"SABINA.TH","Sabina PCL","Unknown","BKK"
"SAFARI.TH","Safari World Public Company Limited","Unknown","BKK"
"SALEE.TH","Salee Industry Public Company Limited","Unknown","BKK"
"SAM.TH","Samchai Steel Industries PCL","Unknown","BKK"
"SAMART.TH","Samart Corporation PCL","Unknown","BKK"
"SAMCO.TH","Sammakorn PCL","Unknown","BKK"
"SAMTEL.TH","Samart Telcoms PCL","Unknown","BKK"
"SANKO.TH","Sanko Diecasting Thailand Public Co Ltd","Unknown","BKK"
"SAPPE.TH","SAPPE PCL","Unknown","BKK"
"SAT.TH","Somboon Advance Technology PCL","Unknown","BKK"
"SAUCE.TH","Thaitheparos PCL","Unknown","BKK"
"SAWAD.TH","Srisawad Power 1979 PCL","Unknown","BKK"
"SAWANG.TH","Sawang Export PCL","Unknown","BKK"
"SBPF.TH","Samui Buri Property Fund","Unknown","BKK"
"SC.TH","SC Asset Corporation PCL","Unknown","BKK"
"SCAN.TH","Scan Global PCL","Unknown","BKK"
"SCB.TH","Siam Commercial Bank PCL","Unknown","BKK"
"SCB-P.TH","Siam Commercial Bank PCL","Unknown","BKK"
"SCBLIF.TH","SCB Life Assurance PCL","Unknown","BKK"
"SCBSET.TH","SCB Set Index","Unknown","BKK"
"SCC.TH","The Siam Cement PCL","Unknown","BKK"
"SCCC.TH","Siam City Cement PCL","Unknown","BKK"
"SCG.TH","Sahacogen (Chonburi) PCL","Unknown","BKK"
"SCI.TH","SCI Electric PCL","Unknown","BKK"
"SCN.TH","Scan Inter PCL","Unknown","BKK"
"SCP.TH","Southern Concrete Pile Public Co. Ltd.","Unknown","BKK"
"SE-ED.TH","SE Education PCL","Unknown","BKK"
"SEAFCO.TH","SEAFCO PCL","Unknown","BKK"
"SEAOIL.TH","Sea Oil PCL","Unknown","BKK"
"SECC.TH","S.E.C. Auto Sales and Services PCL","Unknown","BKK"
"SENA.TH","Sena Development PCL","Unknown","BKK"
"SF.TH","Siam Future Development PCL","Unknown","BKK"
"SFP.TH","Siam Food Products PCL","Unknown","BKK"
"SGF.TH","Siam General Factoring PCL","Unknown","BKK"
"SGF-P1.TH","SIAM GENERAL FACTORING PUBLIC COMPANY","Unknown","BKK"
"SGP.TH","Siamgas and Petrochemicals PCL","Unknown","BKK"
"SHANG.TH","Shangri-La Hotel Public Company Limited","Unknown","BKK"
"SIAM.TH","Siam Steel International Public Co. Ltd.","Unknown","BKK"
"SIM.TH","Samart I-Mobile PCL","Unknown","BKK"
"SIMAT.TH","Simat Technologies PCL","Unknown","BKK"
"SINGER.TH","Singer Thailand Public Company Limited","Unknown","BKK"
"SINGHA.TH","Singha Paratech PCL","Unknown","BKK"
"SIRI.TH","Sansiri Public Company Limited","Unknown","BKK"
"SIRIP.TH","Siri Prime Office Property Fund","Unknown","BKK"
"SIS.TH","SiS Distribution (Thailand) PCL","Unknown","BKK"
"SITHAI.TH","Srithai Superware Public Company Limited","Unknown","BKK"
"SKR.TH","Sikarin PCL","Unknown","BKK"
"SLP.TH","SALEE PRINTING PUBLIC COMPANY LIMITED","Unknown","BKK"
"SMART.TH","Smart Concrete PCL","Unknown","BKK"
"SMC.TH","SMC Power Public Company Limited","Unknown","BKK"
"SMG.TH","Samaggi Insurance PCL","Unknown","BKK"
"SMIT.TH","Sahamit Machinery Public Company Limited","Unknown","BKK"
"SMK.TH","Syn Mun Kong Insurance PCL","Unknown","BKK"
"SMM.TH","Siam Inter Multimedia PCL","Unknown","BKK"
"SMPC.TH","Sahamitr Pressure Container PCL","Unknown","BKK"
"SMT.TH","Stars Microelectronics (Thailand) PCL","Unknown","BKK"
"SNC.TH","SNC Former Public Company Limited","Unknown","BKK"
"SNP.TH","S and P Syndicate PCL","Unknown","BKK"
"SOLAR.TH","Solartron Public Company Limited","Unknown","BKK"
"SORKON.TH","S. Khonkaen Foods PCL","Unknown","BKK"
"SPA.TH","Siam Wellness Group PCL","Unknown","BKK"
"SPACK.TH","S. Pack & Print PCL","Unknown","BKK"
"SPALI.TH","Supalai PCL","Unknown","BKK"
"SPALI-R.TH","Supalai PCL","Unknown","BKK"
"SPC.TH","Saha Pathanapibul PCL","Unknown","BKK"
"SPCG.TH","SPCG PCL","Unknown","BKK"
"SPF.TH","Samui Airport Property Fund Leasehold","Unknown","BKK"
"SPG.TH","Siam Pan Group Public Company Limited","Unknown","BKK"
"SPI.TH","Saha Pathana Inter-Holding PCL","Unknown","BKK"
"SPORT.TH","Siam Sport Syndicate Public Company","Unknown","BKK"
"SPPT.TH","Single Point Parts (Thailand) PCL","Unknown","BKK"
"SPRC.TH","Star Petroleum Refining PCL","Unknown","BKK"
"SPVI.TH","SPVI Public Co Ltd","Unknown","BKK"
"SPWPF.TH","Sri Panwa Hotel Property Fund","Unknown","BKK"
"SR.TH","Siamraj PCL","Unknown","BKK"
"SRICHA.TH","Sriracha Construction PCL","Unknown","BKK"
"SSC.TH","Serm Suk Public Company Limited","Unknown","BKK"
"SSF.TH","Surapon Foods Public Company Limited","Unknown","BKK"
"SSI.TH","Sahaviriya Steel Industries PCL","Unknown","BKK"
"SSPF.TH","Sala @ Sathorn Property Fund","Unknown","BKK"
"SSSC.TH","Siam Steel Service Center Public Co. Ltd","Unknown","BKK"
"SST.TH","Sub Sri Thai PCL","Unknown","BKK"
"SSTPF.TH","Sub Sri Thai Property Fund","Unknown","BKK"
"SSTSS.TH","SUBSRITHAI SMART STORAGE PROPERTY FUND","Unknown","BKK"
"STA.TH","Sri Trang Agro-Industry PCL","Unknown","BKK"
"STANLY.TH","Thai Stanley Electric PCL","Unknown","BKK"
"STAR.TH","Star Sanitaryware Public Company Limited","Unknown","BKK"
"STEC.TH","Sino Thai Engineering and Constructn PCL","Unknown","BKK"
"STHAI.TH","Shun Thai Rubber Gloves Industry PCL","Unknown","BKK"
"STPI.TH","STP&I PCL","Unknown","BKK"
"SUC.TH","Saha Union PCL","Unknown","BKK"
"SUPER.TH","Superblock PCL","Unknown","BKK"
"SUSCO.TH","Susco PCL","Unknown","BKK"
"SUTHA.TH","Golden Lime PCL","Unknown","BKK"
"SVH.TH","Samitivej PCL","Unknown","BKK"
"SVI.TH","SVI Public Company Limited","Unknown","BKK"
"SVOA.TH","SVOA PCL","Unknown","BKK"
"SVOA-R.TH","SVOA PCL","Unknown","BKK"
"SWC.TH","Sherwood Chemicals PCL","Unknown","BKK"
"SYMC.TH","Symphony Communication PCL","Unknown","BKK"
"SYNEX.TH","Synnex (Thailand) Public Company Limited","Unknown","BKK"
"SYNTEC.TH","Syntec Construction Public Company Ltd.","Unknown","BKK"
"T.TH","Thai Industrial and Engineering Srvc PCL","Unknown","BKK"
"TACC.TH","TAC Consumer PCL","Unknown","BKK"
"TAE.TH","Thai Agro Energy PCL","Unknown","BKK"
"TAKUNI.TH","Takuni Group PCL","Unknown","BKK"
"TAPAC.TH","Tapaco PCL","Unknown","BKK"
"TASCO.TH","Tipco Asphalt Public Company Limited","Unknown","BKK"
"TBSP.TH","Thai British Security Printing PCL","Unknown","BKK"
"TC.TH","Tropical Canning (Thailand) PCL","Unknown","BKK"
"TCAP.TH","Thanachart Capital PCL","Unknown","BKK"
"TCAP-P.TH","Thanachart Capital PCL","Unknown","BKK"
"TCB.TH","Thai Carbon Black Public Company Limited","Unknown","BKK"
"TCC.TH","Thai Capital Corporation PCL","Unknown","BKK"
"TCC-R.TH","Thai Capital Corporation PCL","Unknown","BKK"
"TCCC.TH","Thai Central Chemical Public Company Ltd","Unknown","BKK"
"TCIF.TH","Thai Commercial Inv Frehd & Leashld Fund","Unknown","BKK"
"TCJ.TH","TCJ Asia PCL","Unknown","BKK"
"TCMC.TH","Thailand Carpet Manufacturing PCL","Unknown","BKK"
"TCOAT.TH","Thai Coating Industrial Public Co Ltd","Unknown","BKK"
"TCP.TH","Thai Cane Paper Public Company Limited","Unknown","BKK"
"TDEX.TH","Thaidex Set50 ETF","Unknown","BKK"
"TEAM.TH","Team Precision PCL","Unknown","BKK"
"TF.TH","Thai President Foods PCL","Unknown","BKK"
"TFD.TH","Thai Factory Development Public Co. Ltd.","Unknown","BKK"
"TFG.TH","Thai Foods Group PCL","Unknown","BKK"
"TFI.TH","Thai Film Industries PCL","Unknown","BKK"
"TFUND.TH","TICON Property Fund","Unknown","BKK"
"TGCI.TH","Thai-German Ceramic Industry PCL","Unknown","BKK"
"TGOLDETF.TH","THANACHART GOLD ETF","Unknown","BKK"
"TGPRO.TH","Thai German Products PCL","Unknown","BKK"
"TGROWTH.TH","TICON Industrial Growth Leasehld Pty FD","Unknown","BKK"
"TH.TH","Tong Hua Holding PCL","Unknown","BKK"
"TH100.TH","THAIDEX SET100 ETF","Unknown","BKK"
"THAI.TH","Thai Airways International PCL","Unknown","BKK"
"THANA.TH","Thanasiri Group PCL","Unknown","BKK"
"THANI.TH","Ratchthani Leasing Public Company Ltd.","Unknown","BKK"
"THCOM.TH","Thaicom PCL","Unknown","BKK"
"THE.TH","Steel PCL","Unknown","BKK"
"THIF.TH","Thai Hotel Invstmt Frhld & Lshld Prty Fd","Unknown","BKK"
"THIP.TH","Thantawan Industry Public Company Ltd.","Unknown","BKK"
"THL.TH","Tongkah Harbour Public Company Limited","Unknown","BKK"
"THRE.TH","Thai Reinsurance Public Co., Ltd.","Unknown","BKK"
"THREL.TH","Thaire Life Assurance PCL","Unknown","BKK"
"TIC.TH","The Thai Insurance Public Company Ltd.","Unknown","BKK"
"TIC-P.TH","THE THAI INSURANCE PUBLIC COMPANY","Unknown","BKK"
"TICON.TH","TICON Industrial Connection PCL","Unknown","BKK"
"TIF1.TH","Thai Industrial 1","Unknown","BKK"
"TIP.TH","Dhipaya Insurance Public Company Limited","Unknown","BKK"
"TIPCO.TH","TipCo Foods PCL","Unknown","BKK"
"TISCO.TH","TISCO Financial Group PCL","Unknown","BKK"
"TISCO-P.TH","TISCO Financial Group PCL","Unknown","BKK"
"TIW.TH","Thailand Iron Works PCL","Unknown","BKK"
"TK.TH","Thitikorn Public Company Limited","Unknown","BKK"
"TKN.TH","Taokaenoi Food & Marketing PCL","Unknown","BKK"
"TKS.TH","T.K.S. Technologies PCL","Unknown","BKK"
"TKT.TH","T. Krungthai Industries PCL","Unknown","BKK"
"TLGF.TH","Tesco Lotus Retail Growth Freehold","Unknown","BKK"
"TLHPF.TH","THAILAND HOSPITALITY PROPERTY FUND","Unknown","BKK"
"TLOGIS.TH","Tpark Logistics Property Fund","Unknown","BKK"
"TLUXE.TH","Thai Luxe Enterprises PCL","Unknown","BKK"
"TMB.TH","TMB Bank PCL","Unknown","BKK"
"TMC.TH","TMC Industrial PCL","Unknown","BKK"
"TMD.TH","Thai Metal Drum Manufacturing PCL","Unknown","BKK"
"TMI.TH","Teera-Mongkol Industry PCL","Unknown","BKK"
"TMILL.TH","T S Flour Mill PCL","Unknown","BKK"
"TMT.TH","Thai Metal Trade PCL","Unknown","BKK"
"TMW.TH","Thai Mitsuwa Public Company Limited","Unknown","BKK"
"TNDT.TH","Thai Nondestructive Testing PCL","Unknown","BKK"
"TNH.TH","Thai Nakarin Hospital Public Company Ltd","Unknown","BKK"
"TNITY.TH","Trinity Watthana PCL","Unknown","BKK"
"TNL.TH","Thanulux Public Company Limited","Unknown","BKK"
"TNP.TH","Thanapiriya PCL","Unknown","BKK"
"TNPC.TH","Thai Nam Plastic Public Company Limited","Unknown","BKK"
"TNPF.TH","Trinity Freehold and Leasehold Prprty Fd","Unknown","BKK"
"TOG.TH","Thai Optical Group PCL","Unknown","BKK"
"TOP.TH","Thai Oil PCL","Unknown","BKK"
"TOPP.TH","Thai O.P.P. Public Company Limited","Unknown","BKK"
"TPA.TH","Thai Poly Acrylic Public Company Limited","Unknown","BKK"
"TPAC.TH","Thai Plaspac PCL","Unknown","BKK"
"TPBI.TH","TPBI PCL","Unknown","BKK"
"TPC.TH","Thai Plastic and Chemicals PCL","Unknown","BKK"
"TPCH.TH","TPC Power Holding PCL","Unknown","BKK"
"TPCORP.TH","Textile Prestige Public Company Limited","Unknown","BKK"
"TPIPL.TH","TPI Polene Public Company Limited","Unknown","BKK"
"TPOLY.TH","Thai Polycons Public Company Limited","Unknown","BKK"
"TPP.TH","Thai Packaging & Printing PCL","Unknown","BKK"
"TPROP.TH","Thai Property Public Company Limited","Unknown","BKK"
"TR.TH","Thai Rayon PCL","Unknown","BKK"
"TRC.TH","TRC Construction Public Company Ltd","Unknown","BKK"
"TREIT.TH","Ticon Freehold&Leasehold REIT","Unknown","BKK"
"TRIF.TH","Thai Retail Investment Fund","Unknown","BKK"
"TRITN.TH","Triton Holding PCL","Unknown","BKK"
"TRS.TH","Trang Seafood Products Public Co. Ltd.","Unknown","BKK"
"TRT.TH","Tirathai PCL","Unknown","BKK"
"TRU.TH","Thai Rung Union Car Public Co., Ltd.","Unknown","BKK"
"TRUBB.TH","Thai Rubber Latex Corporatn Thailand PCL","Unknown","BKK"
"TRUE.TH","True Corporation PCL","Unknown","BKK"
"TSC.TH","Thai Steel Cable Public Company Limited","Unknown","BKK"
"TSE.TH","Thai Solar Energy PCL","Unknown","BKK"
"TSF.TH","Three Sixty Five PCL","Unknown","BKK"
"TSI.TH","The Thai Setakij Insurance PCL","Unknown","BKK"
"TSR.TH","Thiensurat PCL","Unknown","BKK"
"TSTE.TH","Thai Sugar Terminal Public Company Ltd.","Unknown","BKK"
"TSTH.TH","Tata Steel (Thailand) PCL","Unknown","BKK"
"TSTH-R.TH","Tata Steel (Thailand) PCL","Unknown","BKK"
"TT&T.TH","TT&T Public Company Limited","Unknown","BKK"
"TTA.TH","Thoresen Thai Agencies Public Co. Ltd.","Unknown","BKK"
"TTCL.TH","TTCL PCL","Unknown","BKK"
"TTI.TH","Thai Textile Industry Public Co. Ltd.","Unknown","BKK"
"TTL.TH","TTL Industries Public Company Limited","Unknown","BKK"
"TTLPF.TH","Talaad Thai Leasehold Property Fund","Unknown","BKK"
"TTTM.TH","Thai Toray Textile Mills Public Co. Ltd.","Unknown","BKK"
"TTW.TH","TTW PCL","Unknown","BKK"
"TU.TH","Thai Union Group PCL","Unknown","BKK"
"TU-PF.TH","TU Dome Residential Complex Lshld Pty Fd","Unknown","BKK"
"TUCC.TH","Thai Unique Coil Center PCL","Unknown","BKK"
"TVD.TH","TV Direct PCL","Unknown","BKK"
"TVI.TH","Thaivivat Insurance PCL","Unknown","BKK"
"TVO.TH","Thai Vegetable Oil PCL","Unknown","BKK"
"TVT.TH","TV Thunder PCL","Unknown","BKK"
"TWFP.TH","Thai Wah Food Products Public Co. Ltd","Unknown","BKK"
"TWP.TH","Thai Wire Products PCL","Unknown","BKK"
"TWPC.TH","Thai Wah PCL","Unknown","BKK"
"TWS.TH","Thai Wah Starch PCL","Unknown","BKK"
"TWZ.TH","TWZ Corporation PCL","Unknown","BKK"
"TYCN.TH","Tycoons Worldwide Group Thailand PCL","Unknown","BKK"
"U.TH","U City PCL","Unknown","BKK"
"UAC.TH","UAC Global PCL","Unknown","BKK"
"UBIS.TH","UBIS (ASIA) Public Company Limited","Unknown","BKK"
"UEC.TH","Unimit Engineering PCL","Unknown","BKK"
"UKEM.TH","Union Petrochemical PCL","Unknown","BKK"
"UMI.TH","Union Mosaic Industry PCL","Unknown","BKK"
"UMS.TH","Unique Mining Services PCL","Unknown","BKK"
"UNIPF.TH","Uniloft Property","Unknown","BKK"
"UNIQ.TH","Unique Engineering and Construction PCL","Unknown","BKK"
"UOB8TF.TH","UOB Freehold Eight Thonglor Property","Unknown","BKK"
"UOBAPF.TH","UOB Apartment PROP Fund I (Leasehold)","Unknown","BKK"
"UOBKH.TH","UOB Kay Hian Securities Thailand PCL","Unknown","BKK"
"UP.TH","Union Plastic Public Company Limited","Unknown","BKK"
"UPA.TH","United Power of Asia PCL","Unknown","BKK"
"UPF.TH","Union Pioneer Public Company Limited","Unknown","BKK"
"UPOIC.TH","United Palm Oil Industry Public Co. Ltd.","Unknown","BKK"
"URBNPF.TH","Urbana Property Fund","Unknown","BKK"
"UREKA.TH","Eureka Design Public Company Limited","Unknown","BKK"
"UT.TH","Union Textile Industries PCL","Unknown","BKK"
"UTP.TH","United Paper Public Company Limited","Unknown","BKK"
"UV.TH","Univentures Public Company Limited","Unknown","BKK"
"UVAN.TH","Univanich Palm Oil Public Company Ltd.","Unknown","BKK"
"UWC.TH","Ua Withya PCL","Unknown","BKK"
"VARO.TH","Varopakorn Public Company Limited","Unknown","BKK"
"VGI.TH","VGI Global Media PCL","Unknown","BKK"
"VGM.TH","VGM Corporation PCL","Unknown","BKK"
"VI.TH","Venture Incorporation PCL","Unknown","BKK"
"VIBHA.TH","Vibhavadi Medical Center Public Co. Ltd.","Unknown","BKK"
"VIH.TH","Srivichai Vejvivat PCL","Unknown","BKK"
"VNG.TH","Vanachai Group Public Company Limited","Unknown","BKK"
"VNT.TH","Vinythai Public Company Limited","Unknown","BKK"
"VPO.TH","Salee Printing PCL","Unknown","BKK"
"VTE.TH","Vintage Engineering PCL","Unknown","BKK"
"WACOAL.TH","Thai Wacoal Public Company Limited","Unknown","BKK"
"WAVE.TH","WAVE Entertainment PCL","Unknown","BKK"
"WG.TH","White Group Public Company Limited","Unknown","BKK"
"WHA.TH","WHA Corporation PCL","Unknown","BKK"
"WHABT.TH","WHA BUSINESS COMPLEX FREEHOLD","Unknown","BKK"
"WHAPF.TH","WHA Premium Fctry and Wrhs FH &LH Pty Fd","Unknown","BKK"
"WHART.TH","WHA Premium Growth Freehold & Lshld REIT","Unknown","BKK"
"WICE.TH","WICE Logistics PCL","Unknown","BKK"
"WIIK.TH","Wiik & Hoeglund Public Company Limited","Unknown","BKK"
"WIN.TH","Wyncoast Industrial Park Public Co Ltd","Unknown","BKK"
"WINNER.TH","Winner Group Enterprise PCL","Unknown","BKK"
"WORK.TH","Workpoint Entertainment PCL","Unknown","BKK"
"WORLD.TH","World Corporation PCL","Unknown","BKK"
"WP.TH","WP Energy PCL","Unknown","BKK"
"WR.TH","We Retail PCL","Unknown","BKK"
"XO.TH","Exotic Food PCL","Unknown","BKK"
"YCI.TH","Yong Thai Public Company Limited","Unknown","BKK"
"YNP.TH","Yarnapund PCL","Unknown","BKK"
"YUASA.TH","Yuasa Battery Thailand PCL","Unknown","BKK"
"ZMICO.TH","Seamico Securities PCL","Unknown","BKK"
