<alertDefaultDrawing><figures><sinkOperatorFigure id="0" x="629" y="306"><model><name><string>Alert</string></name><attribute><null/></attribute><value><null/></value><connectors><inputConnector id="1" index="0" numOfConnection="1"><Owner><sinkOperatorFigure ref="0"/></Owner><locator><relativeLocator id="2" relativeX="0"/></locator></inputConnector><outputConnector id="3" index="0" numOfConnection="0"><Owner><sinkOperatorFigure ref="0"/></Owner><locator><relativeLocator id="4" relativeX="1"/></locator></outputConnector></connectors></model></sinkOperatorFigure><stockRelativeHistoryOperatorFigure id="5" x="276" y="269"><model><name><string>Relative Stock History</string></name><attribute><string>14d RSI LastPrice</string></attribute><value><null/></value><connectors><outputConnector id="6" index="0" numOfConnection="1"><Owner><stockRelativeHistoryOperatorFigure ref="5"/></Owner><locator><relativeLocator ref="4"/></locator></outputConnector></connectors></model></stockRelativeHistoryOperatorFigure><doubleConstantOperatorFigure id="7" x="362" y="361"><model><name><string>Constant</string></name><attribute><null/></attribute><value><string>70.0</string></value><connectors><outputConnector id="8" index="0" numOfConnection="1"><Owner><doubleConstantOperatorFigure ref="7"/></Owner><locator><relativeLocator ref="4"/></locator></outputConnector></connectors></model></doubleConstantOperatorFigure><equalityOperatorFigure id="9" x="483" y="306"><model><name><string>Equality</string></name><attribute><string>GreaterOrEqual</string></attribute><value><null/></value><connectors><inputConnector id="a" index="0" numOfConnection="1"><Owner><equalityOperatorFigure ref="9"/></Owner><locator><relativeLocator id="b" relativeX="0" relativeY="0.25"/></locator></inputConnector><inputConnector id="c" index="1" numOfConnection="1"><Owner><equalityOperatorFigure ref="9"/></Owner><locator><relativeLocator id="d" relativeX="0" relativeY="0.75"/></locator></inputConnector><outputConnector id="e" index="0" numOfConnection="1"><Owner><equalityOperatorFigure ref="9"/></Owner><locator><relativeLocator ref="4"/></locator></outputConnector></connectors></model></equalityOperatorFigure><ta id="f" x="213" y="180" w="586" h="40"><a><text><string>Relative Strength Index. A stock is considered overbought around the 70 level and you should consider selling.</string></text><fillColor><color rgba="#ffffcc00"/></fillColor><fontBold><boolean>true</boolean></fontBold></a></ta><dep id="10"><points><p colinear="true" x="441.103515625" y="299.3759765625" c1x="0" c1y="0" c2x="0" c2y="0"/><p colinear="true" x="483" y="321.18798828125" c1x="0" c1y="0" c2x="0" c2y="0"/></points><startConnector><outputConnector ref="6"/></startConnector><endConnector><inputConnector ref="a"/></endConnector><a><strokeColor><color rgba="#ff000099"/></strokeColor><strokeWidth><double>1</double></strokeWidth></a></dep><dep id="11"><points><p colinear="true" x="438.087890625" y="391.3759765625" c1x="0" c1y="0" c2x="0" c2y="0"/><p colinear="true" x="483" y="351.56396484375" c1x="0" c1y="0" c2x="0" c2y="0"/></points><startConnector><outputConnector ref="8"/></startConnector><endConnector><inputConnector ref="c"/></endConnector><a><strokeColor><color rgba="#ff000099"/></strokeColor><strokeWidth><double>1</double></strokeWidth></a></dep><dep id="12"><points><p colinear="true" x="603.501953125" y="336.3759765625" c1x="0" c1y="0" c2x="0" c2y="0"/><p colinear="true" x="629" y="336.3759765625" c1x="0" c1y="0" c2x="0" c2y="0"/></points><startConnector><outputConnector ref="e"/></startConnector><endConnector><inputConnector ref="1"/></endConnector><a><strokeColor><color rgba="#ff000099"/></strokeColor><strokeWidth><double>1</double></strokeWidth></a></dep></figures></alertDefaultDrawing>