<alertDefaultDrawing><figures><stockRelativeHistoryOperatorFigure id="0" x="241" y="252"><model><name><string>Relative Stock History</string></name><attribute><string>12d EMA LastPrice</string></attribute><value><null/></value><connectors><outputConnector id="1" index="0" numOfConnection="1"><Owner><stockRelativeHistoryOperatorFigure ref="0"/></Owner><locator><relativeLocator id="2" relativeX="1"/></locator></outputConnector></connectors></model></stockRelativeHistoryOperatorFigure><stockRelativeHistoryOperatorFigure id="3" x="246" y="379"><model><name><string>Relative Stock History</string></name><attribute><string>26d EMA LastPrice</string></attribute><value><null/></value><connectors><outputConnector id="4" index="0" numOfConnection="1"><Owner><stockRelativeHistoryOperatorFigure ref="3"/></Owner><locator><relativeLocator ref="2"/></locator></outputConnector></connectors></model></stockRelativeHistoryOperatorFigure><equalityOperatorFigure id="5" x="641" y="318"><model><name><string>Equality</string></name><attribute><string>Lesser</string></attribute><value><null/></value><connectors><inputConnector id="6" index="0" numOfConnection="1"><Owner><equalityOperatorFigure ref="5"/></Owner><locator><relativeLocator id="7" relativeX="0" relativeY="0.25"/></locator></inputConnector><inputConnector id="8" index="1" numOfConnection="1"><Owner><equalityOperatorFigure ref="5"/></Owner><locator><relativeLocator id="9" relativeX="0" relativeY="0.75"/></locator></inputConnector><outputConnector id="a" index="0" numOfConnection="1"><Owner><equalityOperatorFigure ref="5"/></Owner><locator><relativeLocator ref="2"/></locator></outputConnector></connectors></model></equalityOperatorFigure><arithmeticOperatorFigure id="b" x="453" y="295"><model><name><string>Arithmetic</string></name><attribute><string>Subtraction</string></attribute><value><null/></value><connectors><inputConnector id="c" index="0" numOfConnection="1"><Owner><arithmeticOperatorFigure ref="b"/></Owner><locator><relativeLocator ref="7"/></locator></inputConnector><inputConnector id="d" index="1" numOfConnection="1"><Owner><arithmeticOperatorFigure ref="b"/></Owner><locator><relativeLocator ref="9"/></locator></inputConnector><outputConnector id="e" index="0" numOfConnection="1"><Owner><arithmeticOperatorFigure ref="b"/></Owner><locator><relativeLocator ref="2"/></locator></outputConnector></connectors></model></arithmeticOperatorFigure><doubleConstantOperatorFigure id="f" x="483" y="410"><model><name><string>Constant</string></name><attribute><null/></attribute><value><string>0.0</string></value><connectors><outputConnector id="10" index="0" numOfConnection="1"><Owner><doubleConstantOperatorFigure ref="f"/></Owner><locator><relativeLocator ref="2"/></locator></outputConnector></connectors></model></doubleConstantOperatorFigure><sinkOperatorFigure id="11" x="782" y="314"><model><name><string>Alert</string></name><attribute><null/></attribute><value><null/></value><connectors><inputConnector id="12" index="0" numOfConnection="1"><Owner><sinkOperatorFigure ref="11"/></Owner><locator><relativeLocator id="13" relativeX="0"/></locator></inputConnector><outputConnector id="14" index="0" numOfConnection="0"><Owner><sinkOperatorFigure ref="11"/></Owner><locator><relativeLocator ref="2"/></locator></outputConnector></connectors></model></sinkOperatorFigure><ta id="15" x="202" y="179" w="607" h="40"><a><text><string> Moving Average Convergence / Divergence. When MACD is negative, the stock is moving in downward trend.</string></text><fillColor><color rgba="#ffffcc00"/></fillColor><fontBold><boolean>true</boolean></fontBold></a></ta><dep id="16"><points><p colinear="true" x="406.103515625" y="282.3759765625" c1x="0" c1y="0" c2x="0" c2y="0"/><p colinear="true" x="453" y="310.18798828125" c1x="0" c1y="0" c2x="0" c2y="0"/></points><startConnector><outputConnector ref="1"/></startConnector><endConnector><inputConnector ref="c"/></endConnector><a><strokeColor><color rgba="#ff000099"/></strokeColor><strokeWidth><double>1</double></strokeWidth></a></dep><dep id="17"><points><p colinear="true" x="411.103515625" y="409.3759765625" c1x="0" c1y="0" c2x="0" c2y="0"/><p colinear="true" x="453" y="340.56396484375" c1x="0" c1y="0" c2x="0" c2y="0"/></points><startConnector><outputConnector ref="4"/></startConnector><endConnector><inputConnector ref="d"/></endConnector><a><strokeColor><color rgba="#ff000099"/></strokeColor><strokeWidth><double>1</double></strokeWidth></a></dep><dep id="18"><points><p colinear="true" x="547.328125" y="325.3759765625" c1x="0" c1y="0" c2x="0" c2y="0"/><p colinear="true" x="641" y="333.18798828125" c1x="0" c1y="0" c2x="0" c2y="0"/></points><startConnector><outputConnector ref="e"/></startConnector><endConnector><inputConnector ref="6"/></endConnector><a><strokeColor><color rgba="#ff000099"/></strokeColor><strokeWidth><double>1</double></strokeWidth></a></dep><dep id="19"><points><p colinear="true" x="559.087890625" y="440.3759765625" c1x="0" c1y="0" c2x="0" c2y="0"/><p colinear="true" x="641" y="363.56396484375" c1x="0" c1y="0" c2x="0" c2y="0"/></points><startConnector><outputConnector ref="10"/></startConnector><endConnector><inputConnector ref="8"/></endConnector><a><strokeColor><color rgba="#ff000099"/></strokeColor><strokeWidth><double>1</double></strokeWidth></a></dep><dep id="1a"><points><p colinear="true" x="711.6328125" y="348.3759765625" c1x="0" c1y="0" c2x="0" c2y="0"/><p colinear="true" x="782" y="344.3759765625" c1x="0" c1y="0" c2x="0" c2y="0"/></points><startConnector><outputConnector ref="a"/></startConnector><endConnector><inputConnector ref="12"/></endConnector><a><strokeColor><color rgba="#ff000099"/></strokeColor><strokeWidth><double>1</double></strokeWidth></a></dep></figures></alertDefaultDrawing>