"Code","Symbol","Industry","Board"
"AA.BA","ALCOA INC CEDEAR EACH 6 REP 1 USD1","Unknown","BCBA"
"AAPL.BA","APPLE INC CEDEAR(REPR 1/10 SHR)","Unknown","BCBA"
"ABT.BA","ABBOTT LABS CEDEAR EACH REP 1/2 ORD NPV","Unknown","BCBA"
"ABX.BA","BARRICK GOLD CORP CEDEAR EACH REP 1 COM NPV","Unknown","BCBA"
"ACH.BA","ALUMINUM CORP CHN CEDEAR EACH REP 0.2 ADR","Unknown","BCBA"
"ADI.BA","ANALOG DEVICES INC CEDEAR EACH 3 REP 1 USD0.16","Unknown","BCBA"
"ADTE.BA","Telefonica Data Argentina SA","Unknown","BCBA"
"AEM.BA","AGNICO EAGLE MINES CEDEAR EACH REP 1/3 COM NPV","Unknown","BCBA"
"AEN.BA","ANDES ENERGIA PLC ORD GBP0.10","Unknown","BCBA"
"AGRO.BA","Agrometal SAI","Unknown","BCBA"
"AIG.BA","AMER INTL GRP CEDEAR EACH 5 REPR 1 ORD US","Unknown","BCBA"
"ALPA.BA","Alpargatas SAIC","Unknown","BCBA"
"ALUA.BA","Aluar Aluminio Argentino S.A.I.C.","Unknown","BCBA"
"AMGN.BA","AMGEN INC CEDEAR EACH 5 REPR 1","Unknown","BCBA"
"AMX.BA","AMERICA MOVIL SAB CEDEAR EACH REP 1 ADR(REP 2","Unknown","BCBA"
"APBR.BA","PETROL BRASILEIROS COM NPV","Unknown","BCBA"
"APBRA.BA","PETROL BRASILEIROS PRF NPV","Unknown","BCBA"
"AUSO.BA","Autopistas del Sol SA","Unknown","BCBA"
"AUY.BA","YAMANA GOLD INC CEDEAR EACH REP 1 SHS","Unknown","BCBA"
"AVP.BA","AVON PRODUCTS INC CEDEAR EACH 1 REP 1 USD0.25","Unknown","BCBA"
"AVY.BA","AVERY DENNISON CP CEDEAR EACH 3 REP 1 USD1","Unknown","BCBA"
"AXP.BA","AMER EXPRESS CO CEDEAR REP 1/10 ORD USD0.2","Unknown","BCBA"
"AZN.BA","ASTRAZENECA CEDEAR EACH REP 0.5 ADR USD","Unknown","BCBA"
"BA.BA","BOEING CO CEDEAR (3 REP 1 USD5)","Unknown","BCBA"
"BA.C.BA","BK OF AMERICA CORP CEDEAR REP 1/2 COM USD0.01","Unknown","BCBA"
"BAYN.BA","BAYER AG CEDEAR EACH REP 1 ADR NPV","Unknown","BCBA"
"BBD.BA","BCO BRADESCO SA CEDEAR EACH REP 1 PRF ADR","Unknown","BCBA"
"BBRY.BA","BLACKBERRY LTD CEDEAR(REPR 1/3 SHR)","Unknown","BCBA"
"BBV.BA","BBVA(BILB-VIZ-ARG) CEDEAR EACH REPR 1 ADS","Unknown","BCBA"
"BCS.BA","BARCLAYS PLC CEDEAR EACH 6 REPR 1 ADR","Unknown","BCBA"
"BHIP.BA","Banco Hipotecario SA","Unknown","BCBA"
"BHP.BA","BHP BILLITON LTD CEDEAR REP 1 ADR(REP 2 ORD","Unknown","BCBA"
"BK.BA","BK OF NY MELLON CP CEDEAR EACH REP 0.5 USD0.01","Unknown","BCBA"
"BMA.BA","Banco Macro SA","Unknown","BCBA"
"BMA.5.BA","Banco Macro SA","Unknown","BCBA"
"BMY.BA","BRISTOL-MYRS SQUIB CEDEAR REP 1 COM USD0.10","Unknown","BCBA"
"BNG.BA","BUNGE LIMITED CEDEAR EACH REP 5 COM","Unknown","BCBA"
"BOLT.BA","Boldt S.A.","Unknown","BCBA"
"BP.BA","BP CEDEAR EACH REPR 1/5 ADR(AR","Unknown","BCBA"
"BPAT.BA","Banco Patagonia SA","Unknown","BCBA"
"BRIO.BA","Banco Santander Rio SA","Unknown","BCBA"
"BRIO5.BA","Banco Santander Rio SA","Unknown","BCBA"
"BRIO6.BA","BANC SANTANDER RIO NON VTG PRF SHS ARS1","Unknown","BCBA"
"BSBR.BA","BANCO SANTANDER(BR CEDEAR EACH REP 1 ADR NPV","Unknown","BCBA"
"BSN.BA","DANONE CEDEAR EACH REP 0.05 ADR","Unknown","BCBA"
"BSUQ.BA","Nuevo Banco Suquia SA","Unknown","BCBA"
"BT.BA","BT GROUP CEDEAR EACH REPR 1/8 ADR","Unknown","BCBA"
"C.BA","CITIGROUP INC CEDEAR EACH REP 0.01 COM","Unknown","BCBA"
"CADO.BA","Carlos Casado SA","Unknown","BCBA"
"CADO5.BA","Carlos Casado SA","Unknown","BCBA"
"CAPU.BA","Caputo SAIC y F","Unknown","BCBA"
"CAPX.BA","Capex SA","Unknown","BCBA"
"CARC.BA","Carboclor Sociedad Anonima","Unknown","BCBA"
"CAT.BA","CATERPILLAR INC CEDEAR ECH REP 1/5 COM USD1","Unknown","BCBA"
"CDE.BA","COEUR MINING INC CEDEAR EA REP 1 COM STK1","Unknown","BCBA"
"CECO2.BA","Endesa Costanera SA","Unknown","BCBA"
"CELU.BA","Celulosa Argentina Sociedad Anonima","Unknown","BCBA"
"CEO.BA","CNOOC LTD EACH CEDEAR REP 0.25 ADR","Unknown","BCBA"
"CEPU.BA","Central Puerto SA","Unknown","BCBA"
"CGPA1.BA","Camuzzi Gas Pampeana Inc","Unknown","BCBA"
"CGPA2.BA","Camuzzi Gas Pampeana Inc","Unknown","BCBA"
"CGPA3.BA","Camuzzi Gas Pampeana Inc","Unknown","BCBA"
"CHA.BA","CHINA TELECOM CORP EACH CEDEAR REP 0.5 ADR","Unknown","BCBA"
"CHAS.BA","Compania Hotelera Argentina S.A.","Unknown","BCBA"
"CHL.BA","CHINA MOBILE LTD CEDEAR EACH 6 REP 1 ADR","Unknown","BCBA"
"CITI.BA","Telefonica Holding de Argentina S.A.","Unknown","BCBA"
"CITI5.BA","Telefonica Holding de Argentina S.A.","Unknown","BCBA"
"CMCS.BA","COMCAST CORP CEDEAR EACH REPR 1 'A'SPL C","Unknown","BCBA"
"COLO.BA","Colorin Industria de Materiales Sintetic","Unknown","BCBA"
"COME.BA","SOC COM DEL PLATA ARS10","Unknown","BCBA"
"COMO.BA","Cia. Argentina de Comodoro Rivadavia","Unknown","BCBA"
"COUR.BA","Continental Urbana S.A.I.","Unknown","BCBA"
"CRES.BA","Cresud S.A.C.I.F. y A.","Unknown","BCBA"
"CS.BA","CREDIT SUISSE GP CEDEAR EACH REP 1 ADR","Unknown","BCBA"
"CSCO.BA","CISCO SYSTEMS CEDEARS ECH 5 REP 1 COM NPV","Unknown","BCBA"
"CTIO.BA","Consultatio SA","Unknown","BCBA"
"CVX.BA","CHEVRON CORP CEDEAR EACH 8 REP 1 USD0.75","Unknown","BCBA"
"CVZA.BA","Compania Industrial Cervecera S.A.","Unknown","BCBA"
"CVZA5.BA","Compania Industrial Cervecera S.A.","Unknown","BCBA"
"CX.BA","CEMEX SAB DE CV CEDEAR EACH REPR 1 ADR","Unknown","BCBA"
"DAI.BA","DAIMLER AG CEDEAR EACH 4 REP 1 ORD","Unknown","BCBA"
"DD.BA","DU PONT DE NEMOURS CEDEAR REP 1/5 COM USD0.30","Unknown","BCBA"
"DEO.BA","DIAGEO CEDEAR EACH REP 0.5 ADR","Unknown","BCBA"
"DGCU2.BA","Distribuidora de Gas Cuyana SA","Unknown","BCBA"
"DISN.BA","WALT DISNEY CO. 8 CEDEAR REP 1 COM USD0.01","Unknown","BCBA"
"DOME.BA","Domec Cia de Artefactos Domest SAIC y F","Unknown","BCBA"
"DSUR.BA","Empresa Distribuidora Sur SA","Unknown","BCBA"
"DYCA.BA","Dycasa S.A.","Unknown","BCBA"
"DYCA5.BA","Dycasa S.A.","Unknown","BCBA"
"E.BA","ENI SPA CEDEAR 4 REP 1 ADR","Unknown","BCBA"
"EBAY.BA","EBAY INC CEDEAR EA REP 1 SHR","Unknown","BCBA"
"EDLH.BA","Edesal Holding SA","Unknown","BCBA"
"EDN.BA","Empresa Distribuidora y Cmrclzdr Nort SA","Unknown","BCBA"
"EDSH.BA","Edesa Holding SA","Unknown","BCBA"
"EGSH.BA","EGSSA HOLDING S.A. COM ARS1","Unknown","BCBA"
"EMC.BA","EMC CORP(MASS) CEDEAR EACH 4 REP 1 USD0.01","Unknown","BCBA"
"EMDE.BA","Empresa Distribuidora Electrica Reg SA","Unknown","BCBA"
"ERAR.BA","Siderar S.A.I.C.","Unknown","BCBA"
"ESME.BA","Bodegas Esmeralda SA","Unknown","BCBA"
"ESME5.BA","Bodegas Esmeralda SA","Unknown","BCBA"
"ESTR.BA","Angel Estrada y Compania S.A.","Unknown","BCBA"
"ESTR5.BA","Angel Estrada y Compania S.A.","Unknown","BCBA"
"EURO.BA","Euromayor SA de Inversiones","Unknown","BCBA"
"EURO5.BA","Euromayor SA de Inversiones","Unknown","BCBA"
"FCX.BA","FREEPORT-MCMORAN CEDEAR EACH REP 1/4 ORD SHS","Unknown","BCBA"
"FDX.BA","FEDEX CORP CEDEAR ECH 2 REP 1 USD0.1","Unknown","BCBA"
"FERR.BA","Ferrum S.A. de Ceramica y Metalurgia","Unknown","BCBA"
"FERR5.BA","Ferrum S.A. de Ceramica y Metalurgia","Unknown","BCBA"
"FIPL.BA","Fiplasto S.A.","Unknown","BCBA"
"FIPL5.BA","Fiplasto S.A.","Unknown","BCBA"
"FMCC.BA","FED HOME LOAN MTG CEDEAR 2 REP 1 COM USD0.21","Unknown","BCBA"
"FMX.BA","FOMENTO ECON MEXIC CEDEAR 2 REPR 1 ADR","Unknown","BCBA"
"FNMA.BA","FED NATL MORT ASSC CEDEAR EACH 3 REP 1 ORD NPV","Unknown","BCBA"
"FRAN.BA","BBVA Banco Frances SA","Unknown","BCBA"
"FSLR.BA","FIRST SOLAR INC CEDEAR EACH REPR 1/6 ADR","Unknown","BCBA"
"GALI.BA","Banco de Galicia y Buenos Aires S.A.","Unknown","BCBA"
"GARO.BA","Garovaglio y Zorraquin SA","Unknown","BCBA"
"GBAN.BA","Gas Natural BAN SA","Unknown","BCBA"
"GCLA.BA","Grupo Clarin S.A.","Unknown","BCBA"
"GE.BA","GEN ELEC CO CEDEARS EACH REPR 1/5 COM","Unknown","BCBA"
"GFI.BA","GOLD FIELDS LTD CEDEAR EACH REPR 1 ADR","Unknown","BCBA"
"GG.BA","GOLDCORP INC CEDEAR EACH REPR 1 COM NPV","Unknown","BCBA"
"GGAL.BA","Grupo Financiero Galicia S.A.","Unknown","BCBA"
"GLW.BA","CORNING INC CEDEAR (EACH 4 REP 1 ORD)","Unknown","BCBA"
"GMK.BA","BCBA:GMK","Unknown","BCBA"
"GOFF.BA","Goffre Carbone y Cia SACI","Unknown","BCBA"
"GOLD.BA","RANDGOLD RESOURCES CEDEAR EACH REP 1 ADR","Unknown","BCBA"
"GOOGL.BA","ALPHABET INC CEDEAR EA REPR 1/29 COM STK","Unknown","BCBA"
"GRAF.BA","Grafex SAGCI y F","Unknown","BCBA"
"GRAF6.BA","Grafex SAGCI y F","Unknown","BCBA"
"GRIM.BA","Grimoldi SA","Unknown","BCBA"
"GRIM5.BA","Grimoldi SA","Unknown","BCBA"
"GSK.BA","GLAXOSMITHKLINE CEDEAR EACH REPR 1/4 ADR","Unknown","BCBA"
"HAVA.BA","HAVANNA HOLDING SA ARS1 B","Unknown","BCBA"
"HD.BA","HOME DEPOT INC CEDEAR EACH REP 1/4 USD0.05","Unknown","BCBA"
"HL.BA","HECLA MINING CO CEDEAR EACH REP 1 ORD","Unknown","BCBA"
"HMC.BA","HONDA MOTOR CO CEDEAR EACH REP 1 ADR","Unknown","BCBA"
"HMY.BA","HARMONY GOLD MNG CEDEAR EACH REP 1 ADR","Unknown","BCBA"
"HOG.BA","HARLEY DAVIDSON CEDEAR EACH REP 1/3 ORD","Unknown","BCBA"
"HON.BA","HONEYWELL INTL INC CEDEAR 4 REP 1 COM USD1","Unknown","BCBA"
"HPQ.BA","HP INC CEDEAR EACH 5 REP 1 USD0.01","Unknown","BCBA"
"HSBC.BA","HSBC HOLDINGS PLC CEDEAR EACH REPR 0.5 ADR","Unknown","BCBA"
"HULI.BA","Hulytego SAIC","Unknown","BCBA"
"IAB.BA","GENERAL BCBA","Unknown","BCBA"
"IAR.BA","MERVAL ARGENTINA","Unknown","BCBA"
"IBM.BA","INTL BUSINESS MCHN CEDEAR 10 REP 1 COM USD0.2","Unknown","BCBA"
"IBN.BA","ICICI BANK CEDEAR EACH REPR 1 ADR","Unknown","BCBA"
"IEBA.BA","Inversora Electrica de Buenos Aires SA","Unknown","BCBA"
"IM25.BA","MERVAL 25 ARGENTINA","Unknown","BCBA"
"IMV.BA","MERVAL BUENOS AIRES","Unknown","BCBA"
"INAG.BA","Insumos Agroquimicos SA","Unknown","BCBA"
"INAG5.BA","Insumos Agroquimicos SA","Unknown","BCBA"
"INDU.BA","Solvay Indupa Scd Anm Indstrl Y Cmrcl","Unknown","BCBA"
"INFY.BA","INFOSYS LTD CEDEAR (4 REP 1 ADR)","Unknown","BCBA"
"ING.BA","ING GROEP N.V. CEDEAR EACH 3 REPR 1 ADR","Unknown","BCBA"
"INTC.BA","INTEL CORP CEDEAR(5 REP 1 COM USD0.001","Unknown","BCBA"
"INTR.BA","Cia. Introductora de Buenos Aires SA","Unknown","BCBA"
"INTR5.BA","Cia. Introductora de Buenos Aires SA","Unknown","BCBA"
"INVJ.BA","Inversora Juramento SA","Unknown","BCBA"
"IP.BA","INTL PAPER CO CEDEAR EACH 4 REP 1 USD1","Unknown","BCBA"
"IRCP.BA","IRSA Propiedades Comerciales SA","Unknown","BCBA"
"IRSA.BA","Irsa Inversiones y Representaciones SA","Unknown","BCBA"
"ITUB4.BA","ITAU UNIBANCO HOLD CEDEARS EA REP 1 PRF NPV","Unknown","BCBA"
"JMIN.BA","Holcim Argentina SA","Unknown","BCBA"
"JNJ.BA","JOHNSON & JOHNSON CEDEAR EACH REP O.20 ORD","Unknown","BCBA"
"JPM.BA","JPMORGAN CHASE &CO CEDEAR REP 1/10 USD2.5","Unknown","BCBA"
"KMB.BA","KIMBERLY-CLARK CP CEDEAR EACH 3 REP 1 USD1.25","Unknown","BCBA"
"KO.BA","COCA-COLA CO CEDEAR(5 REP 1 COM USD0.25)","Unknown","BCBA"
"KOFM.BA","COCA-COLA FEMSA S. CEDEAR EACH REP 2 ADS 'L'","Unknown","BCBA"
"KYO.BA","KYOCERA CORP CEDEAR REP 1/4 ADR(CNV 1 OR","Unknown","BCBA"
"LEDE.BA","Ledesma SAAI","Unknown","BCBA"
"LEID.BA","Leyden S.A.I.C. y F.","Unknown","BCBA"
"LEID5.BA","Leyden S.A.I.C. y F.","Unknown","BCBA"
"LFC.BA","CHINA LIFE INSURAN CEDEAR EACH REP 0.5 ADR","Unknown","BCBA"
"LKOD.BA","LUKOIL OIL COMPANY CEDEAR EACH REP 0.25 SP ADR","Unknown","BCBA"
"LLY.BA","ELI LILLY AND CO CEDEAR EACH 4 REP 1 ORD NPV","Unknown","BCBA"
"LMT.BA","LOCKHEED MARTIN CO CEDEAR EACH 1 REP 1 ORD USD","Unknown","BCBA"
"LONG.BA","Longvie S.A.","Unknown","BCBA"
"LONG5.BA","Longvie S.A.","Unknown","BCBA"
"LYG.BA","LLOYDS BANKING GP CEDAR EACH REP 0.5 ADR","Unknown","BCBA"
"MBT.BA","MTS PJSC EACH CEDEAR REP 0.5 ADR","Unknown","BCBA"
"MCD.BA","MCDONALD'S CORP CEDEAR (4 REP 1 USD0.01)","Unknown","BCBA"
"MELI.BA","MERCADOLIBRE INC CEDEAR EACH REP 2 ORD NPV","Unknown","BCBA"
"MERA.BA","Meranol SACI","Unknown","BCBA"
"METR.BA","METROGAS SA 'B'ARS1","Unknown","BCBA"
"MIRG.BA","Mirgor S.A.","Unknown","BCBA"
"MIRG2.BA","Mirgor S.A.","Unknown","BCBA"
"MIRG3.BA","Mirgor S.A.","Unknown","BCBA"
"MMC.BA","MARSH & MCLENNAN CEDEAR EACH 4 REPR 1 USD1","Unknown","BCBA"
"MMM.BA","3M COMPANY CEDEAR REP 1/5 COM USD0.01","Unknown","BCBA"
"MO.BA","ALTRIA GROUP INC CEDEAR REP 1/4 COM USD0.333","Unknown","BCBA"
"MOLI.BA","Molinos Rio de la Plata","Unknown","BCBA"
"MOLI5.BA","Molinos Rio de la Plata","Unknown","BCBA"
"MON.BA","MONSANTO CEDEAR EACH REPR 5 USD0.01","Unknown","BCBA"
"MORI.BA","Morixe Hermanos SACI","Unknown","BCBA"
"MORI5.BA","Morixe Hermanos SACI","Unknown","BCBA"
"MRK.BA","MERCK & CO INC CEDEAR (10 REP 1 USD0.50)","Unknown","BCBA"
"MSFT.BA","MICROSOFT CORP CEDEARS EACH REP 1/5ORD USD","Unknown","BCBA"
"MSI.BA","MOTOROLA SOLUTIONS CEDEAR REP 1/5 ORD USD3","Unknown","BCBA"
"MTU.BA","MITSUBISHI UFJ FIN CEDEAR EACH REPR 1 ADR","Unknown","BCBA"
"MVIA.BA","Metrovias SA","Unknown","BCBA"
"NCON.BA","Nuevo Continente Sociedad Anonima","Unknown","BCBA"
"NEM.BA","NEWMONT MINING CP CEDEAR EA REP 1 COM USD1.60","Unknown","BCBA"
"NGG.BA","NATIONAL GRID CEDEAR EACH REP 1/2 ADR","Unknown","BCBA"
"NKE.BA","NIKE INC CEDEAR EACH REPR 1/3 CLS'B'","Unknown","BCBA"
"NOKA.BA","NOKIA OYJ CEDEAR EACH REP 1/5 ADR","Unknown","BCBA"
"NORT6.BA","Nortel Inversora SA","Unknown","BCBA"
"NSAN.BA","NISSAN MOTOR CO CEDEAR REP 1 ADR(CNV 2 NPV)","Unknown","BCBA"
"NUE.BA","NUCOR CORP CEDEAR EACH 2 REPR 1 USD0.4","Unknown","BCBA"
"NVS.BA","NOVARTIS AG CEDEAR EACH REP 0.5 ADR","Unknown","BCBA"
"OEST.BA","Grupo Concesionario del Oeste SA","Unknown","BCBA"
"OGZD.BA","GAZPROM PJSC CEDEAR EACH REP 0.5 ADR","Unknown","BCBA"
"ORAN.BA","ORANGE CEDEAR EACH 7 REPR 1 ADR","Unknown","BCBA"
"ORCL.BA","ORACLE CORP CEDEAR EACH REP 1/3 USD0.01","Unknown","BCBA"
"OUBS.BA","UBS AG CEDEAR EACH REP 1 SHS REG","Unknown","BCBA"
"OVOP.BA","Ovoprot International SA","Unknown","BCBA"
"PAC.BA","GPO AERO PACIFICO CEDEAR EACH REP 0.5 ADR","Unknown","BCBA"
"PAMP.BA","Pampa Energia SA","Unknown","BCBA"
"PATA.BA","SA Importadora y Export. de la Patagonia","Unknown","BCBA"
"PATA5.BA","SA Importadora y Export. de la Patagonia","Unknown","BCBA"
"PATR.BA","Patricios S.A.I.C.","Unknown","BCBA"
"PATY.BA","Quickfood SA","Unknown","BCBA"
"PEP.BA","PEPSICO INC CEDEAR REP 0.5 CP USD0.0166","Unknown","BCBA"
"PERK.BA","Pertrak S.A.","Unknown","BCBA"
"PERK5.BA","Pertrak S.A.","Unknown","BCBA"
"PESA.BA","Petrobras Argentina SA","Unknown","BCBA"
"PETR.BA","Petrolera Pampa SA","Unknown","BCBA"
"PFE.BA","PFIZER INC CEDEAR EACH 2 REP 1 USD0.05","Unknown","BCBA"
"PG.BA","PROCTER & GAMBLE CEDEAR EACH 5 REP 1 COM NPV","Unknown","BCBA"
"PHG.BA","KONINKLIJKE PHILIP CEDEAR EACH REP 1/5 ADR","Unknown","BCBA"
"POLL.BA","Polledo S.A.I.C. y F.","Unknown","BCBA"
"PREN1.BA","Papel Prensa S.A.","Unknown","BCBA"
"PSUR.BA","Petrolera del Conosur S.A.","Unknown","BCBA"
"PTR.BA","PETROCHINA CO EACH CEDEAR REP 0.25 ADR","Unknown","BCBA"
"QCOM.BA","QUALCOMM INC CEDEAR 11 REP 1 USD0.0001","Unknown","BCBA"
"RDS.BA","ROYAL DUTCH SHELL CEDEAR EACH REP 0.5'B' ADR","Unknown","BCBA"
"REGE.BA","Garcia Reguera S.A.","Unknown","BCBA"
"REP.BA","REPSOL SA EUR1","Unknown","BCBA"
"RIGO.BA","Rigolleau S.A.","Unknown","BCBA"
"RIGO5.BA","Rigolleau S.A.","Unknown","BCBA"
"RIGO6.BA","Rigolleau S.A.","Unknown","BCBA"
"RIO.BA","RIO TINTO CEDEAR EACH 4 REPR 1 ADR","Unknown","BCBA"
"ROSE.BA","Instituto Rosenbusch S.A.","Unknown","BCBA"
"ROSE5.BA","Instituto Rosenbusch S.A.","Unknown","BCBA"
"SALO.BA","Ceramica San Lorenzo ICSA","Unknown","BCBA"
"SAMI.BA","SA San Miguel AGICI y F","Unknown","BCBA"
"SAP.BA","SAP SE CEDEAR EACH 3 REP 1 ADR","Unknown","BCBA"
"SBUX.BA","STARBUCKS CORP CEDEAR EACH REPR 1 COM USD","Unknown","BCBA"
"SCCO.BA","SOUTHERN COPPER CO CEDEAR EACH REP 0.5 ORD SHS","Unknown","BCBA"
"SEMI.BA","Molinos Juan Semino SA","Unknown","BCBA"
"SIEGY.BA","SIEMENS AG CEDEAR EACH 3 REP 1 ADR","Unknown","BCBA"
"SLB.BA","SCHLUMBERGER CEDEAR EACH 3 REP 1 USD0.01","Unknown","BCBA"
"SMSN.BA","SAMSUNG ELECTRONIC CEDEAR EACH REP 1/14 GDR","Unknown","BCBA"
"SNA.BA","SNAP-ON INC CEDEAR EACH 2 REP 1 ORD COM","Unknown","BCBA"
"SNE.BA","SONY CORP CED REP 1/2 ADR(CNV 1 NPV)","Unknown","BCBA"
"SNIA.BA","Sniafa S.A.","Unknown","BCBA"
"SNIA5.BA","Sniafa S.A.","Unknown","BCBA"
"SNP.BA","CHINA PETROLEUM & EACH CEDEAR REP 0.333 ADR","Unknown","BCBA"
"SPLS.BA","STAPLES INC CEDEAR EACH REP 1 ORD USD1","Unknown","BCBA"
"STD.BA","BANCO SANTANDER EUR0.50(REGD)","Unknown","BCBA"
"SUPV.BA","Grupo Supervielle SA","Unknown","BCBA"
"T.BA","AT&T INC CEDEAR EACH 3 REP 1 USD1","Unknown","BCBA"
"TECO2.BA","Telecom Argentina SA","Unknown","BCBA"
"TEF.BA","TELEFONICA SA EUR1","Unknown","BCBA"
"TEFO.BA","TELEFONICA SA CEDEAR EACH REP 1/8 ADR","Unknown","BCBA"
"TGLT.BA","Tglt Sa","Unknown","BCBA"
"TGNO1.BA","Transportadora de Gas del Norte SA","Unknown","BCBA"
"TGNO2.BA","Transportadora de Gas del Norte SA","Unknown","BCBA"
"TGNO4.BA","Transportadora de Gas del Norte SA","Unknown","BCBA"
"TGSU1.BA","Transportadora de Gas del Sur SA","Unknown","BCBA"
"TGSU2.BA","Transportadora de Gas del Sur SA","Unknown","BCBA"
"TI.BA","TELECOM ITALIA SPA CEDEAR EACH 7 REPR 1 ADR","Unknown","BCBA"
"TM.BA","TOYOTA MOTOR CORP CEDEAR EACH 5 REP 1 ADR","Unknown","BCBA"
"TOT.BA","TOTAL CEDEAR EACH 3 REP 1 ADR","Unknown","BCBA"
"TRAN.BA","Cia de Transporte de Energia Transener","Unknown","BCBA"
"TRVV.BA","TRAVELERS COMPANIE CEDEAR EACH REP 0.33 SHS","Unknown","BCBA"
"TS.BA","Tenaris SA","Unknown","BCBA"
"TSM.BA","TAIWAN SEMICON MAN CEDEAR REP 3 ADS(REP 5 TWD","Unknown","BCBA"
"TTM.BA","TATA MOTORS LTD. CEDEAR EA REP 1 ADR","Unknown","BCBA"
"TV.BA","GRUPO TELEVISA SAB CEDEAR EACH 3 REPR 1 ADR","Unknown","BCBA"
"TWX.BA","TIME WARNER INC CEDEAR EACH REP 1/6 ORD USD","Unknown","BCBA"
"TXN.BA","TEXAS INSTRUMENTS CEDEAR EACH 5 REP 1 USD1","Unknown","BCBA"
"TXR.BA","TERNIUM SA CEDEAR EACH REP 0.5 ADR","Unknown","BCBA"
"TYC.BA","TYCO INTL PLC CEDEAR EACH 5 REP 1 EUR1.00","Unknown","BCBA"
"UN.BA","UNILEVER NV CEDEAR EACH 3 REP 1 EUR0.16","Unknown","BCBA"
"URBA.BA","Central Urbana SA","Unknown","BCBA"
"USB.BA","US BANCORP CEDEAR REPR 1 COM USD0.01","Unknown","BCBA"
"UTX.BA","UTD TECHNOLOGIES CEDEARS REP 1/5 COM USD1","Unknown","BCBA"
"VALE.BA","VALE S.A. CEDEAR (EACH REP 0.5 ADR)","Unknown","BCBA"
"VALO.BA","Mercado de Valores de Buenos Aires S.A.","Unknown","BCBA"
"VIAB.BA","VIACOM INC NEW CEDEAR REP 1 B NON-VTG","Unknown","BCBA"
"VOD.BA","VODAFONE GROUP CEDEAR EA REP 1/10 OF ADR","Unknown","BCBA"
"VZ.BA","VERIZON COMMUN CEDEAR REPR 1/2 COM USD0.10","Unknown","BCBA"
"WBK.BA","WESTPAC BKG CORP CEDEAR RE 1/3 ADR(REP 1 OR)","Unknown","BCBA"
"WFC.BA","WELLS FARGO & CO CEDEAR(5 REP 1 COM USD1.66)","Unknown","BCBA"
"WMT.BA","WAL-MART STORES IN CEDEARS 3 REP 1 COM USD0.10","Unknown","BCBA"
"X.BA","UNITED STATES STEE CEDEAR EACH REP 1/3 ORD","Unknown","BCBA"
"XOM.BA","EXXON MOBIL CORP CEDEAR EACH 5 REP 1 CAP NPV","Unknown","BCBA"
"YHOO.BA","YAHOO INC CEDEAR EACH 9 REP 1 ORD USD","Unknown","BCBA"
"YPFD.BA","YPF SA","Unknown","BCBA"
"YZC.BA","YANZHOU COAL MININ EACH CEDEAR REPR 0.5 ADR","Unknown","BCBA"
