"Code","Symbol","Industry","Board"
"AA.BA","Alcoa Inc","Unkown","Buenos Aires"
"ABX.BA","Barrick Gold Corporation","Unkown","Buenos Aires"
"AGRO.BA","Agrometal S.A.","Unkown","Buenos Aires"
"AIG.BA","American Identity","Unkown","Buenos Aires"
"ALUA.BA","Aluar Aluminio Argentino","Unkown","Buenos Aires"
"APBRA.BA","Petrobras","Unkown","Buenos Aires"
"APBR.BA","Petrobras","Unkown","Buenos Aires"
"APSA.BA","Alto Palermo SA","Unkown","Buenos Aires"
"AUSO.BA","Autopistas Del Sol S.A.","Unkown","Buenos Aires"
"AUY.BA","YAMANA GOLD INC CEDEAR EACH REP","Unkown","Buenos Aires"
"AVP.BA","Avon Products Inc","Unkown","Buenos Aires"
"AXP.BA","American Eagle Energy Inc.","Unkown","Buenos Aires"
"BA.BA","Boeing Capital Corporation","Unkown","Buenos Aires"
"BBRY.BA","BLACKBERRY LTD CEDEAR(REPR 1/3","Unkown","Buenos Aires"
"BHIP.BA","Banco Hipotecario S.A.","Unkown","Buenos Aires"
"BMA.BA","Macro Bank Inc.","Unkown","Buenos Aires"
"BMY.BA","Bristol-Myers Squibb Company","Unkown","Buenos Aires"
"BNG.BA","BUNGE LIMITED EACH CEDEAR REP 5","Unkown","Buenos Aires"
"BOLT.BA","BOLDT S.A. ESCRITURALES","Unkown","Buenos Aires"
"BPAT.BA","Banco Patagonia S.A.","Unkown","Buenos Aires"
"BRIO6.BA","Banco Santander Rio S.A.","Unkown","Buenos Aires"
"BRIO.BA","Banco Santander Rio S.A.","Unkown","Buenos Aires"
"BTC9O.BA","BANCO ITAU ARGENTINA S.A. FRN 0","Unkown","Buenos Aires"
"CADO.BA","Carlos Casado S.A.","Unkown","Buenos Aires"
"CAJ.BA","Canon Inc.","Unkown","Buenos Aires"
"CAPU.BA","Caputo S.A.","Unkown","Buenos Aires"
"CAPX.BA","Capex S.A.","Unkown","Buenos Aires"
"CARC.BA","Carboclor S.A.","Unkown","Buenos Aires"
"CAT.BA","Caterpillar Inc","Unkown","Buenos Aires"
"CDE.BA","'COEUR D''ALENE MINES CORP CEDEAR'","Unkown","Buenos Aires"
"CECO2.BA","Endesa Costanera S.A.","Unkown","Buenos Aires"
"CELE8.BA","COHEN SA SOC DE B CP 21/09/15 (","Unkown","Buenos Aires"
"CEPU2.BA","Central Puerto S.A.","Unkown","Buenos Aires"
"CFER3.BA","COHEN SA SOC DE B CP 28/03/16 (","Unkown","Buenos Aires"
"CGPA2.BA","Camuzzi Gas Pampeana S.A.","Unkown","Buenos Aires"
"COLO.BA","Colorin S.A.","Unkown","Buenos Aires"
"COME.BA","Sociedad Comercial","Unkown","Buenos Aires"
"COUR.BA","Continental Urbana","Unkown","Buenos Aires"
"CRES.BA","Cresud SA","Unkown","Buenos Aires"
"CREW2.BA","CRESUD SACIFYA WTS 22/05/15(TO","Unkown","Buenos Aires"
"CSCO.BA","Cisco Systems Inc","Unkown","Buenos Aires"
"CTIO.BA","Consultatio SA","Unkown","Buenos Aires"
"CVX.BA","Chevron Corp","Unkown","Buenos Aires"
"DD.BA","DuPont","Unkown","Buenos Aires"
"DEO.BA","Diageo plc","Unkown","Buenos Aires"
"DGCU2.BA","Cuyana","Unkown","Buenos Aires"
"DISN.BA","Walt Disney Co","Unkown","Buenos Aires"
"DOME.BA","DOMEC","Unkown","Buenos Aires"
"DYCA.BA","Dycasa Sociedad Anonima","Unkown","Buenos Aires"
"EMC.BA","EMC Corporation","Unkown","Buenos Aires"
"ERAR.BA","Siderar S.A.I.C.","Unkown","Buenos Aires"
"ESME.BA","Bodegas Esmeralda S.A","Unkown","Buenos Aires"
"ESTR5.BA","Angel Estrada y Compania S.A.","Unkown","Buenos Aires"
"ESTR.BA","Angel Estrada y CIA. S.A.","Unkown","Buenos Aires"
"FERR.BA","Ferrum de Ceramica","Unkown","Buenos Aires"
"FIPL.BA","Fiplasto S.A.","Unkown","Buenos Aires"
"FRAN.BA","Bbva Banco Frances S.A.","Unkown","Buenos Aires"
"GALI.BA","Banco de Galicia","Unkown","Buenos Aires"
"GAMI.BA","Boldt Gaming SA","Unkown","Buenos Aires"
"GARO.BA","Garovaglio & Zorraquin SA","Unkown","Buenos Aires"
"GBAN.BA","Gas Natural Ban S.A.","Unkown","Buenos Aires"
"GCLA.BA","Grupo Clarin SA","Unkown","Buenos Aires"
"GE.BA","General Electric Co","Unkown","Buenos Aires"
"GFI.BA","GFI INFORMATIQUE","Unkown","Buenos Aires"
"GGAL.BA","Grupo Financiero Galicia SA","Unkown","Buenos Aires"
"GLW.BA","Corning Inc","Unkown","Buenos Aires"
"GRAF.BA","Grafex S.A","Unkown","Buenos Aires"
"GRIM.BA","Grimoldi S.A.","Unkown","Buenos Aires"
"HD.BA","Home Depot","Unkown","Buenos Aires"
"HMC.BA","HONDA MOTOR CO CED REP 1 ADR(RE","Unkown","Buenos Aires"
"HPQ.BA","Hewlett-Packard Co","Unkown","Buenos Aires"
"IBM.BA","IBM","Unkown","Buenos Aires"
"INDU.BA","Solvay Indupa S.A.","Unkown","Buenos Aires"
"INTC.BA","Intel Corp","Unkown","Buenos Aires"
"INTR.BA","Compania Introductora","Unkown","Buenos Aires"
"IRSA.BA","IRSA Inversiones","Unkown","Buenos Aires"
"JMIN.BA","Holcim (Argentina) SA","Unkown","Buenos Aires"
"JNJ.BA","Johnson & Brown CPA PA","Unkown","Buenos Aires"
"JPM.BA","JPMorgan Chase & Co","Unkown","Buenos Aires"
"KMB.BA","Kimberly-Clark Corporation","Unkown","Buenos Aires"
"LEDE.BA","Ledesma S.A.","Unkown","Buenos Aires"
"LMT.BA","Lockheed Martin Corporation","Unkown","Buenos Aires"
"LONG.BA","Longvie S.A.","Unkown","Buenos Aires"
"MCD.BA","'McDonald''s Corporation'","Unkown","Buenos Aires"
"MELI.BA","MERCADOLIBRE INC CEDEAR EACH RE","Unkown","Buenos Aires"
"METR.BA","MetroGas S.A.","Unkown","Buenos Aires"
"MIRG.BA","Mirgor S.A.C.I.F.I.A.","Unkown","Buenos Aires"
"MMM.BA","3M Co","Unkown","Buenos Aires"
"MO.BA","Altria Group Inc.","Unkown","Buenos Aires"
"MOLI5.BA","Molinos Rio de la Plata S.A.","Unkown","Buenos Aires"
"MOLI.BA","Molinos Rio De La Plata S.A.","Unkown","Buenos Aires"
"MORI.BA","Morixe Hermanos S.A.","Unkown","Buenos Aires"
"MPC7O.BA","MPC CAPITAL","Unkown","Buenos Aires"
"MPCAO.BA","MPC CAPITAL","Unkown","Buenos Aires"
"MPCBO.BA","MPC CAPITAL","Unkown","Buenos Aires"
"MPCEO.BA","MADISON PACIFIC PROPERTIES INC.","Unkown","Buenos Aires"
"MRK.BA","Merck & Co Inc","Unkown","Buenos Aires"
"MSFT.BA","Microsoft Corporation","Unkown","Buenos Aires"
"NEM.BA","Newmont Mining Corporation","Unkown","Buenos Aires"
"NKE.BA","Nike Inc.","Unkown","Buenos Aires"
"NORT6.BA","Nortel Inversora SA","Unkown","Buenos Aires"
"OCD5V.BA","CORDIAL COMPANIA FINANCIERA S.A","Unkown","Buenos Aires"
"OCD7V.BA","CORDIAL COMPANIA FINANCIERA S.A","Unkown","Buenos Aires"
"OCR10.BA","CRESUD SACIFYA 7.75% NT 23/06/2","Unkown","Buenos Aires"
"OCR11.BA","CRESUD S.A.C.I.F.Y.A. FRN 22/06","Unkown","Buenos Aires"
"OCR12.BA","CRESUD SA COMERCIAL","Unkown","Buenos Aires"
"OCR13.BA","CRESUD S.A.C.I.F.Y.A. 1.9% NT 2","Unkown","Buenos Aires"
"OEST.BA","Grupo Concesionario Del","Unkown","Buenos Aires"
"OFVA0.BA","Compa","Unkown","Buenos Aires"
"OGTB3.BA","Compania Introductora de Buenos Aires Sociedad Anonima","Unkown","Buenos Aires"
"OMR13.BA","Compa","Unkown","Buenos Aires"
"OMRP4.BA","MOLINOS RIO PLATA 3.7% NT 15/01","Unkown","Buenos Aires"
"OMRP6.BA","Molinos Rio de la Plata S.A.","Unkown","Buenos Aires"
"OPX22.BA","PETROBRAS ARGENTINA SA 9.375% M","Unkown","Buenos Aires"
"ORAN.BA","ORANGE CEDEAR EACH 7 REPR 1 ADR","Unkown","Buenos Aires"
"ORCL.BA","Oracle Corporation","Unkown","Buenos Aires"
"OTCF9.BA","COMPANIA MINERA-B","Unkown","Buenos Aires"
"OYPF0.BA","YPF SOCIEDAD ANONIMA 6.25% NT 1","Unkown","Buenos Aires"
"OYPF9.BA","YPF SOCIEDAD ANONIMA 5% NT 19/1","Unkown","Buenos Aires"
"PAMP.BA","Pampa Energia SA","Unkown","Buenos Aires"
"PATA.BA","Patagonia","Unkown","Buenos Aires"
"PATY.BA","Quickfood S.A.","Unkown","Buenos Aires"
"PBI.BA","Pitney Bowes Inc.","Unkown","Buenos Aires"
"PEP.BA","PepsiCo Inc","Unkown","Buenos Aires"
"PERK.BA","Pertrak S.A.","Unkown","Buenos Aires"
"PESA.BA","Petrobras Argentina SA","Unkown","Buenos Aires"
"PFE.BA","Pfizer Inc","Unkown","Buenos Aires"
"PG.BA","Procter & Gamble Co","Unkown","Buenos Aires"
"POLL.BA","Polledo S.A.","Unkown","Buenos Aires"
"PSUR.BA","Petrolera Del Conosur S.A.","Unkown","Buenos Aires"
"PUO19.BA","PROV DEL CHUBUT 4% BDS 21/10/19","Unkown","Buenos Aires"
"REP.BA","Repsol S.A","Unkown","Buenos Aires"
"RIGO.BA","Rigolleau S.A.","Unkown","Buenos Aires"
"ROSE.BA","Instituto Rosenbusch S.A.","Unkown","Buenos Aires"
"SAMI.BA","S.A. San Miguel","Unkown","Buenos Aires"
"SBUX.BA","Starbucks Corporation","Unkown","Buenos Aires"
"SEMI.BA","Molinos Juan Semino S.A.","Unkown","Buenos Aires"
"SLB.BA","Schlumberger NV","Unkown","Buenos Aires"
"STD.BA","Banco Santander SA","Unkown","Buenos Aires"
"SYY.BA","SYSCO CORP CEDEAR EACH 2 REP 1","Unkown","Buenos Aires"
"TECO2.BA","Telecom Argentina SA","Unkown","Buenos Aires"
"TEF.BA","Telefonica SA","Unkown","Buenos Aires"
"TGNO4.BA","Transportadora de Gas","Unkown","Buenos Aires"
"TGSU2.BA","Transportadora de Gas","Unkown","Buenos Aires"
"TRAN.BA","Transener","Unkown","Buenos Aires"
"TS.BA","Tenaris SA","Unkown","Buenos Aires"
"TT10Q.BA","COHEN SA SOC DE B CP 28/03/16 (","Unkown","Buenos Aires"
"TUCS1.BA","TUCUMAN(PROV OF) 2% IDX/LKD 04/","Unkown","Buenos Aires"
"TUCS2.BA","TUCUMAN(PROV OF) FR CNV NT 05/9","Unkown","Buenos Aires"
"TXR.BA","TERNIUM SA CEDEAR EACH REP 0.5","Unkown","Buenos Aires"
"UTX.BA","United Technologies Corp.","Unkown","Buenos Aires"
"WFC.BA","Wells Fargo & Co","Unkown","Buenos Aires"
"WMT.BA","Wal-Mart Stores Inc","Unkown","Buenos Aires"
"XOM.BA","Exxon Mobil Corporation","Unkown","Buenos Aires"
"YHOO.BA","Yahoo! Inc.","Unkown","Buenos Aires"
"YPFD.BA","YPF Sociedad Anonima","Unkown","Buenos Aires"
