"Code","Symbol","Industry","Board"
"01C.PL","01Cyberaton SA","Unknown","WSE"
"06N.PL","Magna Polonia SA","Unknown","WSE"
"08N.PL","Octava SA","Unknown","WSE"
"11B.PL","11BIT","Unknown","WSE"
"1AT.PL","ATAL S.A.","Unknown","WSE"
"1ATA.PL","ATAL S.A.","Unknown","WSE"
"4FM.PL","4fun Media SA","Unknown","WSE"
"AAL.PL","AviaAM Leasing AB","Unknown","WSE"
"AAT.PL","Alta SA","Unknown","WSE"
"ABA.PL","Abadon Real Estate SA","Unknown","WSE"
"ABC.PL","ABC Data SA","Unknown","WSE"
"ABE.PL","AB SA","Unknown","WSE"
"ABM.PL","ABM Solid SA w upadlosci ukladowej","Unknown","WSE"
"ABS.PL","Asseco Business Solutions SA","Unknown","WSE"
"ACE.PL","Automotive Components Europe SA","Unknown","WSE"
"ACG.PL","AC SA","Unknown","WSE"
"ACP.PL","Asseco Poland SA","Unknown","WSE"
"ACS.PL","Asseco Central Europe as","Unknown","WSE"
"ACT.PL","Action SA","Unknown","WSE"
"ADS.PL","Advadis SA w upadlosci ukladowej","Unknown","WSE"
"ADV.PL","Adiuvo Investments SA","Unknown","WSE"
"AGO.PL","Agora S.A. Group","Unknown","WSE"
"AGT.PL","Agroton Public Ltd","Unknown","WSE"
"AHL.PL","AAT Holding SA","Unknown","WSE"
"ALC.PL","Alchemia SA","Unknown","WSE"
"ALI.PL","Altus Towarzystwo Fundszy Inwstycyjnych","Unknown","WSE"
"ALIA.PL","Altus Towarzystwo Fundszy Inwstycyjnych","Unknown","WSE"
"ALL.PL","Ailleron SA","Unknown","WSE"
"ALM.PL","Alma Market SA","Unknown","WSE"
"ALR.PL","ALIOR BANK SA","Unknown","WSE"
"ALT.PL","Alterco SA","Unknown","WSE"
"AMB.PL","Ambra SA","Unknown","WSE"
"AMC.PL","Amica SA","Unknown","WSE"
"AML.PL","Alumetal SA","Unknown","WSE"
"ANM.PL","Art NEW media SA","Unknown","WSE"
"APE.PL","APS Energia SA","Unknown","WSE"
"API.PL","Aplitt SA","Unknown","WSE"
"APL.PL","Ampli SA w upadlosci ukladowej","Unknown","WSE"
"APN.PL","APLISENS S.A.","Unknown","WSE"
"APR.PL","Auto Partner SA","Unknown","WSE"
"APT.PL","Apator SA","Unknown","WSE"
"ARC.PL","Arcus SA","Unknown","WSE"
"ARH.PL","Archicom SA","Unknown","WSE"
"ARM.PL","Armatura Krakow SA","Unknown","WSE"
"ARR.PL","Arteria SA","Unknown","WSE"
"ART.PL","Artifex Mundi SA","Unknown","WSE"
"ASB.PL","ASBISc Enterprises Plc","Unknown","WSE"
"ASE.PL","Asseco South Eastern Europe SA","Unknown","WSE"
"ASG.PL","Avia Solutions Group AB","Unknown","WSE"
"ASM.PL","ASM Group SA","Unknown","WSE"
"AST.PL","Astarta Holding N.V.","Unknown","WSE"
"ATC.PL","ARCTIC PAPER SA","Unknown","WSE"
"ATCCARGO.PL","ATC CARGO SA","Unknown","WSE"
"ATD.PL","Atende SA","Unknown","WSE"
"ATG.PL","ATM Grupa SA","Unknown","WSE"
"ATL.PL","Atlas Estates Limited","Unknown","WSE"
"ATM.PL","ATM SA","Unknown","WSE"
"ATP.PL","Atlanta Poland SA","Unknown","WSE"
"ATR.PL","Atrem SA","Unknown","WSE"
"ATS.PL","Atlantis SA","Unknown","WSE"
"ATT.PL","Grupa Azoty SA","Unknown","WSE"
"AWB.PL","AWBUD SA","Unknown","WSE"
"AWG.PL","AGROWILL","Unknown","WSE"
"AWM.PL","Airway Medix SA","Unknown","WSE"
"B3S.PL","B3 System SA","Unknown","WSE"
"BAC.PL","BACD SA w upadlosci ukladowej","Unknown","WSE"
"BAK.PL","Bakalland S.A.","Unknown","WSE"
"BAL.PL","Przedsiebiorstwo Handlu Zgrnzng Blton SA","Unknown","WSE"
"BBD.PL","Bbi Development SA","Unknown","WSE"
"BCM.PL","Betacom SA","Unknown","WSE"
"BDL.PL","Budopol-Wroclaw SA w upadlosci ukladowej","Unknown","WSE"
"BDX.PL","Budimex SA","Unknown","WSE"
"BDZ.PL","Elektrocieplownia Bedzin SA","Unknown","WSE"
"BFT.PL","Benefit Systems SA","Unknown","WSE"
"BGZ.PL","Bank BGZ BNP Paribas SA","Unknown","WSE"
"BHW.PL","Bank Handlowy w Warszawie SA","Unknown","WSE"
"BIK.PL","Biuro Inwestycji Kapitalowych SA","Unknown","WSE"
"BIO.PL","BIOTON SA","Unknown","WSE"
"BKM.PL","Polski Bank Komorek Macierzystych SA","Unknown","WSE"
"BMC.PL","BUMECH SA","Unknown","WSE"
"BML.PL","Biomed Lublin Wytwornia Surowic i Szc SA","Unknown","WSE"
"BMP.PL","BMPAG","Unknown","WSE"
"BNP.PL","BNP PARIBAS BANK POLSKA SA","Unknown","WSE"
"BOS.PL","Bank Ochrony Srodowiska SA","Unknown","WSE"
"BOW.PL","BOWIM SA","Unknown","WSE"
"BPH.PL","Bank BPH SA","Unknown","WSE"
"BPM.PL","Bipromet SA","Unknown","WSE"
"BRA.PL","Braster SA","Unknown","WSE"
"BRAA.PL","BRASTER-PDA","Unknown","WSE"
"BRG.PL","Berling SA","Unknown","WSE"
"BRI.PL","Briju SA","Unknown","WSE"
"BRK.PL","Barlinek SA","Unknown","WSE"
"BRS.PL","Boryszew SA","Unknown","WSE"
"BSC.PL","Bsc Drukarnia Opakowan Spolka Akcyjna","Unknown","WSE"
"BST.PL","BEST SA","Unknown","WSE"
"BTM.PL","Bytom SA","Unknown","WSE"
"BWO.PL","BUWOG","Unknown","WSE"
"BZW.PL","Bank Zachodni WBK SA","Unknown","WSE"
"CAR.PL","Inter Cars SA","Unknown","WSE"
"CCC.PL","CCC SA","Unknown","WSE"
"CCE.PL","Clean&carbon Energy SA","Unknown","WSE"
"CDL.PL","CDRL SA","Unknown","WSE"
"CDLA.PL","CDRL SA","Unknown","WSE"
"CDR.PL","CD Projekt SA","Unknown","WSE"
"CEZ.PL","CEZ AS","Unknown","WSE"
"CFI.PL","CFI Holding SA","Unknown","WSE"
"CFL.PL","CASH FLOW SA","Unknown","WSE"
"CHS.PL","Chemoservis-Dwory SA","Unknown","WSE"
"CIE.PL","Ciech SA","Unknown","WSE"
"CIG.PL","CI Games SA","Unknown","WSE"
"CLE.PL","Coal Energy SA","Unknown","WSE"
"CLN.PL","Celon Pharma SA","Unknown","WSE"
"CMP.PL","Comp SA","Unknown","WSE"
"CMR.PL","ComArch SA","Unknown","WSE"
"CNG.PL","Ceramika Nowa Gala SA","Unknown","WSE"
"CNT.PL","Centrum Nowoczesnych Technologii SA","Unknown","WSE"
"COG.PL","Cognor Holding SA","Unknown","WSE"
"COL.PL","Colian Holding SA","Unknown","WSE"
"CPA.PL","Capital Partners SA","Unknown","WSE"
"CPD.PL","CPD SA","Unknown","WSE"
"CPG.PL","Capital Park SA","Unknown","WSE"
"CPL.PL","Comperia.pl SA","Unknown","WSE"
"CPS.PL","Cyfrowy Polsat SA","Unknown","WSE"
"CRM.PL","PZ Cormay SA","Unknown","WSE"
"CTC.PL","CALATRAVA CAPITAL SA","Unknown","WSE"
"CTG.PL","CubeItg SA","Unknown","WSE"
"CTS.PL","CITYSERV","Unknown","WSE"
"CZT.PL","CZERWONA TOREBKA SA","Unknown","WSE"
"D24.PL","Doradcy24 SA","Unknown","WSE"
"DBC.PL","Firma Oponiarska Debica SA","Unknown","WSE"
"DCR.PL","Decora SA","Unknown","WSE"
"DEK.PL","DEKPOL","Unknown","WSE"
"DEKA.PL","Dekpol SA","Unknown","WSE"
"DEL.PL","Delko SA","Unknown","WSE"
"DGA.PL","DGA SA","Unknown","WSE"
"DOM.PL","Dom Development SA","Unknown","WSE"
"DPL.PL","Drozapol-Profil SA","Unknown","WSE"
"DRE.PL","Drewex SA","Unknown","WSE"
"DRP.PL","Drop SA","Unknown","WSE"
"DSS.PL","Dolnoslaskie Surwc Skln SA w updlsc likw","Unknown","WSE"
"DTP.PL","DTP SA","Unknown","WSE"
"DUO.PL","Grupa Duon SA","Unknown","WSE"
"EAH.PL","Esotiq & Henderson SA","Unknown","WSE"
"EAT.PL","Amrest Holdings SE","Unknown","WSE"
"ECA.PL","UHY ECA SA","Unknown","WSE"
"ECD.PL","eCard SA","Unknown","WSE"
"ECH.PL","Echo Investment SA","Unknown","WSE"
"EDI.PL","ED INVEST SA","Unknown","WSE"
"EEX.PL","EKO EXPORT SA","Unknown","WSE"
"EFH.PL","Europejski Fundusz Hipoteczny SA","Unknown","WSE"
"EFK.PL","Korporacja Gospodarcza Efekt SA","Unknown","WSE"
"EGS.PL","Ergis SA","Unknown","WSE"
"EHG.PL","EUROHOLD","Unknown","WSE"
"EKA.PL","E-Kancelaria Grupa Prwn-Fnsw SA W up lik","Unknown","WSE"
"EKP.PL","ELKOP SA","Unknown","WSE"
"ELB.PL","Elektrobudowa SA","Unknown","WSE"
"ELT.PL","ELEKTROTIM SA","Unknown","WSE"
"ELZ.PL","Zaklady Urzadzen Komputerowych Elzab SA","Unknown","WSE"
"EMC.PL","EMC Instytut Medyczny SA","Unknown","WSE"
"EMF.PL","Empik Media & Fashion SA","Unknown","WSE"
"EMP.PL","Emperia Holding SA","Unknown","WSE"
"EMT.PL","Elemental Holding SA","Unknown","WSE"
"ENA.PL","ENEA SA","Unknown","WSE"
"ENE.PL","CENTRUM MEDYCZNE ENEL-MED SA","Unknown","WSE"
"ENG.PL","Energa SA","Unknown","WSE"
"ENI.PL","Energoinstal SA","Unknown","WSE"
"ENP.PL","Energoaparatura SA","Unknown","WSE"
"ENT.PL","Enter Air SA","Unknown","WSE"
"ENTA.PL","Enter Air SA","Unknown","WSE"
"EPD.PL","Energomontaz-Poludnie SA w updlsc ukldwj","Unknown","WSE"
"ERB.PL","Erbud SA","Unknown","WSE"
"ERG.PL","ERG SA","Unknown","WSE"
"ESO.PL","4Mobility SA","Unknown","WSE"
"ESS.PL","ES-SYSTEM SA","Unknown","WSE"
"EST.PL","ESTAR","Unknown","WSE"
"ETFDAX.PL","ETFDAX","Unknown","WSE"
"ETFSP500.PL","ETFSP500","Unknown","WSE"
"ETFW20L.PL","ETFW20L","Unknown","WSE"
"ETL.PL","Eurotel SA","Unknown","WSE"
"EUC.PL","EUROPEJSKIE CENTRUM ODSZKODOWAN SA","Unknown","WSE"
"EUI.PL","Euroimplant SA w upadlosci likwidacyjnej","Unknown","WSE"
"EUR.PL","Eurocash SA","Unknown","WSE"
"EVE.PL","Everest Investments SA","Unknown","WSE"
"EXL.PL","EXILLON","Unknown","WSE"
"FAM.PL","FAM Grupa Kapitalowa SA","Unknown","WSE"
"FCL.PL","Farmacol SA","Unknown","WSE"
"FEE.PL","Feerum SA","Unknown","WSE"
"FEG.PL","Fortuna Entertainment Group NV","Unknown","WSE"
"FER.PL","Ferrum SA","Unknown","WSE"
"FFI.PL","Fast Finance SA","Unknown","WSE"
"FGT.PL","FENGHUA","Unknown","WSE"
"FMF.PL","Famur SA","Unknown","WSE"
"FMG.PL","Financial Assets Management Group SA","Unknown","WSE"
"FON.PL","FON SA","Unknown","WSE"
"FOT.PL","Fota SA w upadlosci ukladowej","Unknown","WSE"
"FRO.PL","FERRO SA","Unknown","WSE"
"FSG.PL","Fabryki Sprzt i Nrzd Grzh Grp Kpt Fsg SA","Unknown","WSE"
"FTE.PL","Fabryki Mebli FORTE SA","Unknown","WSE"
"GCH.PL","Global City Holdings NV","Unknown","WSE"
"GCN.PL","Inter Groclin Auto SA","Unknown","WSE"
"GET.PL","Greeneco SA","Unknown","WSE"
"GIW.PL","Gremi Inwestycje SA","Unknown","WSE"
"GKI.PL","Grupa Kapitalowa Immobile SA","Unknown","WSE"
"GKP.PL","Gekoplast SA","Unknown","WSE"
"GLC.PL","Global Cosmed SA","Unknown","WSE"
"GNB.PL","Getin Noble Bank SA","Unknown","WSE"
"GNT.PL","Gant Development SA w upadlosci likwidcj","Unknown","WSE"
"GOB.PL","Gobarto SA","Unknown","WSE"
"GPW.PL","Gielda Papierow Wartosciowych w Wrszw SA","Unknown","WSE"
"GRI.PL","Gino Rossi SA","Unknown","WSE"
"GRL.PL","Graal SA","Unknown","WSE"
"GRN.PL","GRODNO SA","Unknown","WSE"
"GRT.PL","Graviton Capital SA","Unknown","WSE"
"GRV.PL","GORENJE","Unknown","WSE"
"GTC.PL","Globe Trade Centre S.A.","Unknown","WSE"
"GTN.PL","Getin Holding SA","Unknown","WSE"
"HDR.PL","Przedsiebiorstwo Hydrauliki Silowej Hydt","Unknown","WSE"
"HEL.PL","Helio S.A.","Unknown","WSE"
"HRP.PL","Harper Hygienics SA","Unknown","WSE"
"HRS.PL","Herkules SA","Unknown","WSE"
"HTM.PL","Hutmen SA","Unknown","WSE"
"HUB.PL","Hubstyle SA","Unknown","WSE"
"HWE.PL","Hawe SA","Unknown","WSE"
"HYP.PL","Hyperion SA","Unknown","WSE"
"I2D.PL","I2 Development SA","Unknown","WSE"
"IAG.PL","iAlbatros Group SA","Unknown","WSE"
"IAP.PL","INWESTYCJE ALTERNATYWNE PROFIT SA","Unknown","WSE"
"IBS.PL","IBSM SA","Unknown","WSE"
"IDA.PL","Idea Bank SA","Unknown","WSE"
"IDAA.PL","Idea Bank SA","Unknown","WSE"
"IDE.PL","Ideon SA","Unknown","WSE"
"IDG.PL","IndygoTech Minerals SA","Unknown","WSE"
"IDM.PL","IDM SA w upadlosci ukladowej","Unknown","WSE"
"IDT.PL","Indata SA","Unknown","WSE"
"IF4.PL","Ifun4all SA","Unknown","WSE"
"IFC.PL","Investment Friends Capital SA","Unknown","WSE"
"IFR.PL","Investment Friends SA","Unknown","WSE"
"IIA.PL","IIAAV","Unknown","WSE"
"IMC.PL","Industrial Milk Company SA","Unknown","WSE"
"IMP.PL","Impera Capital SA","Unknown","WSE"
"IMS.PL","IMS SA","Unknown","WSE"
"IMX.PL","Infovide Matrix SA","Unknown","WSE"
"INC.PL","INC SA","Unknown","WSE"
"IND.PL","Indykpol SA","Unknown","WSE"
"INF.PL","Interferie SA","Unknown","WSE"
"ING.PL","ING Bank Slaski SA","Unknown","WSE"
"INK.PL","Instal Krakow SA","Unknown","WSE"
"INL.PL","Introl SA","Unknown","WSE"
"INP.PL","INPRO SA","Unknown","WSE"
"INV.PL","Invista SA","Unknown","WSE"
"INVESTORMS.PL","InvestorMS","Unknown","WSE"
"IPE.PL","IPOPEMA Securities SA","Unknown","WSE"
"IPF.PL","International Personal Finance Plc","Unknown","WSE"
"IPL.PL","IMPEL SA","Unknown","WSE"
"IPO.PL","Intersport Polska SA","Unknown","WSE"
"IPT.PL","InPost SA","Unknown","WSE"
"IPX.PL","Impexmetal SA","Unknown","WSE"
"IQP.PL","IQ Partners SA","Unknown","WSE"
"IRL.PL","INTER RAO Lietuva AB","Unknown","WSE"
"ITB.PL","Interbud -Lublin SA","Unknown","WSE"
"ITG.PL","Integer.pl SA","Unknown","WSE"
"IZB.PL","Izo-Blok SA","Unknown","WSE"
"IZO.PL","Izolacja Jarocin SA","Unknown","WSE"
"IZS.PL","IZOSTAL SA","Unknown","WSE"
"JHM.PL","JHM Development SA","Unknown","WSE"
"JJO.PL","JJAUTO","Unknown","WSE"
"JPR.PL","Jupiter SA","Unknown","WSE"
"JSW.PL","Jastrzebska Spolka Weglowa SA","Unknown","WSE"
"JWC.PL","JW Construction Holding SA","Unknown","WSE"
"K2I.PL","K2 Internet SA","Unknown","WSE"
"KAN.PL","Zaklady Miesne Henryk Kania SA","Unknown","WSE"
"KBD.PL","Korporacja Budowlana Dom SA","Unknown","WSE"
"KCH.PL","Krakchemia SA","Unknown","WSE"
"KCI.PL","KCI SA","Unknown","WSE"
"KDM.PL","KDM Shipping Public Ltd","Unknown","WSE"
"KER.PL","Kernel Holding SA","Unknown","WSE"
"KFL.PL","Kofola SA","Unknown","WSE"
"KGH.PL","KGHM Polska Miedz SA","Unknown","WSE"
"KGL.PL","KGL","Unknown","WSE"
"KGLA.PL","Korporacja KGL SA","Unknown","WSE"
"KGN.PL","KOGENERACJA SA","Unknown","WSE"
"KMP.PL","Przedsiebiorstwo Prodkjn Hndlw Kompap SA","Unknown","WSE"
"KOF.PL","KOFOL","Unknown","WSE"
"KOM.PL","Komputronik SA","Unknown","WSE"
"KPD.PL","KPPD SA","Unknown","WSE"
"KPL.PL","KINO POLSKA TV SA","Unknown","WSE"
"KPX.PL","KOPEX SA","Unknown","WSE"
"KRC.PL","Krynicki Recykling SA","Unknown","WSE"
"KRI.PL","Kredyt Inkaso S.A.","Unknown","WSE"
"KRK.PL","KRKA","Unknown","WSE"
"KRS.PL","Kerdos Group SA","Unknown","WSE"
"KRU.PL","KRUK S.A.","Unknown","WSE"
"KSG.PL","Ksg Agro SA","Unknown","WSE"
"KST.PL","Konsorcjum Stali S.A.","Unknown","WSE"
"KSW.PL","Zaklady Tluszczowe Kruszwica SA","Unknown","WSE"
"KTY.PL","Grupa Kety SA","Unknown","WSE"
"KVT.PL","Krynica Vitamin SA","Unknown","WSE"
"KZS.PL","Krezus SA","Unknown","WSE"
"LAB.PL","Labo Print SA","Unknown","WSE"
"LBT.PL","LIBET SA","Unknown","WSE"
"LBW.PL","Lubawa SA","Unknown","WSE"
"LCC.PL","LC Corp SA","Unknown","WSE"
"LEN.PL","Lena Lighting SA","Unknown","WSE"
"LKD.PL","Lokum Deweloper SA","Unknown","WSE"
"LPP.PL","LPP SA","Unknown","WSE"
"LRK.PL","Lark.pl SA","Unknown","WSE"
"LRQ.PL","Larq SA","Unknown","WSE"
"LSI.PL","LSI Software S.A.","Unknown","WSE"
"LTS.PL","Grupa Lotos SA","Unknown","WSE"
"LTX.PL","Lentex SA","Unknown","WSE"
"LVC.PL","Livechat Software SA","Unknown","WSE"
"LWB.PL","Lubelski Wegiel Bogdanka SA","Unknown","WSE"
"MAB.PL","Mabion SA","Unknown","WSE"
"MAG.PL","Magellan SA","Unknown","WSE"
"MAK.PL","Makarony Polskie SA","Unknown","WSE"
"MAX.PL","Maximus SA","Unknown","WSE"
"MBK.PL","mBank SA","Unknown","WSE"
"MBR.PL","MO-BRUK SA","Unknown","WSE"
"MBW.PL","MBWS","Unknown","WSE"
"MCI.PL","MCI Capital SA","Unknown","WSE"
"MCL.PL","Macrologic SA","Unknown","WSE"
"MCP.PL","MEDIACAP SA","Unknown","WSE"
"MCR.PL","MERCOR SA","Unknown","WSE"
"MDG.PL","Medicalgorithmics SA","Unknown","WSE"
"MDI.PL","MDI Energia SA","Unknown","WSE"
"MDS.PL","Midas SA","Unknown","WSE"
"MEG.PL","Megaron SA","Unknown","WSE"
"MEX.PL","Mex Polska SA","Unknown","WSE"
"MFO.PL","MFO SA","Unknown","WSE"
"MGT.PL","Mangata Holding SA","Unknown","WSE"
"MIL.PL","Bank Millennium SA","Unknown","WSE"
"MIR.PL","Miraculum SA","Unknown","WSE"
"MLG.PL","MLP Group SA","Unknown","WSE"
"MLK.PL","Milkiland NV","Unknown","WSE"
"MNC.PL","Mennica Polska SA","Unknown","WSE"
"MND.PL","Mineral Midrange SA","Unknown","WSE"
"MNI.PL","MNI SA","Unknown","WSE"
"MOJ.PL","Moj SA","Unknown","WSE"
"MOL.PL","MOL plc","Unknown","WSE"
"MON.PL","Monnari Trade SA","Unknown","WSE"
"MPH.PL","Master Pharm SA","Unknown","WSE"
"MRB.PL","Mirbud SA","Unknown","WSE"
"MRC.PL","Mercator Medical SA","Unknown","WSE"
"MSO.PL","ZAKLADY PRZEMYSLU CUKIERNICZEGO MIESZKO","Unknown","WSE"
"MSP.PL","Mostostal Plock SA","Unknown","WSE"
"MSW.PL","Mostostal Warszawa SA","Unknown","WSE"
"MSX.PL","MSX Resources SA","Unknown","WSE"
"MSZ.PL","Mostostal Zabrze SA","Unknown","WSE"
"MTL.PL","MEDIATEL SA","Unknown","WSE"
"MVP.PL","Marvipol SA","Unknown","WSE"
"MWIG40.PL","mWIG40","Unknown","WSE"
"MWT.PL","M.W. Trade S.A.","Unknown","WSE"
"MZA.PL","Muza SA","Unknown","WSE"
"NCT.PL","North Coast SA","Unknown","WSE"
"NDA.PL","Nordea Bank Polska SA","Unknown","WSE"
"NEM.PL","Netmedia SA","Unknown","WSE"
"NET.PL","Netia SA","Unknown","WSE"
"NEU.PL","Neuca SA","Unknown","WSE"
"NTT.PL","NTT System SA","Unknown","WSE"
"NVA.PL","P.A. Nova SA","Unknown","WSE"
"NVT.PL","NOVITA SA","Unknown","WSE"
"NWG.PL","Newag Sa","Unknown","WSE"
"NWR.PL","New World Resources PLC","Unknown","WSE"
"O2O.PL","One-2-One SA","Unknown","WSE"
"OBL.PL","Orzel Bialy SA","Unknown","WSE"
"ODL.PL","Odlewnie Polskie S.A.","Unknown","WSE"
"OEG.PL","OLYMPIC","Unknown","WSE"
"OEX.PL","Oex SA","Unknown","WSE"
"OIL.PL","Petrolinvest SA","Unknown","WSE"
"OPF.PL","Open Finance SA","Unknown","WSE"
"OPG.PL","Orco Property Group SA","Unknown","WSE"
"OPL.PL","Orange Polska SA","Unknown","WSE"
"OPM.PL","OPTeam SA","Unknown","WSE"
"OPN.PL","Oponeo.pl SA","Unknown","WSE"
"ORB.PL","Orbis SA","Unknown","WSE"
"ORN.PL","Orion Investment SA","Unknown","WSE"
"OTM.PL","ZPC Otmuchow SA","Unknown","WSE"
"OTS.PL","OT Logistics SA","Unknown","WSE"
"OVO.PL","Ovostar Union NV","Unknown","WSE"
"PAT.PL","PATENTUS SA","Unknown","WSE"
"PBF.PL","PBS FINANSE SA","Unknown","WSE"
"PBG.PL","PBG SA","Unknown","WSE"
"PBO.PL","PBO Aniola SA w upadlosci likwidacyjnej","Unknown","WSE"
"PBX.PL","Poznanska Korporacja Bdwlna Pkbx SA","Unknown","WSE"
"PCE.PL","Grupa Azoty Zaklady Chemiczne Police SA","Unknown","WSE"
"PCG.PL","PC Guard SA","Unknown","WSE"
"PCI.PL","PCC Intermodal S.A.","Unknown","WSE"
"PCM.PL","Prime Car Management SA","Unknown","WSE"
"PCR.PL","PCC Rokita SA","Unknown","WSE"
"PCX.PL","PCC Exol SA","Unknown","WSE"
"PDZ.PL","PRAIRIE","Unknown","WSE"
"PEK.PL","Pekaes SA","Unknown","WSE"
"PEL.PL","Pelion SA","Unknown","WSE"
"PEM.PL","Private Equity Managers SA","Unknown","WSE"
"PEO.PL","Bank Pekao SA","Unknown","WSE"
"PEP.PL","Polenergia SA","Unknown","WSE"
"PEX.PL","Peixin International Group NV","Unknown","WSE"
"PFL.PL","Pfleiderer Group SA","Unknown","WSE"
"PGD.PL","Paged SA","Unknown","WSE"
"PGE.PL","PGE Polska Grupa Energetyczna SA","Unknown","WSE"
"PGM.PL","PMPG Polskie Media SA","Unknown","WSE"
"PGN.PL","PGNiG SA","Unknown","WSE"
"PGO.PL","Polska Grupa Odlewnicza SA","Unknown","WSE"
"PGS.PL","PEGAS","Unknown","WSE"
"PHN.PL","Polski Holding Nieruchomosci SA","Unknown","WSE"
"PHO.PL","Phoenix Energy as","Unknown","WSE"
"PIW.PL","Platynowe Inwestycje SA","Unknown","WSE"
"PJP.PL","PROJPRZEM SA","Unknown","WSE"
"PKN.PL","Polski Koncern Naftowy ORLEN SA","Unknown","WSE"
"PKO.PL","Powszechna Kasa Oszczednosci Bk Plski SA","Unknown","WSE"
"PKP.PL","PKP Cargo SA","Unknown","WSE"
"PLA.PL","Zaklady Automatyki Polna SA","Unknown","WSE"
"PLT.PL","Polcolorit SA","Unknown","WSE"
"PLW.PL","Playway SA","Unknown","WSE"
"PLX.PL","PTS Plast-Box SA","Unknown","WSE"
"PLZ.PL","Plaza Centers NV","Unknown","WSE"
"PMA.PL","Prima Moda S.A.","Unknown","WSE"
"PMG.PL","Pemug SA","Unknown","WSE"
"PMP.PL","Pamapol SA","Unknown","WSE"
"PND.PL","POLNORD SA","Unknown","WSE"
"POL.PL","Polymetal SA","Unknown","WSE"
"POM.PL","Polmed SA","Unknown","WSE"
"POZ.PL","POZBUD T&R SA","Unknown","WSE"
"PPS.PL","PEPEES S.A.","Unknown","WSE"
"PRC.PL","Prochnik SA","Unknown","WSE"
"PRD.PL","PROCAD SA","Unknown","WSE"
"PRF.PL","PRAGMA FAKTORING SA","Unknown","WSE"
"PRI.PL","Pragma Inkaso SA","Unknown","WSE"
"PRM.PL","Prochem SA","Unknown","WSE"
"PRT.PL","Protektor SA","Unknown","WSE"
"PSW.PL","PGS Software SA","Unknown","WSE"
"PUE.PL","ZPUE SA","Unknown","WSE"
"PWM.PL","Power Media SA","Unknown","WSE"
"PWX.PL","Polwax SA","Unknown","WSE"
"PXM.PL","Polimex-Mostostal SA","Unknown","WSE"
"PZU.PL","Powszechny Zaklad Ubezpieczen SA","Unknown","WSE"
"QMK.PL","Qumak SA","Unknown","WSE"
"QNT.PL","Quantum Software SA","Unknown","WSE"
"QRK.PL","Quark Ventures SA","Unknown","WSE"
"QRS.PL","Quercus TFI SA","Unknown","WSE"
"QUB.PL","Qubicgames SA","Unknown","WSE"
"RAF.PL","Fabryka Obrabiarek RAFAMET SA","Unknown","WSE"
"RBC.PL","Rubicon Partners SA","Unknown","WSE"
"RBW.PL","Rainbow Tours SA","Unknown","WSE"
"RDL.PL","Radpol SA","Unknown","WSE"
"RDN.PL","Redan SA","Unknown","WSE"
"REG.PL","Regnon SA","Unknown","WSE"
"RES.PL","Resbud SA","Unknown","WSE"
"RESPECT.PL","RESPECT","Unknown","WSE"
"RFK.PL","Fabryka Kotlow Rafako SA","Unknown","WSE"
"RHD.PL","Reinhold Europe AB","Unknown","WSE"
"RLP.PL","Relpol SA","Unknown","WSE"
"RMK.PL","Przedsiebiorstwo Mdrnzc Urzdzn Ergtyzyh","Unknown","WSE"
"RNK.PL","RANK PROGRESS SA","Unknown","WSE"
"ROB.PL","Robyg SA","Unknown","WSE"
"RON.PL","Ronson Europe NV","Unknown","WSE"
"RPC.PL","Zaklady Magnezytowe Ropczyce SA","Unknown","WSE"
"RSE.PL","ROVESE SA","Unknown","WSE"
"RWD.PL","Redwood Holding SA","Unknown","WSE"
"RWL.PL","Rawlplug SA","Unknown","WSE"
"SAN.PL","SANTANDER","Unknown","WSE"
"SAR.PL","Sare SA","Unknown","WSE"
"SBE.PL","Softblue SA","Unknown","WSE"
"SCO.PL","Sco-Pak SA","Unknown","WSE"
"SEK.PL","SEKO SA","Unknown","WSE"
"SEL.PL","Selena FM SA","Unknown","WSE"
"SEN.PL","SERINUS","Unknown","WSE"
"SFG.PL","SILVANO","Unknown","WSE"
"SFS.PL","Sfinks Polska SA","Unknown","WSE"
"SGN.PL","Sygnity SA","Unknown","WSE"
"SGR.PL","Sadovaya Group","Unknown","WSE"
"SHD.PL","Soho Development SA","Unknown","WSE"
"SHG.PL","Starhedge SA","Unknown","WSE"
"SKA.PL","Fabryka Farb i Lakierow Sniezka SA","Unknown","WSE"
"SKH.PL","Skarbiec Holding SA","Unknown","WSE"
"SKL.PL","Skyline Investment SA","Unknown","WSE"
"SKT.PL","Skotan SA","Unknown","WSE"
"SLV.PL","SELVITA SA","Unknown","WSE"
"SME.PL","Simple SA","Unknown","WSE"
"SNK.PL","Sanok Rubber Company SA","Unknown","WSE"
"SNS.PL","Synthos S.A.","Unknown","WSE"
"SNT.PL","Synektik SA","Unknown","WSE"
"SNW.PL","Sanwil Holding SA","Unknown","WSE"
"SNX.PL","Sunex SA","Unknown","WSE"
"SOL.PL","Solar Company SA","Unknown","WSE"
"SON.PL","Sonel SA","Unknown","WSE"
"SPH.PL","SOPHARMA","Unknown","WSE"
"STF.PL","Stalprofil SA","Unknown","WSE"
"STL.PL","Stelmet SA","Unknown","WSE"
"STP.PL","Stalprodukt SA","Unknown","WSE"
"STX.PL","Stalexport Autostrady SA","Unknown","WSE"
"SUW.PL","Suwary SA w Pabianicach","Unknown","WSE"
"SWD.PL","Swissmed Centrum Zdrowia SA","Unknown","WSE"
"SWG.PL","Seco/Warwick SA","Unknown","WSE"
"SWIG80.PL","sWIG80","Unknown","WSE"
"SWP.PL","Swissmed Prywatny Serwis Medyczny SA","Unknown","WSE"
"TAR.PL","Tarczynski Sa","Unknown","WSE"
"TER.PL","Pani Teresa Medica SA","Unknown","WSE"
"TFO.PL","TelForceOne SA","Unknown","WSE"
"TIM.PL","TIM SA","Unknown","WSE"
"TLX.PL","Talex SA","Unknown","WSE"
"TMR.PL","TATRY","Unknown","WSE"
"TNX.PL","TALANX","Unknown","WSE"
"TOA.PL","TOYA SA","Unknown","WSE"
"TOR.PL","Torpol SA","Unknown","WSE"
"TORA.PL","Torpol SA","Unknown","WSE"
"TPE.PL","TAURON Polska Energia SA","Unknown","WSE"
"TPM.PL","Topmedical SA w upadlosci","Unknown","WSE"
"TRI.PL","Triton Development SA","Unknown","WSE"
"TRK.PL","Trakcja PRKiI SA","Unknown","WSE"
"TRN.PL","Trans Polonia SA","Unknown","WSE"
"TRR.PL","Termo Rex SA","Unknown","WSE"
"TSG.PL","TESGAS SA","Unknown","WSE"
"TVL.PL","Travelplanet.pl SA","Unknown","WSE"
"TVN.PL","TVN SA","Unknown","WSE"
"U2K.PL","Unima 2000 Systemy Teleinformatyczne SA","Unknown","WSE"
"UCG.PL","UNICREDIT","Unknown","WSE"
"ULM.PL","Ulma Construccion Polska SA","Unknown","WSE"
"UNI.PL","UNIBEP SA","Unknown","WSE"
"UNW.PL","Uniwheels AG","Unknown","WSE"
"URS.PL","Ursus SA","Unknown","WSE"
"VGO.PL","Vigo System SA","Unknown","WSE"
"VIN.PL","Gielda Praw Majatkowych Vindexus SA","Unknown","WSE"
"VOT.PL","VOTUM SA","Unknown","WSE"
"VOX.PL","Voxel SA","Unknown","WSE"
"VST.PL","VISTULA GROUP SA","Unknown","WSE"
"VTG.PL","Vantage Development SA","Unknown","WSE"
"VTL.PL","Vistal Gdynia SA","Unknown","WSE"
"VVD.PL","Vivid Games SA","Unknown","WSE"
"WAS.PL","WASKO SA","Unknown","WSE"
"WAX.PL","Przedsiebiorstwo Produkcyjno Handlowe","Unknown","WSE"
"WDX.PL","WDX SA","Unknown","WSE"
"WES.PL","Westa ISIC SA","Unknown","WSE"
"WIG.PL","WIG","Unknown","WSE"
"WIG-BANKI.PL","WIG-BANKI","Unknown","WSE"
"WIG-BUDOW.PL","WIG-BUDOW","Unknown","WSE"
"WIG-CEE.PL","WIG-CEE","Unknown","WSE"
"WIG-CHEMIA.PL","WIG-CHEMIA","Unknown","WSE"
"WIG-DEWEL.PL","WIG-DEWEL","Unknown","WSE"
"WIG-ENERG.PL","WIG-ENERG","Unknown","WSE"
"WIG-INFO.PL","WIG-INFO","Unknown","WSE"
"WIG-MEDIA.PL","WIG-MEDIA","Unknown","WSE"
"WIG-PALIWA.PL","WIG-PALIWA","Unknown","WSE"
"WIG-PLUS.PL","WIG-Plus","Unknown","WSE"
"WIG-POLAND.PL","WIG-Poland","Unknown","WSE"
"WIG-SPOZYW.PL","WIG-SPOZYW","Unknown","WSE"
"WIG-SUROWC.PL","WIG-SUROWC","Unknown","WSE"
"WIG-TELKOM.PL","WIG-TELKOM","Unknown","WSE"
"WIG-UKRAIN.PL","WIG-Ukrain","Unknown","WSE"
"WIG20.PL","WIG20","Unknown","WSE"
"WIG20LEV.PL","WIG20lev","Unknown","WSE"
"WIG20SHORT.PL","WIG20short","Unknown","WSE"
"WIG20TR.PL","WIG20TR","Unknown","WSE"
"WIG250.PL","WIG250","Unknown","WSE"
"WIG30.PL","WIG30","Unknown","WSE"
"WIG30LEV.PL","WIG30lev","Unknown","WSE"
"WIG30SHORT.PL","WIG30short","Unknown","WSE"
"WIG30TR.PL","WIG30TR","Unknown","WSE"
"WIG50.PL","WIG50","Unknown","WSE"
"WIGDIV.PL","WIGdiv","Unknown","WSE"
"WIK.PL","Wikana SA","Unknown","WSE"
"WIS.PL","Baltic Bridge SA","Unknown","WSE"
"WLB.PL","Wilbo SA","Unknown","WSE"
"WLT.PL","Wielton SA","Unknown","WSE"
"WOJ.PL","Wojas SA","Unknown","WSE"
"WPL.PL","Wirtualna Polska Holding SA","Unknown","WSE"
"WSE.PL","Work Service SA","Unknown","WSE"
"WST.PL","Wistil SA","Unknown","WSE"
"WTN.PL","Wittchen SA","Unknown","WSE"
"WTNA.PL","WITTCHEN-PDA","Unknown","WSE"
"WWL.PL","WAWEL SA","Unknown","WSE"
"WXF.PL","WARIMPEX","Unknown","WSE"
"XTB.PL","X Trade Brokers Dom Maklerski SA","Unknown","WSE"
"YOL.PL","Yolo SA","Unknown","WSE"
"YWL.PL","Yawal SA","Unknown","WSE"
"ZAP.PL","Grupa Azoty Zaklady Azotowe Pulawy SA","Unknown","WSE"
"ZEP.PL","ZESPOL ELEKTROWNI PATNOW-ADAMOW-KONIN SA","Unknown","WSE"
"ZMT.PL","ZAMET INDUSTRY SA","Unknown","WSE"
"ZRE.PL","Zaklad Budowy Maszyn ZREMB - CHOJNICE SA","Unknown","WSE"
"ZST.PL","ZASTAL SA","Unknown","WSE"
"ZUE.PL","ZUE SA","Unknown","WSE"
"ZUK.PL","ZUK Staporkow SA","Unknown","WSE"
"ZWC.PL","Grupa Zywiec SA","Unknown","WSE"
