<alertDefaultDrawing><figures><sinkOperatorFigure id="0" x="643" y="317"><model><name><string>Alert</string></name><attribute><null/></attribute><value><null/></value><connectors><inputConnector id="1" index="0" numOfConnection="1"><Owner><sinkOperatorFigure ref="0"/></Owner><locator><relativeLocator id="2" relativeX="0"/></locator></inputConnector><outputConnector id="3" index="0" numOfConnection="0"><Owner><sinkOperatorFigure ref="0"/></Owner><locator><relativeLocator id="4" relativeX="1"/></locator></outputConnector></connectors></model></sinkOperatorFigure><equalityOperatorFigure id="5" x="470" y="319"><model><name><string>Equality</string></name><attribute><string>LesserOrEqual</string></attribute><value><null/></value><connectors><inputConnector id="6" index="0" numOfConnection="1"><Owner><equalityOperatorFigure ref="5"/></Owner><locator><relativeLocator id="7" relativeX="0" relativeY="0.25"/></locator></inputConnector><inputConnector id="8" index="1" numOfConnection="1"><Owner><equalityOperatorFigure ref="5"/></Owner><locator><relativeLocator id="9" relativeX="0" relativeY="0.75"/></locator></inputConnector><outputConnector id="a" index="0" numOfConnection="1"><Owner><equalityOperatorFigure ref="5"/></Owner><locator><relativeLocator ref="4"/></locator></outputConnector></connectors></model></equalityOperatorFigure><stockRelativeHistoryOperatorFigure id="b" x="248" y="260"><model><name><string>Relative Stock History</string></name><attribute><string>14d RSI LastPrice</string></attribute><value><null/></value><connectors><outputConnector id="c" index="0" numOfConnection="1"><Owner><stockRelativeHistoryOperatorFigure ref="b"/></Owner><locator><relativeLocator ref="4"/></locator></outputConnector></connectors></model></stockRelativeHistoryOperatorFigure><doubleConstantOperatorFigure id="d" x="333" y="368"><model><name><string>Constant</string></name><attribute><null/></attribute><value><string>30.0</string></value><connectors><outputConnector id="e" index="0" numOfConnection="1"><Owner><doubleConstantOperatorFigure ref="d"/></Owner><locator><relativeLocator ref="4"/></locator></outputConnector></connectors></model></doubleConstantOperatorFigure><ta id="f" x="205" y="202" w="579" h="40"><a><text><string>Relative Strength Index. A stock is considered oversold around 30 level and you may consider buying.</string></text><fillColor><color rgba="#ffffcc00"/></fillColor><fontBold><boolean>true</boolean></fontBold></a></ta><dep id="10"><points><p colinear="true" x="583.20703125" y="349.3759765625" c1x="0" c1y="0" c2x="0" c2y="0"/><p colinear="true" x="643" y="347.3759765625" c1x="0" c1y="0" c2x="0" c2y="0"/></points><startConnector><outputConnector ref="a"/></startConnector><endConnector><inputConnector ref="1"/></endConnector><a><strokeColor><color rgba="#ff000099"/></strokeColor><strokeWidth><double>1</double></strokeWidth></a></dep><dep id="11"><points><p colinear="true" x="413.103515625" y="290.3759765625" c1x="0" c1y="0" c2x="0" c2y="0"/><p colinear="true" x="470" y="334.18798828125" c1x="0" c1y="0" c2x="0" c2y="0"/></points><startConnector><outputConnector ref="c"/></startConnector><endConnector><inputConnector ref="6"/></endConnector><a><strokeColor><color rgba="#ff000099"/></strokeColor><strokeWidth><double>1</double></strokeWidth></a></dep><dep id="12"><points><p colinear="true" x="409.087890625" y="398.3759765625" c1x="0" c1y="0" c2x="0" c2y="0"/><p colinear="true" x="470" y="364.56396484375" c1x="0" c1y="0" c2x="0" c2y="0"/></points><startConnector><outputConnector ref="e"/></startConnector><endConnector><inputConnector ref="8"/></endConnector><a><strokeColor><color rgba="#ff000099"/></strokeColor><strokeWidth><double>1</double></strokeWidth></a></dep></figures></alertDefaultDrawing>