<org.yccheok.jstock.analysis.OperatorIndicator>
  <operators>
    <org.yccheok.jstock.analysis.SinkOperator>
      <outputs>
        <org.yccheok.jstock.analysis.Connector>
          <operator class="org.yccheok.jstock.analysis.SinkOperator" reference="../../.."/>
          <index>0</index>
          <listeners/>
        </org.yccheok.jstock.analysis.Connector>
      </outputs>
      <inputs>
        <org.yccheok.jstock.analysis.Connector>
          <operator class="org.yccheok.jstock.analysis.SinkOperator" reference="../../.."/>
          <index>0</index>
          <listeners>
            <org.yccheok.jstock.analysis.SinkOperator reference="../../../.."/>
          </listeners>
        </org.yccheok.jstock.analysis.Connector>
      </inputs>
      <outputConnections>
        <null/>
      </outputConnections>
      <inputConnections>
        <org.yccheok.jstock.analysis.Connection>
          <input>
            <operator class="org.yccheok.jstock.analysis.EqualityOperator">
              <outputs>
                <org.yccheok.jstock.analysis.Connector reference="../../.."/>
              </outputs>
              <inputs>
                <org.yccheok.jstock.analysis.Connector>
                  <operator class="org.yccheok.jstock.analysis.EqualityOperator" reference="../../.."/>
                  <index>0</index>
                  <listeners>
                    <org.yccheok.jstock.analysis.EqualityOperator reference="../../../.."/>
                  </listeners>
                </org.yccheok.jstock.analysis.Connector>
                <org.yccheok.jstock.analysis.Connector>
                  <operator class="org.yccheok.jstock.analysis.EqualityOperator" reference="../../.."/>
                  <index>1</index>
                  <listeners>
                    <org.yccheok.jstock.analysis.EqualityOperator reference="../../../.."/>
                  </listeners>
                </org.yccheok.jstock.analysis.Connector>
              </inputs>
              <outputConnections>
                <org.yccheok.jstock.analysis.Connection reference="../../../.."/>
              </outputConnections>
              <inputConnections>
                <org.yccheok.jstock.analysis.Connection>
                  <input>
                    <operator class="org.yccheok.jstock.analysis.StockRelativeHistoryOperator">
                      <outputs>
                        <org.yccheok.jstock.analysis.Connector reference="../../.."/>
                      </outputs>
                      <inputs/>
                      <outputConnections>
                        <org.yccheok.jstock.analysis.Connection reference="../../../.."/>
                      </outputConnections>
                      <inputConnections/>
                      <outputConnectionSize>1</outputConnectionSize>
                      <inputConnectionSize>0</inputConnectionSize>
                      <loopbackflag>false</loopbackflag>
                      <function>RSI</function>
                      <type>LastPrice</type>
                      <day>14</day>
                    </operator>
                    <index>0</index>
                    <listeners>
                      <org.yccheok.jstock.analysis.Connection reference="../../.."/>
                    </listeners>
                  </input>
                  <output reference="../../../inputs/org.yccheok.jstock.analysis.Connector"/>
                </org.yccheok.jstock.analysis.Connection>
                <org.yccheok.jstock.analysis.Connection>
                  <input>
                    <operator class="org.yccheok.jstock.analysis.DoubleConstantOperator">
                      <outputs>
                        <org.yccheok.jstock.analysis.Connector reference="../../.."/>
                      </outputs>
                      <inputs/>
                      <outputConnections>
                        <org.yccheok.jstock.analysis.Connection reference="../../../.."/>
                      </outputConnections>
                      <inputConnections/>
                      <outputConnectionSize>1</outputConnectionSize>
                      <inputConnectionSize>0</inputConnectionSize>
                      <loopbackflag>false</loopbackflag>
                      <constant>30.0</constant>
                    </operator>
                    <index>0</index>
                    <listeners>
                      <org.yccheok.jstock.analysis.Connection reference="../../.."/>
                    </listeners>
                  </input>
                  <output reference="../../../inputs/org.yccheok.jstock.analysis.Connector[2]"/>
                </org.yccheok.jstock.analysis.Connection>
              </inputConnections>
              <outputConnectionSize>1</outputConnectionSize>
              <inputConnectionSize>2</inputConnectionSize>
              <loopbackflag>false</loopbackflag>
              <equality>LesserOrEqual</equality>
            </operator>
            <index>0</index>
            <listeners>
              <org.yccheok.jstock.analysis.Connection reference="../../.."/>
            </listeners>
          </input>
          <output reference="../../../inputs/org.yccheok.jstock.analysis.Connector"/>
        </org.yccheok.jstock.analysis.Connection>
      </inputConnections>
      <outputConnectionSize>0</outputConnectionSize>
      <inputConnectionSize>1</inputConnectionSize>
      <loopbackflag>false</loopbackflag>
    </org.yccheok.jstock.analysis.SinkOperator>
    <org.yccheok.jstock.analysis.EqualityOperator reference="../org.yccheok.jstock.analysis.SinkOperator/inputConnections/org.yccheok.jstock.analysis.Connection/input/operator"/>
    <org.yccheok.jstock.analysis.StockRelativeHistoryOperator reference="../org.yccheok.jstock.analysis.SinkOperator/inputConnections/org.yccheok.jstock.analysis.Connection/input/operator/inputConnections/org.yccheok.jstock.analysis.Connection/input/operator"/>
    <org.yccheok.jstock.analysis.DoubleConstantOperator reference="../org.yccheok.jstock.analysis.SinkOperator/inputConnections/org.yccheok.jstock.analysis.Connection/input/operator/inputConnections/org.yccheok.jstock.analysis.Connection[2]/input/operator"/>
  </operators>
  <name>RSI Buy Signal</name>
  <stockHistoryCalculationDone>false</stockHistoryCalculationDone>
  <sharesIssued>-1</sharesIssued>
  <marketCapital>-1</marketCapital>
</org.yccheok.jstock.analysis.OperatorIndicator>