<alertDefaultDrawing><figures><ta id="0" x="415" y="7" w="197" h="33"><a><fillColor><color rgba="#ffffcc00"/></fillColor><fontBold><boolean>true</boolean></fontBold><text><string>Bullish Engulfing Pattern</string></text></a></ta><ta id="1" x="15" y="196" w="274" h="40"><a><fillColor><color rgba="#ffffcc00"/></fillColor><fontBold><boolean>true</boolean></fontBold><text><string>Today open &lt; Yesterday close</string></text></a></ta><ta id="2" x="11" y="6" w="265" h="40"><a><fillColor><color rgba="#ffffcc00"/></fillColor><fontBold><boolean>true</boolean></fontBold><text><string>Today close &gt; Yesterday open</string></text></a></ta><stockRelativeHistoryOperatorFigure id="3" x="280" y="345"><model><name><string>Relative Stock History</string></name><attribute><string>1d Max LastPrice</string></attribute><value><null/></value><connectors><outputConnector id="4" index="0" numOfConnection="1"><Owner><stockRelativeHistoryOperatorFigure ref="3"/></Owner><locator><relativeLocator id="5" relativeX="1"/></locator></outputConnector></connectors></model></stockRelativeHistoryOperatorFigure><stockRelativeHistoryOperatorFigure id="6" x="280" y="409"><model><name><string>Relative Stock History</string></name><attribute><string>1d Max OpenPrice</string></attribute><value><null/></value><connectors><outputConnector id="7" index="0" numOfConnection="1"><Owner><stockRelativeHistoryOperatorFigure ref="6"/></Owner><locator><relativeLocator ref="5"/></locator></outputConnector></connectors></model></stockRelativeHistoryOperatorFigure><equalityOperatorFigure id="8" x="468" y="366"><model><name><string>Equality</string></name><attribute><string>Greater</string></attribute><value><null/></value><connectors><inputConnector id="9" index="0" numOfConnection="1"><Owner><equalityOperatorFigure ref="8"/></Owner><locator><relativeLocator id="a" relativeX="0" relativeY="0.25"/></locator></inputConnector><inputConnector id="b" index="1" numOfConnection="1"><Owner><equalityOperatorFigure ref="8"/></Owner><locator><relativeLocator id="c" relativeX="0" relativeY="0.75"/></locator></inputConnector><outputConnector id="d" index="0" numOfConnection="1"><Owner><equalityOperatorFigure ref="8"/></Owner><locator><relativeLocator ref="5"/></locator></outputConnector></connectors></model></equalityOperatorFigure><ta id="e" x="333" y="300" w="201" h="30"><a><fillColor><color rgba="#ffffcc00"/></fillColor><fontBold><boolean>true</boolean></fontBold><text><string>Today candlestick is green</string></text></a></ta><logicalOperatorFigure id="f" x="639" y="142"><model><name><string>Logical</string></name><attribute><string>And</string></attribute><value><null/></value><connectors><inputConnector id="10" index="0" numOfConnection="1"><Owner><logicalOperatorFigure ref="f"/></Owner><locator><relativeLocator ref="a"/></locator></inputConnector><inputConnector id="11" index="1" numOfConnection="1"><Owner><logicalOperatorFigure ref="f"/></Owner><locator><relativeLocator ref="c"/></locator></inputConnector><outputConnector id="12" index="0" numOfConnection="1"><Owner><logicalOperatorFigure ref="f"/></Owner><locator><relativeLocator ref="5"/></locator></outputConnector></connectors></model></logicalOperatorFigure><equalityOperatorFigure id="13" x="202" y="81"><model><name><string>Equality</string></name><attribute><string>Greater</string></attribute><value><null/></value><connectors><inputConnector id="14" index="0" numOfConnection="1"><Owner><equalityOperatorFigure ref="13"/></Owner><locator><relativeLocator ref="a"/></locator></inputConnector><inputConnector id="15" index="1" numOfConnection="1"><Owner><equalityOperatorFigure ref="13"/></Owner><locator><relativeLocator ref="c"/></locator></inputConnector><outputConnector id="16" index="0" numOfConnection="1"><Owner><equalityOperatorFigure ref="13"/></Owner><locator><relativeLocator ref="5"/></locator></outputConnector></connectors></model></equalityOperatorFigure><equalityOperatorFigure id="17" x="215" y="274"><model><name><string>Equality</string></name><attribute><string>Lesser</string></attribute><value><null/></value><connectors><inputConnector id="18" index="0" numOfConnection="1"><Owner><equalityOperatorFigure ref="17"/></Owner><locator><relativeLocator ref="a"/></locator></inputConnector><inputConnector id="19" index="1" numOfConnection="1"><Owner><equalityOperatorFigure ref="17"/></Owner><locator><relativeLocator ref="c"/></locator></inputConnector><outputConnector id="1a" index="0" numOfConnection="1"><Owner><equalityOperatorFigure ref="17"/></Owner><locator><relativeLocator ref="5"/></locator></outputConnector></connectors></model></equalityOperatorFigure><stockRelativeHistoryOperatorFigure id="1b" x="595" y="409"><model><name><string>Relative Stock History</string></name><attribute><string>1d (-1) Max LastPrice</string></attribute><value><null/></value><connectors><outputConnector id="1c" index="0" numOfConnection="1"><Owner><stockRelativeHistoryOperatorFigure ref="1b"/></Owner><locator><relativeLocator ref="5"/></locator></outputConnector></connectors></model></stockRelativeHistoryOperatorFigure><stockRelativeHistoryOperatorFigure id="1d" x="595" y="342"><model><name><string>Relative Stock History</string></name><attribute><string>1d (-1) Max OpenPrice</string></attribute><value><null/></value><connectors><outputConnector id="1e" index="0" numOfConnection="1"><Owner><stockRelativeHistoryOperatorFigure ref="1d"/></Owner><locator><relativeLocator ref="5"/></locator></outputConnector></connectors></model></stockRelativeHistoryOperatorFigure><equalityOperatorFigure id="1f" x="785" y="375"><model><name><string>Equality</string></name><attribute><string>Greater</string></attribute><value><null/></value><connectors><inputConnector id="20" index="0" numOfConnection="1"><Owner><equalityOperatorFigure ref="1f"/></Owner><locator><relativeLocator ref="a"/></locator></inputConnector><inputConnector id="21" index="1" numOfConnection="1"><Owner><equalityOperatorFigure ref="1f"/></Owner><locator><relativeLocator ref="c"/></locator></inputConnector><outputConnector id="22" index="0" numOfConnection="1"><Owner><equalityOperatorFigure ref="1f"/></Owner><locator><relativeLocator ref="5"/></locator></outputConnector></connectors></model></equalityOperatorFigure><ta id="23" x="589" y="303" w="205" h="29"><a><fillColor><color rgba="#ffffcc00"/></fillColor><fontBold><boolean>true</boolean></fontBold><text><string>Yesterday candlestick is red</string></text></a></ta><stockRelativeHistoryOperatorFigure id="24" x="13" y="54"><model><name><string>Relative Stock History</string></name><attribute><string>1d Max LastPrice</string></attribute><value><null/></value><connectors><outputConnector id="25" index="0" numOfConnection="1"><Owner><stockRelativeHistoryOperatorFigure ref="24"/></Owner><locator><relativeLocator ref="5"/></locator></outputConnector></connectors></model></stockRelativeHistoryOperatorFigure><stockRelativeHistoryOperatorFigure id="26" x="13" y="126"><model><name><string>Relative Stock History</string></name><attribute><string>1d (-1) Max OpenPrice</string></attribute><value><null/></value><connectors><outputConnector id="27" index="0" numOfConnection="1"><Owner><stockRelativeHistoryOperatorFigure ref="26"/></Owner><locator><relativeLocator ref="5"/></locator></outputConnector></connectors></model></stockRelativeHistoryOperatorFigure><stockRelativeHistoryOperatorFigure id="28" x="19" y="258"><model><name><string>Relative Stock History</string></name><attribute><string>1d Max OpenPrice</string></attribute><value><null/></value><connectors><outputConnector id="29" index="0" numOfConnection="1"><Owner><stockRelativeHistoryOperatorFigure ref="28"/></Owner><locator><relativeLocator ref="5"/></locator></outputConnector></connectors></model></stockRelativeHistoryOperatorFigure><stockRelativeHistoryOperatorFigure id="2a" x="18" y="337"><model><name><string>Relative Stock History</string></name><attribute><string>1d (-1) Max LastPrice</string></attribute><value><null/></value><connectors><outputConnector id="2b" index="0" numOfConnection="1"><Owner><stockRelativeHistoryOperatorFigure ref="2a"/></Owner><locator><relativeLocator ref="5"/></locator></outputConnector></connectors></model></stockRelativeHistoryOperatorFigure><logicalOperatorFigure id="2c" x="372" y="116"><model><name><string>Logical</string></name><attribute><string>And</string></attribute><value><null/></value><connectors><inputConnector id="2d" index="0" numOfConnection="1"><Owner><logicalOperatorFigure ref="2c"/></Owner><locator><relativeLocator ref="a"/></locator></inputConnector><inputConnector id="2e" index="1" numOfConnection="1"><Owner><logicalOperatorFigure ref="2c"/></Owner><locator><relativeLocator ref="c"/></locator></inputConnector><outputConnector id="2f" index="0" numOfConnection="1"><Owner><logicalOperatorFigure ref="2c"/></Owner><locator><relativeLocator ref="5"/></locator></outputConnector></connectors></model></logicalOperatorFigure><logicalOperatorFigure id="30" x="738" y="178"><model><name><string>Logical</string></name><attribute><string>And</string></attribute><value><null/></value><connectors><inputConnector id="31" index="0" numOfConnection="1"><Owner><logicalOperatorFigure ref="30"/></Owner><locator><relativeLocator ref="a"/></locator></inputConnector><inputConnector id="32" index="1" numOfConnection="1"><Owner><logicalOperatorFigure ref="30"/></Owner><locator><relativeLocator ref="c"/></locator></inputConnector><outputConnector id="33" index="0" numOfConnection="1"><Owner><logicalOperatorFigure ref="30"/></Owner><locator><relativeLocator ref="5"/></locator></outputConnector></connectors></model></logicalOperatorFigure><sinkOperatorFigure id="34" x="836" y="176"><model><name><string>Alert</string></name><attribute><null/></attribute><value><null/></value><connectors><inputConnector id="35" index="0" numOfConnection="1"><Owner><sinkOperatorFigure ref="34"/></Owner><locator><relativeLocator id="36" relativeX="0"/></locator></inputConnector><outputConnector id="37" index="0" numOfConnection="0"><Owner><sinkOperatorFigure ref="34"/></Owner><locator><relativeLocator ref="5"/></locator></outputConnector></connectors></model></sinkOperatorFigure><dep id="38"><points><p colinear="true" x="445.103515625" y="375.3759765625" c1x="0" c1y="0" c2x="0" c2y="0"/><p colinear="true" x="468" y="381.18798828125" c1x="0" c1y="0" c2x="0" c2y="0"/></points><startConnector><outputConnector ref="4"/></startConnector><endConnector><inputConnector ref="9"/></endConnector><a><strokeWidth><double>1</double></strokeWidth><strokeColor><color rgba="#ff000099"/></strokeColor></a></dep><dep id="39"><points><p colinear="true" x="445.103515625" y="439.3759765625" c1x="0" c1y="0" c2x="0" c2y="0"/><p colinear="true" x="468" y="411.56396484375" c1x="0" c1y="0" c2x="0" c2y="0"/></points><startConnector><outputConnector ref="7"/></startConnector><endConnector><inputConnector ref="b"/></endConnector><a><strokeWidth><double>1</double></strokeWidth><strokeColor><color rgba="#ff000099"/></strokeColor></a></dep><dep id="3a"><points><p colinear="true" x="538.6328125" y="396.3759765625" c1x="0" c1y="0" c2x="0" c2y="0"/><p colinear="true" x="639" y="187.56396484375" c1x="0" c1y="0" c2x="0" c2y="0"/></points><startConnector><outputConnector ref="d"/></startConnector><endConnector><inputConnector ref="11"/></endConnector><a><strokeWidth><double>1</double></strokeWidth><strokeColor><color rgba="#ff000099"/></strokeColor></a></dep><dep id="3b"><points><p colinear="true" x="763.9765625" y="372.3759765625" c1x="0" c1y="0" c2x="0" c2y="0"/><p colinear="true" x="785" y="390.18798828125" c1x="0" c1y="0" c2x="0" c2y="0"/></points><startConnector><outputConnector ref="1e"/></startConnector><endConnector><inputConnector ref="20"/></endConnector><a><strokeWidth><double>1</double></strokeWidth><strokeColor><color rgba="#ff000099"/></strokeColor></a></dep><dep id="3c"><points><p colinear="true" x="760.103515625" y="439.3759765625" c1x="0" c1y="0" c2x="0" c2y="0"/><p colinear="true" x="785" y="420.56396484375" c1x="0" c1y="0" c2x="0" c2y="0"/></points><startConnector><outputConnector ref="1c"/></startConnector><endConnector><inputConnector ref="21"/></endConnector><a><strokeWidth><double>1</double></strokeWidth><strokeColor><color rgba="#ff000099"/></strokeColor></a></dep><dep id="3d"><points><p colinear="true" x="178.103515625" y="84.3759765625" c1x="0" c1y="0" c2x="0" c2y="0"/><p colinear="true" x="202" y="96.18798828125" c1x="0" c1y="0" c2x="0" c2y="0"/></points><startConnector><outputConnector ref="25"/></startConnector><endConnector><inputConnector ref="14"/></endConnector><a><strokeWidth><double>1</double></strokeWidth><strokeColor><color rgba="#ff000099"/></strokeColor></a></dep><dep id="3e"><points><p colinear="true" x="181.9765625" y="156.3759765625" c1x="0" c1y="0" c2x="0" c2y="0"/><p colinear="true" x="202" y="126.56396484375" c1x="0" c1y="0" c2x="0" c2y="0"/></points><startConnector><outputConnector ref="27"/></startConnector><endConnector><inputConnector ref="15"/></endConnector><a><strokeWidth><double>1</double></strokeWidth><strokeColor><color rgba="#ff000099"/></strokeColor></a></dep><dep id="3f"><points><p colinear="true" x="184.103515625" y="288.3759765625" c1x="0" c1y="0" c2x="0" c2y="0"/><p colinear="true" x="215" y="289.18798828125" c1x="0" c1y="0" c2x="0" c2y="0"/></points><startConnector><outputConnector ref="29"/></startConnector><endConnector><inputConnector ref="18"/></endConnector><a><strokeWidth><double>1</double></strokeWidth><strokeColor><color rgba="#ff000099"/></strokeColor></a></dep><dep id="40"><points><p colinear="true" x="183.103515625" y="367.3759765625" c1x="0" c1y="0" c2x="0" c2y="0"/><p colinear="true" x="215" y="319.56396484375" c1x="0" c1y="0" c2x="0" c2y="0"/></points><startConnector><outputConnector ref="2b"/></startConnector><endConnector><inputConnector ref="19"/></endConnector><a><strokeWidth><double>1</double></strokeWidth><strokeColor><color rgba="#ff000099"/></strokeColor></a></dep><dep id="41"><points><p colinear="true" x="272.6328125" y="111.3759765625" c1x="0" c1y="0" c2x="0" c2y="0"/><p colinear="true" x="372" y="131.18798828125" c1x="0" c1y="0" c2x="0" c2y="0"/></points><startConnector><outputConnector ref="16"/></startConnector><endConnector><inputConnector ref="2d"/></endConnector><a><strokeWidth><double>1</double></strokeWidth><strokeColor><color rgba="#ff000099"/></strokeColor></a></dep><dep id="42"><points><p colinear="true" x="285.6328125" y="304.3759765625" c1x="0" c1y="0" c2x="0" c2y="0"/><p colinear="true" x="372" y="161.56396484375" c1x="0" c1y="0" c2x="0" c2y="0"/></points><startConnector><outputConnector ref="1a"/></startConnector><endConnector><inputConnector ref="2e"/></endConnector><a><strokeWidth><double>1</double></strokeWidth><strokeColor><color rgba="#ff000099"/></strokeColor></a></dep><dep id="43"><points><p colinear="true" x="435.5546875" y="146.3759765625" c1x="0" c1y="0" c2x="0" c2y="0"/><p colinear="true" x="639" y="157.18798828125" c1x="0" c1y="0" c2x="0" c2y="0"/></points><startConnector><outputConnector ref="2f"/></startConnector><endConnector><inputConnector ref="10"/></endConnector><a><strokeWidth><double>1</double></strokeWidth><strokeColor><color rgba="#ff000099"/></strokeColor></a></dep><dep id="44"><points><p colinear="true" x="855.6328125" y="405.3759765625" c1x="0" c1y="0" c2x="0" c2y="0"/><p colinear="true" x="738" y="223.56396484375" c1x="0" c1y="0" c2x="0" c2y="0"/></points><startConnector><outputConnector ref="22"/></startConnector><endConnector><inputConnector ref="32"/></endConnector><a><strokeWidth><double>1</double></strokeWidth><strokeColor><color rgba="#ff000099"/></strokeColor></a></dep><dep id="45"><points><p colinear="true" x="702.5546875" y="172.3759765625" c1x="0" c1y="0" c2x="0" c2y="0"/><p colinear="true" x="738" y="193.18798828125" c1x="0" c1y="0" c2x="0" c2y="0"/></points><startConnector><outputConnector ref="12"/></startConnector><endConnector><inputConnector ref="31"/></endConnector><a><strokeWidth><double>1</double></strokeWidth><strokeColor><color rgba="#ff000099"/></strokeColor></a></dep><dep id="46"><points><p colinear="true" x="801.5546875" y="208.3759765625" c1x="0" c1y="0" c2x="0" c2y="0"/><p colinear="true" x="836" y="206.3759765625" c1x="0" c1y="0" c2x="0" c2y="0"/></points><startConnector><outputConnector ref="33"/></startConnector><endConnector><inputConnector ref="35"/></endConnector><a><strokeWidth><double>1</double></strokeWidth><strokeColor><color rgba="#ff000099"/></strokeColor></a></dep></figures></alertDefaultDrawing>