"Code","Symbol","Industry","Board"
"2INVE.ES","LYXOR UCITS ETF IBEX. 35 DOBLE INVERSO DIARIO","Unknown","BME"
"A3M.ES","Atresmedia Crprcn de Mds de Cmncn SA","Unknown","BME"
"A3M.N.ES","ATRESMEDIA CORPORACION DE MEDIOS DE COMUNICACION, S.A. NUEVAS","Unknown","BME"
"ABB.ES","AB-BIOTICS SA","Unknown","BME"
"ABE.ES","Abertis Infraestructuras S.A.","Unknown","BME"
"ABG.ES","Abengoa SA","Unknown","BME"
"ABG.P.ES","Abengoa SA","Unknown","BME"
"ACS.ES","ACS Actividades de Constrccn y Srvcos SA","Unknown","BME"
"ACX.ES","Acerinox SA","Unknown","BME"
"ADV.ES","Adveo Group International SA","Unknown","BME"
"ADZ.ES","Adolfo Dominguez SA","Unknown","BME"
"AENA.ES","Aena SA","Unknown","BME"
"AGIL.ES","Agile Content SA","Unknown","BME"
"AHF.ES","AHORRO FAMILIAR","Unknown","BME"
"AHJ.ES","LYXOR ETF FTSE EPRA/NAREIT ASIA EX-JAPAN","Unknown","BME"
"AIR.ES","Airbus Group SE","Unknown","BME"
"AIS.A.ES","AIGUES DE SABADELL S/A","Unknown","BME"
"AIS.B.ES","AIGUES DE SABADELL S/B","Unknown","BME"
"AISA.ES","Fergo Aisa SA","Unknown","BME"
"ALB.ES","Corporacion Financiera Alba SA","Unknown","BME"
"ALC.ES","Altia Consultores S A","Unknown","BME"
"ALM.ES","Almirall SA","Unknown","BME"
"ALNT.ES","Nmas1 Dinamia SA","Unknown","BME"
"ALZ.ES","ALZA REAL ESTATE, S.A.","Unknown","BME"
"AMC.ES","AMCI HABITAT","Unknown","BME"
"AMP.ES","Amper SA","Unknown","BME"
"AMS.ES","Amadeus It Group SA","Unknown","BME"
"ANA.ES","Acciona SA","Unknown","BME"
"APAM.ES","APERAM, SOCIETE ANONYME","Unknown","BME"
"APPS.ES","Applus Services SA","Unknown","BME"
"ASI.ES","LYXOR UCITS ETF CHINA ENTERPRISE (HSCEI)","Unknown","BME"
"ATRY.ES","ATRYS HEALTH, S.A.","Unknown","BME"
"ATTO.ES","Compania de Inversiones y Teleservics SA","Unknown","BME"
"AXIA.ES","Axiare Patrimonio SOCIMI SA","Unknown","BME"
"AYC.ES","AYCO GRUPO INMOBILIARIO","Unknown","BME"
"AZK.ES","Azkoyen SA","Unknown","BME"
"BAIN.ES","BORGES AGRICULTURAL & INDUSTRIAL NUTS, S.A.","Unknown","BME"
"BAY.ES","BAYER, A.G.","Unknown","BME"
"BBVA.ES","Banco Bilbao Vizcaya Argentaria S.A.","Unknown","BME"
"BBVAB.ES","ACCION BRASIL ETF, FI COTIZADO (EN LIQUIDACION)","Unknown","BME"
"BBVAD.ES","AFI BONOS MEDIO PLAZO EURO ETF FI (EN LIQUIDACION)","Unknown","BME"
"BBVAE.ES","ACCION DJ EUROSTOXX50 ETF,F.I. COTIZADO ARMONIZADO","Unknown","BME"
"BBVAI.ES","ACCION IBEX 35 ETF F.I. COTIZADO ARMONIZADO","Unknown","BME"
"BBVAL.ES","ACCI.N LATAM TOP ETF FI (EN LIQUIDACION)","Unknown","BME"
"BCN.ES","BARCINO","Unknown","BME"
"BDK.ES","Bodaclick SA","Unknown","BME"
"BDL.ES","Baron de Ley SA","Unknown","BME"
"BIL.ES","BODEGAS BILBAINAS","Unknown","BME"
"BIO.ES","Biosearch SA","Unknown","BME"
"BKIA.ES","Bankia SA","Unknown","BME"
"BKT.ES","Bankinter SA","Unknown","BME"
"BME.ES","Bolsas Y Mercados Espaneoles Socdad Hldg","Unknown","BME"
"BNK.ES","LYXOR UCITS ETF STOXX EUROPE 600 BANKS","Unknown","BME"
"BNT.ES","Bioorganic Research and Services SA","Unknown","BME"
"BRAS.ES","LYXOR UCITS ETF BRASIL","Unknown","BME"
"BSX.ES","LYXOR UCITS ETF EUROSTOXX 50 DAILY SHORT","Unknown","BME"
"CABK.ES","CaixaBank SA","Unknown","BME"
"CAF.ES","Construcciones y Auxiliar de Ferrocarril","Unknown","BME"
"CAM.ES","Caja de Ahorros del Mediterraneo","Unknown","BME"
"CAR.ES","CARBURES EUROPE, S.A.","Unknown","BME"
"CBAV.ES","Clinica Baviera SA","Unknown","BME"
"CCE.ES","COCA-COLA EUROPEAN PARTNERS PLC","Unknown","BME"
"CDR.ES","Codere SA","Unknown","BME"
"CEC.ES","LYXOR ETF UCITS EASTERN EUROPE (CECE EUR)","Unknown","BME"
"CEV.ES","CIA ESPANOLA DE VIVIENDAS EN ALQUILER (CEVASA)","Unknown","BME"
"CFG.ES","Campofrio Food Group SA","Unknown","BME"
"CGI.ES","Compania General de Inversiones SICAV SA","Unknown","BME"
"CIE.ES","CIE Automotive SA","Unknown","BME"
"CLEO.ES","CLEOP SA","Unknown","BME"
"CLH.S.ES","COMPANIA LOGISTICA DE HIDROCARBUROS (CLH) SERIE A","Unknown","BME"
"CLH.T.ES","COMPANIA LOGISTICA DE HIDROCARBUROS (CLH) SERIE D","Unknown","BME"
"CLNX.ES","Cellnex Telecom SA","Unknown","BME"
"CLR.ES","Clerhp Estructuras SA","Unknown","BME"
"CMC.ES","Corporacion Empresariale Mtrls Cnstrn SA","Unknown","BME"
"CMM.ES","COMMCENTER, S.A.","Unknown","BME"
"CMO.ES","CEMENTOS MOLINS, S.A.","Unknown","BME"
"COL.ES","Inmobiliaria Colonial SA","Unknown","BME"
"COM.ES","Catenon SA","Unknown","BME"
"CPL.ES","Cementos Portland Valderrivas SA","Unknown","BME"
"CRB.ES","LYXOR UCITS ETF COMMODITIES THOMSON REUTERS/JEFFERIES CRB TR","Unknown","BME"
"CRN.ES","LYXOR UCITS ETF COMMODITIES THOMSON REUTERS/JEFFERIES CRB EX-ENERGY TR","Unknown","BME"
"CRP.ES","LYXOR UCITS ETF EURO CORPORATE BOND","Unknown","BME"
"CSH.ES","LYXOR UCITS ETF EURO CASH","Unknown","BME"
"CUN.ES","Compania Vinicola del Norte de Espana SA","Unknown","BME"
"DAM.ES","DAMM","Unknown","BME"
"DES.ES","DESARROLLOS ESPECIALES DE SISTEMAS DE ANCLAJE, S.A.","Unknown","BME"
"DGI.ES","Dogi International Fabrics SA","Unknown","BME"
"DIA.ES","Distribuidora Inter de Alimentacion","Unknown","BME"
"DJE.ES","LYXOR UCITS ETF DOW JONES INDUSTRIAL AVERAGE","Unknown","BME"
"DOM.ES","Global Dominion Access SA","Unknown","BME"
"DXD3E.ES","DB X-TRACKERS EURO STOXX SELECT DIVIDEND 30 UCITS ETF","Unknown","BME"
"DXDAX.ES","DB X-TRACKERS DAX UCITS ETF (DR)","Unknown","BME"
"DXEL2.ES","DB X-TRACKERS EURO STOXX 50. LEVERAGED DAILY UCITS ETF","Unknown","BME"
"DXESC.ES","DB X-TRACKERS EURO STOXX 50. UCITS ETF 1C (DR)","Unknown","BME"
"DXESX.ES","DB X-TRACKERS EURO STOXX 50. UCITS ETF 1D (DR)","Unknown","BME"
"DXIBD.ES","DB X-TRACKERS IBEX 35 UCITS ETF (DR) CLASE 1D","Unknown","BME"
"DXIBX.ES","DB X-TRACKERS IBEX 35. UCITS ETF (DR) CLASE 1C","Unknown","BME"
"DXLDX.ES","DB X-TRACKERS LEVDAX. DAILY UCITS ETF","Unknown","BME"
"DXLPE.ES","DB X-TRACKERS LPX MM. PRIVATE EQUITY UCITS ETF","Unknown","BME"
"DXMAS.ES","DB X-TRACKERS MSCI EM ASIA TRN INDEX UCITS ETF","Unknown","BME"
"DXMBR.ES","DB X-TRACKERS MSCI BRAZIL INDEX UCITS ETF (DR)","Unknown","BME"
"DXMEM.ES","DB X-TRACKERS MSCI EMERGING MARKETS INDEX UCITS ETF","Unknown","BME"
"DXMEX.ES","DB X-TRACKERS MSCI MEXICO INDEX UCITS ETF (DR)","Unknown","BME"
"DXMJP.ES","DB X-TRACKERS MSCI JAPAN INDEX UCITS ETF (DR)","Unknown","BME"
"DXMLA.ES","DB X-TRACKERS MSCI EM LATAM INDEX UCITS ETF","Unknown","BME"
"DXMRC.ES","DB X-TRACKERS MSCI RUSSIA CAPPED INDEX UCITS ETF","Unknown","BME"
"DXMWO.ES","DB X-TRACKERS MSCI WORLD INDEX UCITS ETF","Unknown","BME"
"DXS7R.ES","DB X-TRACKERS STOXX. EUROPE 600 BANKS UCITS ETF","Unknown","BME"
"DXS7S.ES","DB X-TRACKERS STOXX. EUROPE 600 BANKS SHORT DAILY UCITS ETF","Unknown","BME"
"DXSD2.ES","DB X-TRACKERS SHORTDAX. x2 DAILY UCITS ETF","Unknown","BME"
"DXSDX.ES","DB X-TRACKERS SHORTDAX. DAILY UCITS ETF","Unknown","BME"
"DXSL2.ES","DB X-TRACKERS S&P 500 2x LEVERAGED DAILY UCITS ETF","Unknown","BME"
"DXSPS.ES","DB X-TRACKERS S&P 500 INVERSE DAILY UCITS ETF","Unknown","BME"
"DXSPX.ES","DB X-TRACKERS S&P 500 UCITS ETF","Unknown","BME"
"DXSSX.ES","DB X-TRACKERS EURO STOXX 50. SHORT DAILY UCITS ETF","Unknown","BME"
"DXSX6.ES","DB X-TRACKERS STOXX. EUROPE 600 UCITS ETF (DR)","Unknown","BME"
"DXT21.ES","DB X-TRACKERS S&P 500 2x INVERSE DAILY UCITS ETF","Unknown","BME"
"DXX25.ES","DB X-TRACKERS FTSE CHINA 50 UCITS ETF","Unknown","BME"
"EBI.ES","Ebioss Energy AD","Unknown","BME"
"EBRO.ES","Ebro Foods SA","Unknown","BME"
"ECG.ES","Euroconsult Engineering Cnsltng Group SA","Unknown","BME"
"ECO.ES","ECOLUMBER, S.A.","Unknown","BME"
"ECR.ES","Ercros SA","Unknown","BME"
"EDR.ES","eDreams Odigeo SA","Unknown","BME"
"EEP.ES","Euroespes SA","Unknown","BME"
"EGPW.ES","ENEL GREEN POWER S.P.A.","Unknown","BME"
"EKT.ES","Euskaltel SA","Unknown","BME"
"ELE.ES","Endesa SA","Unknown","BME"
"ENC.ES","ENCE Energia y Celulosa SA","Unknown","BME"
"ENER.ES","LYXOR UCITS ETF NEW ENERGY","Unknown","BME"
"ENG.ES","Enagas SA","Unknown","BME"
"ENO.ES","Elecnor SA","Unknown","BME"
"ES10.ES","LYXOR UCITS ETF BONO 10Y MTS SPAIN GOVERNMENT BOND","Unknown","BME"
"EWT.ES","Eurona Wireless Telecom SA","Unknown","BME"
"EZE.ES","Grupo Ezentis SA","Unknown","BME"
"FACE.ES","FACEPHI BIOMETRIA, S.A.","Unknown","BME"
"FAE.ES","FAES Farma SA","Unknown","BME"
"FAE.N.ES","FAES FARMA S.A., NUEVAS","Unknown","BME"
"FCC.ES","Fomento de Construcciones y Contratas SA","Unknown","BME"
"FDR.ES","Fluidra SA","Unknown","BME"
"FER.ES","Ferrovial SA","Unknown","BME"
"FIA.ES","INVERFIATC","Unknown","BME"
"FIV.ES","FIN. E INV. VALENCIANAS","Unknown","BME"
"FRS.ES","Fersa Energias Renovables SA","Unknown","BME"
"FUN.ES","Funespana SA","Unknown","BME"
"GALQ.ES","General de Alquiler de Maquinaria SA","Unknown","BME"
"GAM.ES","Gamesa Corporacion Tecnologica SA","Unknown","BME"
"GAS.ES","Gas Natural SDG SA","Unknown","BME"
"GCO.ES","Grupo Catalana Occidente SA","Unknown","BME"
"GIGA.ES","Gigas Hosting SA","Unknown","BME"
"GOW.ES","LET'S GOWEX SA","Unknown","BME"
"GRE.ES","Grenergy Renovables SL","Unknown","BME"
"GRF.ES","Grifols SA","Unknown","BME"
"GRF.P.ES","Grifols SA","Unknown","BME"
"GRI.ES","Grino Ecologic SA","Unknown","BME"
"GSJ.ES","Grupo Empresarial San Jose SA","Unknown","BME"
"GWT.ES","LYXOR UCITS ETF MSCI EMU GROWTH","Unknown","BME"
"HIS.ES","Hispania Activos Inmobiliarios SOCIMI SA","Unknown","BME"
"HLT.ES","LYXOR UCITS ETF STOXX EUROPE 600 HEALTH CARE","Unknown","BME"
"HMR.ES","HOME MEAL REPLACEMENT, S.A.","Unknown","BME"
"HVL.ES","HULLERA VASCO LEONESA","Unknown","BME"
"IAG.ES","International Consolidated Airlns Grp SA","Unknown","BME"
"IBE.ES","Iberdrola SA","Unknown","BME"
"IBEXA.ES","LYXOR UCITS ETF IBEX. 35 DOBLE APALANCADO DIARIO C-EUR","Unknown","BME"
"IBEXI.ES","ACCION IBEX 35 INVERSO ETF (EN LIQUIDACION)","Unknown","BME"
"IBG.ES","Iberpapel Gestion SA","Unknown","BME"
"IBXM.ES","LYXOR UCITS ETF IBEX MID -D- EUR","Unknown","BME"
"IDO.ES","Indo Internacional SA","Unknown","BME"
"IDR.ES","Indra Sistemas SA","Unknown","BME"
"IFB.ES","INMOFIBAN","Unknown","BME"
"IKM.ES","1nkemia IUCT Group SA","Unknown","BME"
"ILV.ES","INMOLEVANTE","Unknown","BME"
"IMG.ES","Imaginarium SA","Unknown","BME"
"INC.ES","INCLAM, S.A.","Unknown","BME"
"INR.ES","LYXOR UCITS ETF MSCI INDIA","Unknown","BME"
"INVEX.ES","LYXOR UCITS ETF IBEX 35 INVERSO","Unknown","BME"
"INY.ES","INYPSA Informes y Proyectos SA","Unknown","BME"
"ISUR.ES","Inmobiliaria del Sur SA","Unknown","BME"
"ITX.ES","Inditex SA","Unknown","BME"
"JAZ.ES","Jazztel PLC","Unknown","BME"
"JPN.ES","LYXOR UCITS ETF JAPAN (TOPIX)","Unknown","BME"
"LBK.ES","Liberbank SA","Unknown","BME"
"LEM.ES","LYXOR UCITS ETF MSCI EMERGING MARKETS","Unknown","BME"
"LEV.ES","LYXOR UCITS ETF EURO STOXX 50 DAILY LEVERAGE","Unknown","BME"
"LGT.ES","Lingotes Especiales SA","Unknown","BME"
"LIB.ES","LIBERTAS 7","Unknown","BME"
"LIW.ES","LIWE ESPANOLA, S.A.","Unknown","BME"
"LLN.ES","LLEIDANETWORKS SERVEIS TELEMATICS, S.A.","Unknown","BME"
"LMR.ES","Seafood Global Processor SA","Unknown","BME"
"LOG.ES","Cia de Distribn Integral Logista Hldg SA","Unknown","BME"
"LRE.ES","Lar Espana Real Estate SA","Unknown","BME"
"LTM.ES","LYXOR UCITS ETF MSCI EM LATIN AMERICA","Unknown","BME"
"LYXIB.ES","LYXOR UCITS ETF IBEX 35 (DR) D-EUR","Unknown","BME"
"MAA.ES","LYXOR UCITS ETF EUROMTS HIGHEST RATED MACRO-WEIGHTED GOVT BONDS","Unknown","BME"
"MAP.ES","Mapfre SA","Unknown","BME"
"MAS.ES","Masmovil Ibercom SA","Unknown","BME"
"MCM.ES","Miquel y Costas & Miquel SA","Unknown","BME"
"MDF.ES","Duro Felguera SA","Unknown","BME"
"MED.ES","Medcom Tech SA","Unknown","BME"
"MEL.ES","Melia Hotels International SA","Unknown","BME"
"MEU.ES","LYXOR UCITS ETF MSCI EUROPE","Unknown","BME"
"MMS.ES","LYXOR UCITS ETF MSCI EMU SMALL CAP","Unknown","BME"
"MON.ES","MOBILIARIA MONESA, S.A.","Unknown","BME"
"MRL.ES","Merlin Properties SOCIMI SA","Unknown","BME"
"MSE.ES","LYXOR UCITS ETF EURO STOXX 50","Unknown","BME"
"MTB.ES","Montebalito SA","Unknown","BME"
"MTF.ES","Martinsa Fadesa SA","Unknown","BME"
"MTS.ES","ArcelorMittal SA","Unknown","BME"
"MUA.ES","LYXOR ETF FTSE EPRA/NAREIT UNITED STATES","Unknown","BME"
"MYD.ES","MINERALES Y DERIVADOS","Unknown","BME"
"NAT.ES","Natra SA","Unknown","BME"
"NBI.ES","NBI BEARINGS EUROPE, S.A","Unknown","BME"
"NEA.ES","Nicolas Correa SA","Unknown","BME"
"NEOL.ES","NEOL BIOSOLUTIONS, S.A.","Unknown","BME"
"NEU.ES","Neuron Bio SA","Unknown","BME"
"NHH.ES","NH Hotel Group SA","Unknown","BME"
"NPG.ES","NPG Technology SA","Unknown","BME"
"NTH.ES","Naturhouse Health SA","Unknown","BME"
"NYE.ES","Nyesa Valores Corporacion SA","Unknown","BME"
"OHL.ES","Obrascon Huarte Lain SA","Unknown","BME"
"OIL.ES","LYXOR UCITS ETF STOXX EUROPE 600 OIL & GAS","Unknown","BME"
"OLE.ES","Deoleo SA","Unknown","BME"
"ONL.ES","Only-apartments SA","Unknown","BME"
"ORY.ES","Oryzon Genomics SA","Unknown","BME"
"PAC.ES","Papeles y Cartones de Europa SA","Unknown","BME"
"PHM.ES","Pharma Mar SA","Unknown","BME"
"POP.ES","Banco Popular Espanol SA","Unknown","BME"
"PQR.ES","Parques Reunidos Servicios Centrales SA","Unknown","BME"
"PRM.ES","Prim SA","Unknown","BME"
"PRS.ES","Promotora de Informaciones S.A.","Unknown","BME"
"PRS.P.ES","Promotora de Informaciones S.A.","Unknown","BME"
"PSG.ES","Prosegur Compania de Seguridad SA","Unknown","BME"
"PVA.ES","Pescanova SA","Unknown","BME"
"PYM.ES","INVERPYME, S.A., S.C.R.","Unknown","BME"
"QBT.ES","Quabit Inmobiliaria SA","Unknown","BME"
"R4.ES","Renta 4 Banco SA","Unknown","BME"
"RDM.ES","RENO DE MEDICI,S.P.A. SERIE A","Unknown","BME"
"RDM.Q.ES","RENO DE MEDICI, CONVERTIBLES EN ACCS. SERIE A","Unknown","BME"
"REA.ES","CARTERA INDUSTRIAL REA","Unknown","BME"
"REE.ES","Red Electrica Corporacion SA","Unknown","BME"
"REN.ES","Renta Corporacion Real Estate S.A.","Unknown","BME"
"REP.ES","Repsol SA","Unknown","BME"
"REY.ES","Reyal Urbis SA","Unknown","BME"
"RIO.ES","Bodegas Riojanas SA","Unknown","BME"
"RJF.ES","Laboratorio Reig Jofre SA","Unknown","BME"
"RLIA.ES","Realia Business SA","Unknown","BME"
"RON.ES","RONSA","Unknown","BME"
"ROVI.ES","Laboratorios Farmaceuticos ROVI SA","Unknown","BME"
"RUSS.ES","LYXOR ETF RUSSIA (DOW JONES RUSSIA GDR)","Unknown","BME"
"S1898.ES","Lasconi Inversiones SA SIMCAV","Unknown","BME"
"S2962.ES","Valenciana de Valores SA","Unknown","BME"
"SAB.ES","Banco de Sabadell SA","Unknown","BME"
"SAN.ES","Banco Santander, S.A.","Unknown","BME"
"SAY.ES","Saeta Yield SA","Unknown","BME"
"SCYR.ES","Sacyr SA","Unknown","BME"
"SEC.ES","Secuoya Grupo de Comunicacion SA","Unknown","BME"
"SED.ES","La Seda de Barcelona SA","Unknown","BME"
"SEL.ES","LYXOR UCITS ETF STOXX EUROPE SELECT DIVIDEND 30","Unknown","BME"
"SL001.ES","Banco Madrid Agilidad SIL SA","Unknown","BME"
"SLR.ES","Solaria Energia y Medio Ambiente SA","Unknown","BME"
"SNC.ES","Sniace SA","Unknown","BME"
"SP5.ES","LYXOR UCITS ETF S&P 500 CLASE A","Unknown","BME"
"SPS.ES","Service Point Solutions SA","Unknown","BME"
"STG.ES","Sotogrande SA","Unknown","BME"
"TEC.ES","Tecnocom Telecomunicaciones y Energia SA","Unknown","BME"
"TEF.ES","Telefonica SA","Unknown","BME"
"TEL.ES","LYXOR UCITS ETF STOXX EUROPE 600 TELECOMUNICATIONS","Unknown","BME"
"THK.ES","Think Smart SA","Unknown","BME"
"TL5.ES","Mediaset Espana Comunicacion SA","Unknown","BME"
"TLGO.ES","Talgo SA","Unknown","BME"
"TLX.ES","Telxius Telecom SA","Unknown","BME"
"TPZ.ES","Telepizza Group SA","Unknown","BME"
"TQT.ES","TECNOQUARK TRUST, S.A.","Unknown","BME"
"TRE.ES","Tecnicas Reunidas SA","Unknown","BME"
"TRG.ES","Tubos Reunidos SA","Unknown","BME"
"TST.ES","Testa Inmuebles en Renta Socimi SA","Unknown","BME"
"TUB.ES","Tubacex SA","Unknown","BME"
"TVX.ES","Grupo Tavex SA","Unknown","BME"
"UBS.ES","Urbas Grupo Financiero SA","Unknown","BME"
"UEI.ES","UNION EUROPEA DE INVERSIONES","Unknown","BME"
"UIN.ES","URBAR INGENIEROS","Unknown","BME"
"UNC.ES","UNION CATALANA DE VALORES, S.A. (UNCAVASA)","Unknown","BME"
"UST.ES","LYXOR UCITS ETF NASDAQ-100","Unknown","BME"
"UTI.ES","LYXOR UCITS ETF STOXX EUROPE 600 UTILITIES","Unknown","BME"
"VALU.ES","LYXOR UCITS ETF MSCI EMU VALUE","Unknown","BME"
"VER.ES","Vertice Trescientos Sesenta Grados SA","Unknown","BME"
"VID.ES","Vidrala SA","Unknown","BME"
"VIS.ES","Viscofan SA","Unknown","BME"
"VOC.ES","Vocento SA","Unknown","BME"
"VOU.ES","Vousse Corp SA","Unknown","BME"
"VOZ.ES","Voztelecom Oigaa360 SA","Unknown","BME"
"WAT.ES","LYXOR UCITS ETF WORLD WATER","Unknown","BME"
"WLD.ES","LYXOR UCITS ETF MSCI WORLD","Unknown","BME"
"XALFA.ES","ALFA, S.A.B. DE C. V. CLASE I SERIE A","Unknown","BME"
"XAMXL.ES","AMERICA MOVIL, S.A.B. DE C.V. SERIE L","Unknown","BME"
"XBBDC.ES","BANCO BRADESCO, S.A., PREFERENTES","Unknown","BME"
"XBFR.ES","BBVA BANCO FRANCES S.A. ORDINARIAS","Unknown","BME"
"XBRK.ES","BRASKEM, S.A. - PREFERENTES CLASE A","Unknown","BME"
"XBRPO.ES","BRADESPAR, S.A., ORDINARIAS","Unknown","BME"
"XBRPP.ES","BRADESPAR, S.A., PREFERENTES","Unknown","BME"
"XBRSB.ES","BANCO SANTANDER RIO S.A. ORD. B","Unknown","BME"
"XCMIG.ES","COMPANHIA ENERGETICA DE MINAS GERAIS -CEMIG-","Unknown","BME"
"XCOP.ES","COMPANHIA PARAENSE DE ENERGIA - COPEL PREFERENTES B-","Unknown","BME"
"XEKT.ES","GRUPO ELEKTRA, S.A. DE CV, ORDINARIAS","Unknown","BME"
"XELTB.ES","CENTRAIS ELETRICAS BRASILEIRAS, S.A. ELETROBRAS -PREFERENTES B-","Unknown","BME"
"XELTO.ES","CENTRAIS ELETRICAS BRASILEIRAS, S.A. ELETROBRAS -ORDINARIAS-","Unknown","BME"
"XENI.ES","ENERSIS, S.A., ORDINARIAS","Unknown","BME"
"XEOC.ES","EMPRESA NACIONAL DE ELECTRICIDAD, S.A. CHILE, ORDINARIAS","Unknown","BME"
"XGEO.ES","CORPORACION GEO,S.A.B. DE C.V ORDINARIAS SERIE B","Unknown","BME"
"XGGB.ES","GERDAU, S.A. PREFERENTES","Unknown","BME"
"XGMD.ES","GRUPO MODELO, S.A.B. DE CV -CLASE C","Unknown","BME"
"XGSUR.ES","GRUPO DE INVERSIONES SURAMERICANA, S.A. ORDINARIAS","Unknown","BME"
"XNET.ES","NET SERVICOS DE COMUNICASAO PREFERENTES","Unknown","BME"
"XNOR.ES","GRUPO FINANCIERO BANORTE S.A.B DE C.V. ORDINARIAS","Unknown","BME"
"XPBR.ES","PETROLEO BRASILEIRO,S.A. -PETROBRAS- ORDINARIAS","Unknown","BME"
"XPBRA.ES","PETROLEO BRASILEIRO,S.A. -PETROBRAS- PREFERENTES","Unknown","BME"
"XSARE.ES","SARE HOLDING, S.A.B., CLASE I- SERIE B","Unknown","BME"
"XSUZB.ES","SUZANO BAHIA SUL PAPEL E CELULOSE, S.A. - PREFERENTES- CLASE A","Unknown","BME"
"XTZA.ES","TV AZTECA, S.A. DE CV , CERTIFICADOS DE PARTICIPACION ORDINARIOS (CPOS)","Unknown","BME"
"XUSI.ES","USINAS SIDERURGICAS DE MINAS GERAIS, S.A. PREFERENTES SERIE A","Unknown","BME"
"XUSIO.ES","USINAS SIDERURGICAS DE MINAS GERAIS, S.A. ORDINARIAS","Unknown","BME"
"XVALO.ES","COMPANHIA VALE DO RIO DOCE, S.A. ORDINARIAS","Unknown","BME"
"XVALP.ES","CONPANHIA VALE DO RIO DOCE, PREFERENTES","Unknown","BME"
"XVOLB.ES","VOLCAN COMPAIA MINERA,S.A.A. CLASE B","Unknown","BME"
"YABA.ES","Jaba I Inversiones Inmobiliarias Scm SA","Unknown","BME"
"YALB.ES","RREF II AL BRECK SOCIMI S.A.U.","Unknown","BME"
"YARE.ES","AUTONOMY SPAIN REAL ESTATE SOCIMI, S.A.U.","Unknown","BME"
"YAST.ES","Asturias Retail and Leisure SOCIMI SAU","Unknown","BME"
"YCOR.ES","CORONA PATRIMONIAL SOCIMI, S.A.U.","Unknown","BME"
"YDOA.ES","Inversiones Doalca SOCIMI SA","Unknown","BME"
"YENT.ES","ENTRECAMPOS CUATRO SOCIMI, S.A.","Unknown","BME"
"YEUR.ES","Euro Cervantes SOCIMI SAU","Unknown","BME"
"YFID.ES","FIDERE PATRIMONIO SOCIMI, S.A.","Unknown","BME"
"YGMP.ES","GMP PROPERTY SOCIMI, S.A.","Unknown","BME"
"YHAB.ES","Heref Habaneras Socimi SA","Unknown","BME"
"YHLY.ES","HADLEY INVESTMENTS SOCIMI, S.A.U.","Unknown","BME"
"YISC.ES","Isc Fresh Water Investment SOCIMI SA","Unknown","BME"
"YMEI.ES","MERCAL INMUEBLES SOCIMI, S.A.","Unknown","BME"
"YORS.ES","OPTIMUM RE SPAIN SOCIMI, S.A.","Unknown","BME"
"YOSO.ES","Obsido Socimi SA","Unknown","BME"
"YPMR.ES","PROMOCIONES RENTA Y MANTENIMIENTO SOCIMI S.A. (PROMORENT)","Unknown","BME"
"YPR2.ES","CORPFIN CAPITAL PRIME RETAIL II SOCIMI, S.A.","Unknown","BME"
"YPR3.ES","CORPFIN CAPITAL PRIME RETAIL III SOCIMI, S.A.","Unknown","BME"
"YQUO.ES","Quonia SOCIMI SA","Unknown","BME"
"YSCI.ES","SILVERCODE INVESTMENTS SOCIMI, S.A.U.","Unknown","BME"
"YTRA.ES","TRAJANO IBERIA SOCIMI, S.A.","Unknown","BME"
"YURO.ES","URO PROPERTY HOLDINGS SOCIMI, S.A.","Unknown","BME"
"YVIT.ES","VITRUVIO REAL ESTATE SOCIMI, S.A.","Unknown","BME"
"YZBL.ES","Zambal Spain Socimi SA","Unknown","BME"
"YZPS.ES","ZARAGOZA PROPERTIES SOCIMI, S.A.","Unknown","BME"
"ZEL.ES","Zeltia SA","Unknown","BME"
"ZNK.ES","Zinkia Entertainment SA","Unknown","BME"
"ZOT.ES","Zardoya Otis SA","Unknown","BME"
