"yahoo","google"
"0102PA.KL","KLSE:0102PA"
"0800EA.KL","KLSE:0800EA"
"0820EA.KL","KLSE:0820EA"
"0821EA.KL","KLSE:0821EA"
"0822EA.KL","KLSE:0822EA"
"0823EA.KL","KLSE:0823EA"
"0824EA.KL","KLSE:0824EA"
"0825EA.KL","KLSE:0825EA"
"0826EA.KL","KLSE:0826EA"
"1007PA.KL","KLSE:1007PA"
"1163PA.KL","KLSE:1163PA"
"3379PA.KL","KLSE:3379PA"
"0012.KL","KLSE:3A"
"4952.KL","KLSE:4952"
"5106.KL","KLSE:5106"
"5109.KL","KLSE:5109"
"5110.KL","KLSE:5110"
"5111.KL","KLSE:5111"
"5116.KL","KLSE:5116"
"5120.KL","KLSE:5120"
"5121.KL","KLSE:5121"
"5123.KL","KLSE:5123"
"5127.KL","KLSE:5127"
"5130.KL","KLSE:5130"
"5176.KL","KLSE:5176"
"5180.KL","KLSE:5180"
"5212.KL","KLSE:5212"
"5227.KL","KLSE:5227"
"5235SS.KL","KLSE:5235SS"
"5269.KL","KLSE:5269"
"5280.KL","KLSE:5280"
"5606PA.KL","KLSE:5606PA"
"5835PA.KL","KLSE:5835PA"
"6556PA.KL","KLSE:6556PA"
"7066PA.KL","KLSE:7066PA"
"7071PA.KL","KLSE:7071PA"
"7165PA.KL","KLSE:7165PA"
"7206PB.KL","KLSE:7206PB"
"8605PA.KL","KLSE:8605PA"
"8664PA.KL","KLSE:8664PA"
"5959.KL","KLSE:A&M"
"7054.KL","KLSE:AASIA"
"5238.KL","KLSE:AAX"
"7086.KL","KLSE:ABLEGRP"
"0018.KL","KLSE:ACCSOFT"
"7131.KL","KLSE:ACME"
"7120.KL","KLSE:ACOSTEC"
"7191.KL","KLSE:ADVENTA"
"9148.KL","KLSE:ADVPKG"
"5166.KL","KLSE:AEGB"
"7146.KL","KLSE:AEM"
"0181.KL","KLSE:AEMULUS"
"6599.KL","KLSE:AEON"
"5139.KL","KLSE:AEONCR"
"5185.KL","KLSE:AFFIN"
"2488.KL","KLSE:AFG"
"5198.KL","KLSE:AFUJIYA"
"7315.KL","KLSE:AHB"
"7090.KL","KLSE:AHEALTH"
"0122.KL","KLSE:AIM"
"5099.KL","KLSE:AIRASIA"
"5014.KL","KLSE:AIRPORT"
"2682.KL","KLSE:AISB"
"2658.KL","KLSE:AJI"
"7609.KL","KLSE:AJIYA"
"9954.KL","KLSE:AKNIGHT"
"5115.KL","KLSE:ALAM"
"2674.KL","KLSE:ALCOM"
"1163.KL","KLSE:ALLIANZ"
"1015.KL","KLSE:AMBANK"
"0159.KL","KLSE:AMEDIA"
"1007.KL","KLSE:AMPROP"
"7051.KL","KLSE:AMTEK"
"7031.KL","KLSE:AMTEL"
"6351.KL","KLSE:AMWAY"
"7083.KL","KLSE:ANALABS"
"4758.KL","KLSE:ANCOM"
"0048.KL","KLSE:ANCOMLB"
"6556.KL","KLSE:ANNJOO"
"9342.KL","KLSE:ANZO"
"5568.KL","KLSE:APB"
"5088.KL","KLSE:APEX"
"5194.KL","KLSE:APFT"
"5015.KL","KLSE:APM"
"6432.KL","KLSE:APOLLO"
"0119.KL","KLSE:APPASIA"
"7214.KL","KLSE:ARANK"
"7007.KL","KLSE:ARK"
"5210.KL","KLSE:ARMADA"
"1481.KL","KLSE:ASB"
"0068.KL","KLSE:ASDION"
"0150.KL","KLSE:ASIABIO"
"7722.KL","KLSE:ASIABRN"
"7129.KL","KLSE:ASIAFLE"
"4057.KL","KLSE:ASIAPAC"
"0105.KL","KLSE:ASIAPLY"
"7162.KL","KLSE:ASTINO"
"6399.KL","KLSE:ASTRO"
"0072.KL","KLSE:AT"
"7048.KL","KLSE:ATLAN"
"7099.KL","KLSE:ATTA"
"7181.KL","KLSE:ATURMJU"
"7579.KL","KLSE:AWC"
"6888.KL","KLSE:AXIATA"
"5021.KL","KLSE:AYS"
"7078.KL","KLSE:AZRB"
"0098.KL","KLSE:BAHVEST"
"7251.KL","KLSE:BARAKAH"
"4162.KL","KLSE:BAT"
"5248.KL","KLSE:BAUTO"
"6602.KL","KLSE:BCB"
"0187.KL","KLSE:BCMALL"
"6173.KL","KLSE:BDB"
"5190.KL","KLSE:BENALEC"
"9814.KL","KLSE:BERTAM"
"8133.KL","KLSE:BHIC"
"7241.KL","KLSE:BHS"
"7005.KL","KLSE:BIG"
"5258.KL","KLSE:BIMB"
"6998.KL","KLSE:BINTAI"
"0179.KL","KLSE:BIOHLDG"
"7243.KL","KLSE:BIOOSMO"
"5032.KL","KLSE:BIPORT"
"5275.KL","KLSE:BISON"
"3239.KL","KLSE:BJASSET"
"3395.KL","KLSE:BJCORP"
"5196.KL","KLSE:BJFOOD"
"4219.KL","KLSE:BJLAND"
"6025.KL","KLSE:BJMEDIA"
"1562.KL","KLSE:BJTOTO"
"1899.KL","KLSE:BKAWAN"
"7187.KL","KLSE:BKOON"
"5069.KL","KLSE:BLDPLNT"
"0168.KL","KLSE:BOILERM"
"9288.KL","KLSE:BONIA"
"7036.KL","KLSE:BORNOIL"
"6297.KL","KLSE:BOXPAK"
"5254.KL","KLSE:BPLANT"
"5100.KL","KLSE:BPPLAS"
"5932.KL","KLSE:BPURI"
"9474.KL","KLSE:BRAHIMS"
"8761.KL","KLSE:BREM"
"9938.KL","KLSE:BRIGHT"
"7221.KL","KLSE:BSLCORP"
"2771.KL","KLSE:BSTEAD"
"0011.KL","KLSE:BTECH"
"7188.KL","KLSE:BTM"
"1818.KL","KLSE:BURSA"
"7174.KL","KLSE:CAB"
"7154.KL","KLSE:CAELY"
"7128.KL","KLSE:CAMRES"
"5105.KL","KLSE:CANONE"
"5229.KL","KLSE:CAP"
"0163.KL","KLSE:CAREPLS"
"5257.KL","KLSE:CARIMIN"
"5245.KL","KLSE:CARING"
"2836.KL","KLSE:CARLSBG"
"7076.KL","KLSE:CBIP"
"2925.KL","KLSE:CCB"
"7035.KL","KLSE:CCK"
"2879.KL","KLSE:CCM"
"7148.KL","KLSE:CCMDBIO"
"5195.KL","KLSE:CENSOF"
"7117.KL","KLSE:CENTURY"
"8982.KL","KLSE:CEPAT"
"8435.KL","KLSE:CEPCO"
"8044.KL","KLSE:CFM"
"7209.KL","KLSE:CHEETAH"
"9423.KL","KLSE:CHEEWAH"
"5738.KL","KLSE:CHHB"
"5273.KL","KLSE:CHINHIN"
"1929.KL","KLSE:CHINTEK"
"5007.KL","KLSE:CHINWEL"
"5797.KL","KLSE:CHOOBEE"
"7016.KL","KLSE:CHUAN"
"8052.KL","KLSE:CICB"
"2828.KL","KLSE:CIHLDG"
"1023.KL","KLSE:CIMB"
"5234.KL","KLSE:CLIQ"
"7018.KL","KLSE:CME"
"2852.KL","KLSE:CMSB"
"7986.KL","KLSE:CNASIA"
"5104.KL","KLSE:CNI"
"5188.KL","KLSE:CNOUHUA"
"5071.KL","KLSE:COASTAL"
"7205.KL","KLSE:COCOLND"
"7195.KL","KLSE:COMCORP"
"2127.KL","KLSE:COMFORT"
"5136.KL","KLSE:COMPLET"
"5037.KL","KLSE:COMPUGT"
"0102.KL","KLSE:CONNECT"
"8591.KL","KLSE:CRESBLD"
"6718.KL","KLSE:CRESNDO"
"7202.KL","KLSE:CSCENIC"
"5094.KL","KLSE:CSCSTEL"
"5214.KL","KLSE:CSL"
"0051.KL","KLSE:CUSCAPI"
"5049.KL","KLSE:CVIEW"
"0022.KL","KLSE:CYBERT"
"7157.KL","KLSE:CYL"
"5082.KL","KLSE:CYMAO"
"5184.KL","KLSE:CYPARK"
"7204.KL","KLSE:D&O"
"8125.KL","KLSE:DAIBOCI"
"5355.KL","KLSE:DAIMAN"
"5276.KL","KLSE:DANCO"
"8338.KL","KLSE:DATAPRP"
"0091.KL","KLSE:DAYA"
"5141.KL","KLSE:DAYANG"
"7179.KL","KLSE:DBE"
"3484.KL","KLSE:DBHD"
"7119.KL","KLSE:DEGEM"
"5132.KL","KLSE:DELEUM"
"8176.KL","KLSE:DENKO"
"7212.KL","KLSE:DESTINI"
"0152.KL","KLSE:DGB"
"0131.KL","KLSE:DGSB"
"7277.KL","KLSE:DIALOG"
"6947.KL","KLSE:DIGI"
"0029.KL","KLSE:DIGISTA"
"7528.KL","KLSE:DKLS"
"5908.KL","KLSE:DKSH"
"3026.KL","KLSE:DLADY"
"4456.KL","KLSE:DNEX"
"7114.KL","KLSE:DNONCE"
"5835.KL","KLSE:DOLMITE"
"5265.KL","KLSE:DOLPHIN"
"7169.KL","KLSE:DOMINAN"
"7198.KL","KLSE:DPS"
"1619.KL","KLSE:DRBHCOM"
"5216.KL","KLSE:DSONIC"
"7233.KL","KLSE:DUFU"
"3948.KL","KLSE:DUTALND"
"3417.KL","KLSE:E&O"
"0154.KL","KLSE:EAH"
"2097.KL","KLSE:EASTLND"
"5259.KL","KLSE:EATECH"
"2143.KL","KLSE:ECM"
"3557.KL","KLSE:ECOFIRS"
"5253.KL","KLSE:ECONBHD"
"8206.KL","KLSE:ECOWLD"
"5162.KL","KLSE:ECS"
"5036.KL","KLSE:EDARAN"
"7471.KL","KLSE:EDEN"
"1368.KL","KLSE:EDGENTA"
"0107.KL","KLSE:EDUSPEC"
"0064.KL","KLSE:EFFICEN"
"0065.KL","KLSE:EFORCE"
"8907.KL","KLSE:EG"
"5081.KL","KLSE:EIG"
"5208.KL","KLSE:EITA"
"7182.KL","KLSE:EKA"
"8877.KL","KLSE:EKOVEST"
"9016.KL","KLSE:EKSONS"
"5228.KL","KLSE:ELKDESA"
"0090.KL","KLSE:ELSOFT"
"7217.KL","KLSE:EMETALL"
"9091.KL","KLSE:EMICO"
"6076.KL","KLSE:ENCORP"
"7149.KL","KLSE:ENGKAH"
"5056.KL","KLSE:ENGTEX"
"8613.KL","KLSE:ENRA"
"7773.KL","KLSE:EPMB"
"0190.KL","KLSE:ESAFE"
"0100.KL","KLSE:ESCERAM"
"6815.KL","KLSE:EUPE"
"7208.KL","KLSE:EURO"
"7094.KL","KLSE:EUROSP"
"5101.KL","KLSE:EVERGRN"
"7249.KL","KLSE:EWEIN"
"5283.KL","KLSE:EWINT"
"3689.KL","KLSE:F&N"
"2984.KL","KLSE:FACBIND"
"7047.KL","KLSE:FAJAR"
"5029.KL","KLSE:FAREAST"
"6041.KL","KLSE:FARLIM"
"9776.KL","KLSE:FARMBES"
"7229.KL","KLSE:FAVCO"
"2755.KL","KLSE:FCW"
"8605.KL","KLSE:FFHB"
"5222.KL","KLSE:FGV"
"6939.KL","KLSE:FIAMMA"
"0149.KL","KLSE:FIBON"
"3107.KL","KLSE:FIMACOR"
"9318.KL","KLSE:FITTERS"
"5197.KL","KLSE:FLBHD"
"0116.KL","KLSE:FOCUS"
"0157.KL","KLSE:FOCUSP"
"5277.KL","KLSE:FPGROUP"
"9172.KL","KLSE:FPI"
"7210.KL","KLSE:FREIGHT"
"0128.KL","KLSE:FRONTKN"
"9377.KL","KLSE:FSBM"
"9261.KL","KLSE:GADANG"
"5398.KL","KLSE:GAMUDA"
"5209.KL","KLSE:GASMSIA"
"5226.KL","KLSE:GBGAQRS"
"3611.KL","KLSE:GBH"
"5102.KL","KLSE:GCB"
"5592.KL","KLSE:GCE"
"0078.KL","KLSE:GDEX"
"0104.KL","KLSE:GENETEC"
"4715.KL","KLSE:GENM"
"2291.KL","KLSE:GENP"
"3182.KL","KLSE:GENTING"
"7197.KL","KLSE:GESHEN"
"0039.KL","KLSE:GFM"
"0021.KL","KLSE:GHLSYS"
"3204.KL","KLSE:GKENT"
"7382.KL","KLSE:GLBHD"
"5020.KL","KLSE:GLOMAC"
"5220.KL","KLSE:GLOTEC"
"9962.KL","KLSE:GMUTUAL"
"0045.KL","KLSE:GNB"
"1147.KL","KLSE:GOB"
"0074.KL","KLSE:GOCEAN"
"5606.KL","KLSE:GOLDIS"
"7192.KL","KLSE:GOODWAY"
"2135.KL","KLSE:GOPENG"
"7096.KL","KLSE:GPA"
"0082.KL","KLSE:GPACKET"
"5649.KL","KLSE:GPHAROS"
"0056.KL","KLSE:GRANFLO"
"0136.KL","KLSE:GREENYB"
"7077.KL","KLSE:GSB"
"7022.KL","KLSE:GTRONIC"
"3247.KL","KLSE:GUH"
"7676.KL","KLSE:GUNUNG"
"1503.KL","KLSE:GUOCO"
"7668.KL","KLSE:HAIO"
"5151.KL","KLSE:HALEX"
"7253.KL","KLSE:HANDAL"
"3034.KL","KLSE:HAPSENG"
"2062.KL","KLSE:HARBOUR"
"5008.KL","KLSE:HARISON"
"7501.KL","KLSE:HARNLEN"
"5168.KL","KLSE:HARTA"
"5187.KL","KLSE:HBGLOB"
"7105.KL","KLSE:HCK"
"3255.KL","KLSE:HEIM"
"4324.KL","KLSE:HENGYUAN"
"5095.KL","KLSE:HEVEA"
"3298.KL","KLSE:HEXZA"
"0175.KL","KLSE:HHGROUP"
"0160.KL","KLSE:HHHCORP"
"5072.KL","KLSE:HIAPTEK"
"5199.KL","KLSE:HIBISCS"
"7033.KL","KLSE:HIGHTEC"
"8443.KL","KLSE:HIL"
"5819.KL","KLSE:HLBANK"
"5274.KL","KLSE:HLCAP"
"1082.KL","KLSE:HLFG"
"3301.KL","KLSE:HLIND"
"0188.KL","KLSE:HLT"
"5169.KL","KLSE:HOHUP"
"5165.KL","KLSE:HOKHENG"
"5160.KL","KLSE:HOMERIZ"
"7010.KL","KLSE:HOOVER"
"7213.KL","KLSE:HOVID"
"6238.KL","KLSE:HSL"
"5138.KL","KLSE:HSPLANT"
"0185.KL","KLSE:HSSEB"
"5028.KL","KLSE:HTPADU"
"2739.KL","KLSE:HUAAN"
"5062.KL","KLSE:HUAYANG"
"7013.KL","KLSE:HUBLINE"
"5000.KL","KLSE:HUMEIND"
"5024.KL","KLSE:HUPSENG"
"6688.KL","KLSE:HWANG"
"8478.KL","KLSE:HWATAI"
"9601.KL","KLSE:HWGB"
"4251.KL","KLSE:IBHD"
"5084.KL","KLSE:IBRACO"
"5108.KL","KLSE:ICAP"
"5255.KL","KLSE:ICON"
"9687.KL","KLSE:IDEALUBB"
"0174.KL","KLSE:IDMENSN"
"0023.KL","KLSE:IFCAMSC"
"1597.KL","KLSE:IGB"
"5225.KL","KLSE:IHH"
"0162.KL","KLSE:IJACOBS"
"3336.KL","KLSE:IJM"
"2216.KL","KLSE:IJMPLNT"
"5268.KL","KLSE:IKHMAS"
"5614.KL","KLSE:ILB"
"7222.KL","KLSE:IMASPRO"
"0166.KL","KLSE:INARI"
"2607.KL","KLSE:INCKEN"
"0094.KL","KLSE:INIX"
"0147.KL","KLSE:INNITY"
"6262.KL","KLSE:INNO"
"3379.KL","KLSE:INSAS"
"1961.KL","KLSE:IOICORP"
"5249.KL","KLSE:IOIPG"
"5673.KL","KLSE:IPMUDA"
"5107.KL","KLSE:IQGROUP"
"8834.KL","KLSE:IREKA"
"7183.KL","KLSE:IRETEX"
"0010.KL","KLSE:IRIS"
"9393.KL","KLSE:ITRONIC"
"5175.KL","KLSE:IVORY"
"1589.KL","KLSE:IWCITY"
"7223.KL","KLSE:JADI"
"0024.KL","KLSE:JAG"
"4723.KL","KLSE:JAKS"
"8648.KL","KLSE:JASKITA"
"2747.KL","KLSE:JAVA"
"7152.KL","KLSE:JAYCORP"
"0058.KL","KLSE:JCBNEXT"
"5161.KL","KLSE:JCY"
"8931.KL","KLSE:JERASIA"
"9083.KL","KLSE:JETSON"
"0146.KL","KLSE:JFTECH"
"0127.KL","KLSE:JHM"
"8923.KL","KLSE:JIANKUN"
"6769.KL","KLSE:JKGLAND"
"7043.KL","KLSE:JMR"
"3441.KL","KLSE:JOHAN"
"7167.KL","KLSE:JOHOTIN"
"4383.KL","KLSE:JTIASA"
"0111.KL","KLSE:K1"
"8672.KL","KLSE:KAMDAR"
"0170.KL","KLSE:KANGER"
"5247.KL","KLSE:KAREX"
"0054.KL","KLSE:KARYON"
"7216.KL","KLSE:KAWAN"
"5079.KL","KLSE:KBES"
"3115.KL","KLSE:KBUNAI"
"7199.KL","KLSE:KEINHIN"
"7323.KL","KLSE:KEN"
"7161.KL","KLSE:KERJAYA"
"9334.KL","KLSE:KESM"
"0143.KL","KLSE:KEYASIC"
"6491.KL","KLSE:KFIMA"
"8303.KL","KLSE:KFM"
"0151.KL","KLSE:KGB"
"0036.KL","KLSE:KGROUP"
"6203.KL","KLSE:KHEESAN"
"7062.KL","KLSE:KHIND"
"6211.KL","KLSE:KIALIM"
"3522.KL","KLSE:KIANJOO"
"5371.KL","KLSE:KIMHIN"
"5171.KL","KLSE:KIMLUN"
"5060.KL","KLSE:KINSTEL"
"9466.KL","KLSE:KKB"
"2445.KL","KLSE:KLK"
"2453.KL","KLSE:KLUANG"
"5027.KL","KLSE:KMLOONG"
"7164.KL","KLSE:KNM"
"5035.KL","KLSE:KNUSFOR"
"6971.KL","KLSE:KOBAY"
"7017.KL","KLSE:KOMARK"
"7153.KL","KLSE:KOSSAN"
"0002.KL","KLSE:KOTRA"
"5878.KL","KLSE:KPJ"
"7130.KL","KLSE:KPOWER"
"5843.KL","KLSE:KPS"
"9121.KL","KLSE:KPSCB"
"1996.KL","KLSE:KRETAM"
"0176.KL","KLSE:KRONO"
"3476.KL","KLSE:KSENG"
"5038.KL","KLSE:KSL"
"5192.KL","KLSE:KSSC"
"5172.KL","KLSE:KSTAR"
"4847.KL","KLSE:KTB"
"0180.KL","KLSE:KTC"
"6874.KL","KLSE:KUB"
"2186.KL","KLSE:KUCHAI"
"6572.KL","KLSE:KWANTAS"
"8362.KL","KLSE:KYM"
"3174.KL","KLSE:L&G"
"3794.KL","KLSE:LAFMSIA"
"1643.KL","KLSE:LANDMRK"
"7006.KL","KLSE:LATITUD"
"9385.KL","KLSE:LAYHONG"
"9326.KL","KLSE:LBALUM"
"8494.KL","KLSE:LBICAP"
"5789.KL","KLSE:LBS"
"9628.KL","KLSE:LEBTECH"
"8079.KL","KLSE:LEESK"
"5232.KL","KLSE:LEONFB"
"8745.KL","KLSE:LEWEKO"
"7170.KL","KLSE:LFECORP"
"3573.KL","KLSE:LIENHOE"
"7089.KL","KLSE:LIIHEN"
"2887.KL","KLSE:LIONDIV"
"8486.KL","KLSE:LIONFIB"
"4235.KL","KLSE:LIONIND"
"6645.KL","KLSE:LITRAK"
"0182.KL","KLSE:LKL"
"0025.KL","KLSE:LNGRES"
"7126.KL","KLSE:LONBISC"
"8621.KL","KLSE:LPI"
"9881.KL","KLSE:LSTEEL"
"7085.KL","KLSE:LTKM"
"5068.KL","KLSE:LUSTER"
"5143.KL","KLSE:LUXCHEM"
"9199.KL","KLSE:LYSAGHT"
"0017.KL","KLSE:M3TECH"
"1198.KL","KLSE:MAA"
"7617.KL","KLSE:MAGNA"
"7087.KL","KLSE:MAGNI"
"3859.KL","KLSE:MAGNUM"
"8583.KL","KLSE:MAHSING"
"5264.KL","KLSE:MALAKOF"
"4936.KL","KLSE:MALPAC"
"6181.KL","KLSE:MALTON"
"1058.KL","KLSE:MANULFE"
"3514.KL","KLSE:MARCO"
"5098.KL","KLSE:MASTEEL"
"7029.KL","KLSE:MASTER"
"0189.KL","KLSE:MATANG"
"5236.KL","KLSE:MATRIX"
"6012.KL","KLSE:MAXIS"
"5189.KL","KLSE:MAXWELL"
"1155.KL","KLSE:MAYBANK"
"5077.KL","KLSE:MAYBULK"
"5886.KL","KLSE:MBG"
"5152.KL","KLSE:MBL"
"5983.KL","KLSE:MBMR"
"1171.KL","KLSE:MBSB"
"7189.KL","KLSE:MBWORLD"
"7004.KL","KLSE:MCEHLDG"
"0167.KL","KLSE:MCLEAN"
"5182.KL","KLSE:MCT"
"5040.KL","KLSE:MEDAINC"
"4502.KL","KLSE:MEDIA"
"5090.KL","KLSE:MEDIAC"
"0081.KL","KLSE:MEGASUN"
"5129.KL","KLSE:MELATI"
"3778.KL","KLSE:MELEWAR"
"1694.KL","KLSE:MENANG"
"5223.KL","KLSE:MENTIGA"
"8192.KL","KLSE:MERCURY"
"5006.KL","KLSE:MERGE"
"7234.KL","KLSE:MESB"
"6149.KL","KLSE:METROD"
"0075.KL","KLSE:MEXTER"
"3069.KL","KLSE:MFCB"
"3662.KL","KLSE:MFLOUR"
"0155.KL","KLSE:MGRC"
"5186.KL","KLSE:MHB"
"5026.KL","KLSE:MHC"
"0126.KL","KLSE:MICROLN"
"5001.KL","KLSE:MIECO"
"0112.KL","KLSE:MIKROMB"
"7935.KL","KLSE:MILUX"
"7219.KL","KLSE:MINETEC"
"5576.KL","KLSE:MINHO"
"3816.KL","KLSE:MISC"
"9571.KL","KLSE:MITRA"
"8141.KL","KLSE:MJPERAK"
"6114.KL","KLSE:MKH"
"8893.KL","KLSE:MKLAND"
"0085.KL","KLSE:MLAB"
"7595.KL","KLSE:MLGLOBAL"
"0034.KL","KLSE:MMAG"
"2194.KL","KLSE:MMCCORP"
"0059.KL","KLSE:MMODE"
"0113.KL","KLSE:MMSV"
"0103.KL","KLSE:MNC"
"6459.KL","KLSE:MNRB"
"0156.KL","KLSE:MPAY"
"6548.KL","KLSE:MPCORP"
"5237.KL","KLSE:MPHBCAP"
"3867.KL","KLSE:MPI"
"0070.KL","KLSE:MQTECH"
"1651.KL","KLSE:MRCB"
"5916.KL","KLSE:MSC"
"5202.KL","KLSE:MSM"
"5011.KL","KLSE:MSNIAGA"
"5150.KL","KLSE:MSPORTS"
"5924.KL","KLSE:MTDACPI"
"0092.KL","KLSE:MTOUCHE"
"0043.KL","KLSE:MTRONIC"
"3883.KL","KLSE:MUDA"
"5085.KL","KLSE:MUDAJYA"
"9539.KL","KLSE:MUH"
"5703.KL","KLSE:MUHIBAH"
"3891.KL","KLSE:MUIIND"
"3913.KL","KLSE:MUIPROP"
"3905.KL","KLSE:MULPHA"
"3921.KL","KLSE:MWE"
"5087.KL","KLSE:MYCRON"
"0138.KL","KLSE:MYEG"
"0108.KL","KLSE:N2N"
"5073.KL","KLSE:NAIM"
"7002.KL","KLSE:NAKA"
"4707.KL","KLSE:NESTLE"
"0020.KL","KLSE:NETX"
"0096.KL","KLSE:NEXGRAM"
"7060.KL","KLSE:NHFATT"
"7139.KL","KLSE:NICE"
"4464.KL","KLSE:NICORP"
"7215.KL","KLSE:NIHSIN"
"0083.KL","KLSE:NOTION"
"0026.KL","KLSE:NOVAMSC"
"5047.KL","KLSE:NPC"
"2038.KL","KLSE:NSOP"
"5066.KL","KLSE:NTPM"
"5025.KL","KLSE:NWP"
"4944.KL","KLSE:NYLEX"
"5533.KL","KLSE:OCB"
"0172.KL","KLSE:OCK"
"0049.KL","KLSE:OCNCASH"
"7071.KL","KLSE:OCR"
"7107.KL","KLSE:OFI"
"5827.KL","KLSE:OIB"
"7140.KL","KLSE:OKA"
"5201.KL","KLSE:OLDTOWN"
"3018.KL","KLSE:OLYMPIA"
"9008.KL","KLSE:OMESTI"
"0035.KL","KLSE:OPCOM"
"0040.KL","KLSE:OPENSYS"
"4006.KL","KLSE:ORIENT"
"0079.KL","KLSE:ORION"
"5065.KL","KLSE:ORNA"
"5053.KL","KLSE:OSK"
"0053.KL","KLSE:OSKVI"
"0153.KL","KLSE:OVERSEA"
"5260.KL","KLSE:OWG"
"6009.KL","KLSE:P&O"
"7225.KL","KLSE:PA"
"7052.KL","KLSE:PADINI"
"0005.KL","KLSE:PALETTE"
"3719.KL","KLSE:PANAMY"
"0041.KL","KLSE:PANPAGE"
"8419.KL","KLSE:PANSAR"
"5125.KL","KLSE:PANTECH"
"5022.KL","KLSE:PAOS"
"9407.KL","KLSE:PARAGON"
"1724.KL","KLSE:PARAMON"
"5657.KL","KLSE:PARKSON"
"6912.KL","KLSE:PASDEC"
"0177.KL","KLSE:PASUKGB"
"5041.KL","KLSE:PBA"
"1295.KL","KLSE:PBBANK"
"6068.KL","KLSE:PCCS"
"5183.KL","KLSE:PCHEM"
"6254.KL","KLSE:PDZ"
"5271.KL","KLSE:PECCA"
"5231.KL","KLSE:PELIKAN"
"5133.KL","KLSE:PENERGY"
"9997.KL","KLSE:PENSONI"
"7160.KL","KLSE:PENTA"
"7108.KL","KLSE:PERDANA"
"0047.KL","KLSE:PERISAI"
"7080.KL","KLSE:PERMAJU"
"5436.KL","KLSE:PERSTIM"
"5146.KL","KLSE:PERWAJA"
"8311.KL","KLSE:PESONA"
"5219.KL","KLSE:PESTECH"
"5681.KL","KLSE:PETDAG"
"6033.KL","KLSE:PETGAS"
"7027.KL","KLSE:PETONE"
"3042.KL","KLSE:PETRONM"
"7081.KL","KLSE:PHARMA"
"7201.KL","KLSE:PICORP"
"7095.KL","KLSE:PIE"
"0006.KL","KLSE:PINEAPP"
"1902.KL","KLSE:PINEPAC"
"7163.KL","KLSE:PJBUMI"
"0171.KL","KLSE:PLABS"
"7055.KL","KLSE:PLB"
"5075.KL","KLSE:PLENITU"
"9695.KL","KLSE:PLS"
"7172.KL","KLSE:PMBTECH"
"4081.KL","KLSE:PMCORP"
"8869.KL","KLSE:PMETAL"
"1287.KL","KLSE:PMHLDG"
"6637.KL","KLSE:PNEPCB"
"5080.KL","KLSE:POHKONG"
"7088.KL","KLSE:POHUAT"
"8117.KL","KLSE:POLY"
"4634.KL","KLSE:POS"
"4065.KL","KLSE:PPB"
"7190.KL","KLSE:PPG"
"8273.KL","KLSE:PPHB"
"9458.KL","KLSE:PREMIER"
"5204.KL","KLSE:PRESBHD"
"9873.KL","KLSE:PRESTAR"
"7168.KL","KLSE:PRG"
"0123.KL","KLSE:PRIVA"
"8346.KL","KLSE:PRKCORP"
"8966.KL","KLSE:PRLEXUS"
"5070.KL","KLSE:PRTASCO"
"7145.KL","KLSE:PSIPTEK"
"9598.KL","KLSE:PTARAS"
"0038.KL","KLSE:PTB"
"2208.KL","KLSE:PTGTIN"
"0186.KL","KLSE:PTRANS"
"0007.KL","KLSE:PUC"
"6807.KL","KLSE:PUNCAK"
"7134.KL","KLSE:PWF"
"7123.KL","KLSE:PWORTH"
"7237.KL","KLSE:PWROOT"
"7084.KL","KLSE:QL"
"7544.KL","KLSE:QUALITY"
"7498.KL","KLSE:RALCO"
"5272.KL","KLSE:RANHILL"
"7765.KL","KLSE:RAPID"
"0080.KL","KLSE:RAYA"
"9296.KL","KLSE:RCECAP"
"5256.KL","KLSE:REACH"
"0032.KL","KLSE:REDTONE"
"7232.KL","KLSE:RESINTC"
"0173.KL","KLSE:REV"
"9946.KL","KLSE:REX"
"0106.KL","KLSE:REXIT"
"0037.KL","KLSE:RGB"
"1066.KL","KLSE:RHBCAP"
"5278.KL","KLSE:RHONEMA"
"9741.KL","KLSE:ROHAS"
"8885.KL","KLSE:RPB"
"5113.KL","KLSE:RSAWIT"
"5270.KL","KLSE:RSENA"
"7803.KL","KLSE:RUBEREX"
"2542.KL","KLSE:RVIEW"
"5134.KL","KLSE:SAB"
"8567.KL","KLSE:SALCON"
"0183.KL","KLSE:SALUTE"
"9822.KL","KLSE:SAM"
"5147.KL","KLSE:SAMCHEM"
"9113.KL","KLSE:SANBUMI"
"0133.KL","KLSE:SANICHI"
"7811.KL","KLSE:SAPIND"
"4596.KL","KLSE:SAPRES"
"5252.KL","KLSE:SASBADI"
"5157.KL","KLSE:SAUDEE"
"2569.KL","KLSE:SBAGAN"
"5207.KL","KLSE:SBCCORP"
"5170.KL","KLSE:SCABLE"
"0109.KL","KLSE:SCBUILD"
"0158.KL","KLSE:SCC"
"7247.KL","KLSE:SCGM"
"0161.KL","KLSE:SCH"
"9237.KL","KLSE:SCIB"
"0099.KL","KLSE:SCICOM"
"4731.KL","KLSE:SCIENTX"
"7239.KL","KLSE:SCNWOLF"
"7158.KL","KLSE:SCOMI"
"7366.KL","KLSE:SCOMIEN"
"7045.KL","KLSE:SCOMIES"
"0001.KL","KLSE:SCOMNET"
"0028.KL","KLSE:SCOPE"
"2224.KL","KLSE:SDRED"
"7073.KL","KLSE:SEACERA"
"4286.KL","KLSE:SEAL"
"5145.KL","KLSE:SEALINK"
"5163.KL","KLSE:SEB"
"0178.KL","KLSE:SEDANIA"
"7053.KL","KLSE:SEEHUP"
"9792.KL","KLSE:SEG"
"5250.KL","KLSE:SEM"
"5205.KL","KLSE:SENDAI"
"5218.KL","KLSE:SENERGY"
"5279.KL","KLSE:SERBADK"
"7180.KL","KLSE:SERNKOU"
"0055.KL","KLSE:SERSOL"
"7165.KL","KLSE:SGB"
"5517.KL","KLSE:SHANG"
"4316.KL","KLSE:SHCHAN"
"7412.KL","KLSE:SHH"
"6017.KL","KLSE:SHL"
"5181.KL","KLSE:SIGGAS"
"7246.KL","KLSE:SIGN"
"5078.KL","KLSE:SILKHLD"
"4197.KL","KLSE:SIME"
"8532.KL","KLSE:SINOTOP"
"9431.KL","KLSE:SJC"
"7115.KL","KLSE:SKBSHUT"
"0060.KL","KLSE:SKH"
"7155.KL","KLSE:SKPRES"
"7248.KL","KLSE:SLP"
"4375.KL","KLSE:SMI"
"7132.KL","KLSE:SMISCOR"
"0117.KL","KLSE:SMRT"
"0169.KL","KLSE:SMTRACK"
"7943.KL","KLSE:SNC"
"5213.KL","KLSE:SNTORIA"
"5242.KL","KLSE:SOLID"
"0093.KL","KLSE:SOLUTN"
"5126.KL","KLSE:SOP"
"1783.KL","KLSE:SPB"
"7103.KL","KLSE:SPRITZER"
"8664.KL","KLSE:SPSETIA"
"0129.KL","KLSE:SRIDGE"
"5665.KL","KLSE:SSTEEL"
"6084.KL","KLSE:STAR"
"0140.KL","KLSE:STERPRO"
"7143.KL","KLSE:STONE"
"6904.KL","KLSE:SUBUR"
"7207.KL","KLSE:SUCCESS"
"9865.KL","KLSE:SUIWAH"
"1201.KL","KLSE:SUMATEC"
"5263.KL","KLSE:SUNCON"
"3743.KL","KLSE:SUNSURIA"
"5211.KL","KLSE:SUNWAY"
"0148.KL","KLSE:SUNZEN"
"7235.KL","KLSE:SUPERLN"
"7106.KL","KLSE:SUPERMX"
"6521.KL","KLSE:SURIA"
"5135.KL","KLSE:SWKPLNT"
"7186.KL","KLSE:SWSCAP"
"9717.KL","KLSE:SYCAL"
"7082.KL","KLSE:SYF"
"1538.KL","KLSE:SYMLIFE"
"5173.KL","KLSE:SYSCORP"
"0050.KL","KLSE:SYSTECH"
"7228.KL","KLSE:T7GLOBAL"
"4898.KL","KLSE:TA"
"5012.KL","KLSE:TAANN"
"4022.KL","KLSE:TADMAX"
"7211.KL","KLSE:TAFI"
"5158.KL","KLSE:TAGB"
"2305.KL","KLSE:TAHPS"
"6139.KL","KLSE:TAKAFUL"
"2259.KL","KLSE:TALAMT"
"8524.KL","KLSE:TALIWRK"
"5191.KL","KLSE:TAMBUN"
"2429.KL","KLSE:TANCO"
"5149.KL","KLSE:TAS"
"5140.KL","KLSE:TASCO"
"4448.KL","KLSE:TASEK"
"5178.KL","KLSE:TATGIAP"
"7097.KL","KLSE:TAWIN"
"4405.KL","KLSE:TCHONG"
"0132.KL","KLSE:TDEX"
"2054.KL","KLSE:TDM"
"0084.KL","KLSE:TECFAST"
"7439.KL","KLSE:TECGUAN"
"6378.KL","KLSE:TEKALA"
"7200.KL","KLSE:TEKSENG"
"5347.KL","KLSE:TENAGA"
"7252.KL","KLSE:TEOSENG"
"8702.KL","KLSE:TEXCHEM"
"0089.KL","KLSE:TEXCYCL"
"0145.KL","KLSE:TFP"
"9369.KL","KLSE:TGL"
"7034.KL","KLSE:TGUAN"
"9075.KL","KLSE:THETA"
"7206.KL","KLSE:THHEAVY"
"5112.KL","KLSE:THPLANT"
"7889.KL","KLSE:THRIVEN"
"7374.KL","KLSE:TIENWAH"
"7079.KL","KLSE:TIGER"
"5031.KL","KLSE:TIMECOM"
"7854.KL","KLSE:TIMWELL"
"5239.KL","KLSE:TITIJYA"
"4863.KL","KLSE:TM"
"0101.KL","KLSE:TMCLIFE"
"8397.KL","KLSE:TNLOGIS"
"7218.KL","KLSE:TOCEAN"
"7230.KL","KLSE:TOMEI"
"7285.KL","KLSE:TOMYPAK"
"5010.KL","KLSE:TONGHER"
"7113.KL","KLSE:TOPGLOV"
"7173.KL","KLSE:TOYOINK"
"7176.KL","KLSE:TPC"
"5054.KL","KLSE:TRC"
"5622.KL","KLSE:TRIPLC"
"0118.KL","KLSE:TRIVE"
"5401.KL","KLSE:TROP"
"9059.KL","KLSE:TSH"
"5042.KL","KLSE:TSRCAP"
"5230.KL","KLSE:TUNEPRO"
"5167.KL","KLSE:TURBO"
"4359.KL","KLSE:TURIYA"
"7100.KL","KLSE:UCHITEC"
"5148.KL","KLSE:UEMS"
"7133.KL","KLSE:ULICORP"
"2593.KL","KLSE:UMCCA"
"7137.KL","KLSE:UMS"
"7227.KL","KLSE:UMSNGB"
"4588.KL","KLSE:UMW"
"5243.KL","KLSE:UMWOG"
"7091.KL","KLSE:UNIMECH"
"5005.KL","KLSE:UNISEM"
"5200.KL","KLSE:UOADEV"
"7757.KL","KLSE:UPA"
"2089.KL","KLSE:UTDPLT"
"5754.KL","KLSE:UTUSAN"
"7250.KL","KLSE:UZMA"
"4995.KL","KLSE:VERSATL"
"0120.KL","KLSE:VIS"
"0097.KL","KLSE:VITROX"
"0069.KL","KLSE:VIVOCOM"
"7070.KL","KLSE:VIZIONE"
"7240.KL","KLSE:VOIR"
"6963.KL","KLSE:VS"
"0066.KL","KLSE:VSOLAR"
"7203.KL","KLSE:WANGZNG"
"5016.KL","KLSE:WARISAN"
"5142.KL","KLSE:WASEONG"
"7226.KL","KLSE:WATTA"
"3565.KL","KLSE:WCEHB"
"9679.KL","KLSE:WCT"
"7111.KL","KLSE:WEIDA"
"7231.KL","KLSE:WELLCAL"
"7692.KL","KLSE:WIDETEC"
"0008.KL","KLSE:WILLOW"
"2976.KL","KLSE:WINGTM"
"0141.KL","KLSE:WINTONI"
"7050.KL","KLSE:WONG"
"7025.KL","KLSE:WOODLAN"
"5246.KL","KLSE:WPRTS"
"5009.KL","KLSE:WTHORSE"
"4243.KL","KLSE:WTK"
"7245.KL","KLSE:WZSATU"
"5156.KL","KLSE:XDL"
"7121.KL","KLSE:XIANLNG"
"0095.KL","KLSE:XINGHE"
"5267.KL","KLSE:XINHWA"
"5155.KL","KLSE:XINQUAN"
"0165.KL","KLSE:XOX"
"7003.KL","KLSE:Y&G"
"5584.KL","KLSE:YEELEE"
"7184.KL","KLSE:YEN"
"7122.KL","KLSE:YFG"
"0086.KL","KLSE:YGL"
"5048.KL","KLSE:YILAI"
"7293.KL","KLSE:YINSON"
"7020.KL","KLSE:YKGI"
"7014.KL","KLSE:YLI"
"3158.KL","KLSE:YNHPROP"
"5159.KL","KLSE:YOCB"
"7066.KL","KLSE:YONGTAI"
"7178.KL","KLSE:YSPSAH"
"4677.KL","KLSE:YTL"
"2577.KL","KLSE:YTLLAND"
"6742.KL","KLSE:YTLPOWR"
"7028.KL","KLSE:ZECON"
"2283.KL","KLSE:ZELAN"
"5131.KL","KLSE:ZHULIAN"
"2267.KL","2267"
"6742WB.KL","6742WB"
"^KLSE","^KLSE"
"0007WA.KL","0007WA"
"0007WB.KL","0007WB"
"0042.KL","0042"
"0172OR.KL","0172OR"
"065012.KL","065012"
"0650C4.KL","0650C4"
"0650H1.KL","0650H1"
"0650HD.KL","0650HD"
"0650HI.KL","0650HI"
"0650HP.KL","0650HP"
"0650HW.KL","0650HW"
"115519.KL","115519"
"1295CS.KL","1295CS"
"1538WB.KL","1538WB"
"161922.KL","161922"
"161930.KL","161930"
"1945.KL","1945"
"2003CE.KL","2003CE"
"2283WA.KL","2283WA"
"2615.KL","2615"
"5019.KL","5019"
"5030.KL","5030"
"5038WA.KL","5038WA"
"5056WA.KL","5056WA"
"5095WB.KL","5095WB"
"5096.KL","5096"
"5097.KL","5097"
"509924.KL","509924"
"509934.KL","509934"
"5124.KL","5124"
"5125WA.KL","5125WA"
"5160WA.KL","5160WA"
"5215WA.KL","5215WA"
"5258CB.KL","5258CB"
"5339.KL","5339"
"5347C7.KL","5347C7"
"6661.KL","6661"
"6661WC.KL","6661WC"
"7034LA.KL","7034LA"
"7071WC.KL","7071WC"
"7098.KL","7098"
"7193.KL","7193"
"7210WA.KL","7210WA"
"7213WB.KL","7213WB"
"9202.KL","9202"
"9261WB.KL","9261WB"
"9571WD.KL","9571WD"
"7106CO.KL","7106CO"
"5103.KL","5103"
"3581.KL","3581"
"7106C9.KL","7106C9"
"5878WA.KL","5878WA"
"0138CH.KL","0138CH"
"5071WA.KL","5071WA"
"5102WA.KL","5102WA"
"0655H1.KL","0655H1"
"0650HB.KL","0650HB"
"0650HO.KL","0650HO"
"0650HX.KL","0650HX"
"509912.KL","509912"
"7277WA.KL","7277WA"
"7113CA.KL","7113CA"
"0009.KL","0009"