<alertDefaultDrawing><figures><stockOperatorFigure id="0" x="168" y="123"><model><name><string>Real Time Stock</string></name><attribute><string>TypicalPrice</string></attribute><value><null/></value><connectors><outputConnector id="1" index="0" numOfConnection="1"><Owner><stockOperatorFigure ref="0"/></Owner><locator><relativeLocator id="2" relativeX="1"/></locator></outputConnector></connectors></model></stockOperatorFigure><stockRelativeHistoryOperatorFigure id="3" x="109" y="220"><model><name><string>Relative Stock History</string></name><attribute><string>20d Average TypicalPrice</string></attribute><value><null/></value><connectors><outputConnector id="4" index="0" numOfConnection="1"><Owner><stockRelativeHistoryOperatorFigure ref="3"/></Owner><locator><relativeLocator ref="2"/></locator></outputConnector></connectors></model></stockRelativeHistoryOperatorFigure><arithmeticOperatorFigure id="5" x="365" y="169"><model><name><string>Arithmetic</string></name><attribute><string>Subtraction</string></attribute><value><null/></value><connectors><inputConnector id="6" index="0" numOfConnection="1"><Owner><arithmeticOperatorFigure ref="5"/></Owner><locator><relativeLocator id="7" relativeX="0" relativeY="0.25"/></locator></inputConnector><inputConnector id="8" index="1" numOfConnection="1"><Owner><arithmeticOperatorFigure ref="5"/></Owner><locator><relativeLocator id="9" relativeX="0" relativeY="0.75"/></locator></inputConnector><outputConnector id="a" index="0" numOfConnection="1"><Owner><arithmeticOperatorFigure ref="5"/></Owner><locator><relativeLocator ref="2"/></locator></outputConnector></connectors></model></arithmeticOperatorFigure><doubleConstantOperatorFigure id="b" x="217" y="310"><model><name><string>Constant</string></name><attribute><null/></attribute><value><string>0.015</string></value><connectors><outputConnector id="c" index="0" numOfConnection="1"><Owner><doubleConstantOperatorFigure ref="b"/></Owner><locator><relativeLocator ref="2"/></locator></outputConnector></connectors></model></doubleConstantOperatorFigure><stockRelativeHistoryOperatorFigure id="d" x="63" y="402"><model><name><string>Relative Stock History</string></name><attribute><string>20d MeanDeviation TypicalPrice</string></attribute><value><null/></value><connectors><outputConnector id="e" index="0" numOfConnection="1"><Owner><stockRelativeHistoryOperatorFigure ref="d"/></Owner><locator><relativeLocator ref="2"/></locator></outputConnector></connectors></model></stockRelativeHistoryOperatorFigure><arithmeticOperatorFigure id="f" x="359" y="338"><model><name><string>Arithmetic</string></name><attribute><string>Multiplication</string></attribute><value><null/></value><connectors><inputConnector id="10" index="0" numOfConnection="1"><Owner><arithmeticOperatorFigure ref="f"/></Owner><locator><relativeLocator ref="7"/></locator></inputConnector><inputConnector id="11" index="1" numOfConnection="1"><Owner><arithmeticOperatorFigure ref="f"/></Owner><locator><relativeLocator ref="9"/></locator></inputConnector><outputConnector id="12" index="0" numOfConnection="1"><Owner><arithmeticOperatorFigure ref="f"/></Owner><locator><relativeLocator ref="2"/></locator></outputConnector></connectors></model></arithmeticOperatorFigure><arithmeticOperatorFigure id="13" x="523" y="179"><model><name><string>Arithmetic</string></name><attribute><string>Division</string></attribute><value><null/></value><connectors><inputConnector id="14" index="0" numOfConnection="1"><Owner><arithmeticOperatorFigure ref="13"/></Owner><locator><relativeLocator ref="7"/></locator></inputConnector><inputConnector id="15" index="1" numOfConnection="1"><Owner><arithmeticOperatorFigure ref="13"/></Owner><locator><relativeLocator ref="9"/></locator></inputConnector><outputConnector id="16" index="0" numOfConnection="1"><Owner><arithmeticOperatorFigure ref="13"/></Owner><locator><relativeLocator ref="2"/></locator></outputConnector></connectors></model></arithmeticOperatorFigure><equalityOperatorFigure id="17" x="662" y="298"><model><name><string>Equality</string></name><attribute><string>LesserOrEqual</string></attribute><value><null/></value><connectors><inputConnector id="18" index="0" numOfConnection="1"><Owner><equalityOperatorFigure ref="17"/></Owner><locator><relativeLocator ref="7"/></locator></inputConnector><inputConnector id="19" index="1" numOfConnection="1"><Owner><equalityOperatorFigure ref="17"/></Owner><locator><relativeLocator ref="9"/></locator></inputConnector><outputConnector id="1a" index="0" numOfConnection="1"><Owner><equalityOperatorFigure ref="17"/></Owner><locator><relativeLocator ref="2"/></locator></outputConnector></connectors></model></equalityOperatorFigure><doubleConstantOperatorFigure id="1b" x="532" y="392"><model><name><string>Constant</string></name><attribute><null/></attribute><value><string>-100.0</string></value><connectors><outputConnector id="1c" index="0" numOfConnection="1"><Owner><doubleConstantOperatorFigure ref="1b"/></Owner><locator><relativeLocator ref="2"/></locator></outputConnector></connectors></model></doubleConstantOperatorFigure><sinkOperatorFigure id="1d" x="805" y="299"><model><name><string>Alert</string></name><attribute><null/></attribute><value><null/></value><connectors><inputConnector id="1e" index="0" numOfConnection="1"><Owner><sinkOperatorFigure ref="1d"/></Owner><locator><relativeLocator id="1f" relativeX="0"/></locator></inputConnector><outputConnector id="20" index="0" numOfConnection="0"><Owner><sinkOperatorFigure ref="1d"/></Owner><locator><relativeLocator ref="2"/></locator></outputConnector></connectors></model></sinkOperatorFigure><ta id="21" x="176" y="66" w="636" h="40"><a><text><string>Commodity Channel Index. Possible buy signal is, the CCI crosses below -100 and has started to curve upwards.</string></text><fillColor><color rgba="#ffffcc00"/></fillColor><fontBold><boolean>true</boolean></fontBold></a></ta><dep id="22"><points><p colinear="true" x="291.96484375" y="153.3759765625" c1x="39" c1y="5" c2x="39" c2y="5"/><p colinear="true" x="365" y="184.18798828125" c1x="39" c1y="5" c2x="39" c2y="5"/></points><startConnector><outputConnector ref="1"/></startConnector><endConnector><inputConnector ref="6"/></endConnector><a><strokeColor><color rgba="#ff000099"/></strokeColor><strokeWidth><double>1</double></strokeWidth></a></dep><dep id="23"><points><p colinear="true" x="295.630859375" y="250.3759765625" c1x="39" c1y="5" c2x="39" c2y="5"/><p colinear="true" x="365" y="214.56396484375" c1x="39" c1y="5" c2x="39" c2y="5"/></points><startConnector><outputConnector ref="4"/></startConnector><endConnector><inputConnector ref="8"/></endConnector><a><strokeColor><color rgba="#ff000099"/></strokeColor><strokeWidth><double>1</double></strokeWidth></a></dep><dep id="24"><points><p colinear="true" x="293.087890625" y="340.3759765625" c1x="0" c1y="0" c2x="0" c2y="0"/><p colinear="true" x="359" y="353.18798828125" c1x="0" c1y="0" c2x="0" c2y="0"/></points><startConnector><outputConnector ref="c"/></startConnector><endConnector><inputConnector ref="10"/></endConnector><a><strokeColor><color rgba="#ff000099"/></strokeColor><strokeWidth><double>1</double></strokeWidth></a></dep><dep id="25"><points><p colinear="true" x="294.314453125" y="432.3759765625" c1x="0" c1y="0" c2x="0" c2y="0"/><p colinear="true" x="359" y="383.56396484375" c1x="0" c1y="0" c2x="0" c2y="0"/></points><startConnector><outputConnector ref="e"/></startConnector><endConnector><inputConnector ref="11"/></endConnector><a><strokeColor><color rgba="#ff000099"/></strokeColor><strokeWidth><double>1</double></strokeWidth></a></dep><dep id="26"><points><p colinear="true" x="459.328125" y="199.3759765625" c1x="0" c1y="0" c2x="0" c2y="0"/><p colinear="true" x="523" y="194.18798828125" c1x="0" c1y="0" c2x="0" c2y="0"/></points><startConnector><outputConnector ref="a"/></startConnector><endConnector><inputConnector ref="14"/></endConnector><a><strokeColor><color rgba="#ff000099"/></strokeColor><strokeWidth><double>1</double></strokeWidth></a></dep><dep id="27"><points><p colinear="true" x="466.6171875" y="368.3759765625" c1x="0" c1y="0" c2x="0" c2y="0"/><p colinear="true" x="523" y="224.56396484375" c1x="0" c1y="0" c2x="0" c2y="0"/></points><startConnector><outputConnector ref="12"/></startConnector><endConnector><inputConnector ref="15"/></endConnector><a><strokeColor><color rgba="#ff000099"/></strokeColor><strokeWidth><double>1</double></strokeWidth></a></dep><dep id="28"><points><p colinear="true" x="609.693359375" y="209.3759765625" c1x="0" c1y="0" c2x="0" c2y="0"/><p colinear="true" x="662" y="313.18798828125" c1x="0" c1y="0" c2x="0" c2y="0"/></points><startConnector><outputConnector ref="16"/></startConnector><endConnector><inputConnector ref="18"/></endConnector><a><strokeColor><color rgba="#ff000099"/></strokeColor><strokeWidth><double>1</double></strokeWidth></a></dep><dep id="29"><points><p colinear="true" x="608.087890625" y="422.3759765625" c1x="0" c1y="0" c2x="0" c2y="0"/><p colinear="true" x="662" y="343.56396484375" c1x="0" c1y="0" c2x="0" c2y="0"/></points><startConnector><outputConnector ref="1c"/></startConnector><endConnector><inputConnector ref="19"/></endConnector><a><strokeColor><color rgba="#ff000099"/></strokeColor><strokeWidth><double>1</double></strokeWidth></a></dep><dep id="2a"><points><p colinear="true" x="775.20703125" y="328.3759765625" c1x="0" c1y="0" c2x="0" c2y="0"/><p colinear="true" x="805" y="329.3759765625" c1x="0" c1y="0" c2x="0" c2y="0"/></points><startConnector><outputConnector ref="1a"/></startConnector><endConnector><inputConnector ref="1e"/></endConnector><a><strokeColor><color rgba="#ff000099"/></strokeColor><strokeWidth><double>1</double></strokeWidth></a></dep></figures></alertDefaultDrawing>