"Code","Symbol","Name","Board"
"00850.TW","元大臺灣ESG永續","元大臺灣ESG永續","Taiwan"
"6024.TW","群益期","群益期","Taiwan"
"3130.TW","一零四","一零四","Taiwan"
"2311.TW","日月光","日月光","Taiwan"
"2374.TW","佳能","佳能","Taiwan"
"4133.TW","亞諾法","亞諾法","Taiwan"
"2444.TW","友旺","友旺","Taiwan"
"6282.TW","康舒","康舒","Taiwan"
"1102.TW","亞洲水泥","亞洲水泥","Taiwan"
"2345.TW","智邦","智邦","Taiwan"
"8374.TW","羅昇","羅昇","Taiwan"
"1466.TW","聚隆纖維","聚隆纖維","Taiwan"
"2353.TW","宏碁","宏碁","Taiwan"
"3605.TW","宏致電子","宏致電子","Taiwan"
"1715.TW","亞洲化學","亞洲化學","Taiwan"
"3024.TW","憶聲","憶聲","Taiwan"
"4142.TW","國光生技","國光生技","Taiwan"
"6166.TW","凌華","凌華","Taiwan"
"1442.TW","名軒","名軒","Taiwan"
"2395.TW","研華","研華","Taiwan"
"1514.TW","亞力電機","亞力電機","Taiwan"
"1217.TW","愛之味","愛之味","Taiwan"
"3002.TW","歐格","歐格","Taiwan"
"9912.TW","偉聯科技","偉聯科技","Taiwan"
"6225.TW","天瀚","天瀚","Taiwan"
"1626.TW","F-艾美","F-艾美","Taiwan"
"1590.TW","F-亞德","F-亞德","Taiwan"
"3041.TW","揚智","揚智","Taiwan"
"3209.TW","全科科技","全科科技","Taiwan"
"3380.TW","明泰","明泰","Taiwan"
"3059.TW","華晶科","華晶科","Taiwan"
"2704.TW","國賓","國賓","Taiwan"
"2493.TW","揚博","揚博","Taiwan"
"2489.TW","瑞軒","瑞軒","Taiwan"
"6230.TW","超眾","超眾","Taiwan"
"1701.TW","中國化學","中國化學","Taiwan"
"1762.TW","中化合成","中化合成","Taiwan"
"2613.TW","中櫃","中櫃","Taiwan"
"2883.TW","開發金","開發金","Taiwan"
"1611.TW","中國電器","中國電器","Taiwan"
"1535.TW","中宇","中宇","Taiwan"
"1305.TW","華夏塑膠","華夏塑膠","Taiwan"
"5871.TW","F-中租","F-中租","Taiwan"
"2509.TW","全坤建","全坤建","Taiwan"
"2425.TW","承啟","承啟","Taiwan"
"1806.TW","冠軍","冠軍","Taiwan"
"1468.TW","昶和纖維","昶和纖維","Taiwan"
"1541.TW","錩泰","錩泰","Taiwan"
"8070.TW","長華電材","長華電材","Taiwan"
"2722.TW","夏都","夏都","Taiwan"
"9930.TW","中聯資源","中聯資源","Taiwan"
"4164.TW","承業生醫","承業生醫","Taiwan"
"1103.TW","嘉新水泥","嘉新水泥","Taiwan"
"1727.TW","中華化","中華化","Taiwan"
"3229.TW","晟鈦","晟鈦","Taiwan"
"1513.TW","中興電工","中興電工","Taiwan"
"8210.TW","勤誠興業","勤誠興業","Taiwan"
"1904.TW","正隆","正隆","Taiwan"
"4942.TW","嘉彰","嘉彰","Taiwan"
"1449.TW","佳和實業","佳和實業","Taiwan"
"2033.TW","佳大世界","佳大世界","Taiwan"
"2385.TW","群光","群光","Taiwan"
"5515.TW","建國","建國","Taiwan"
"2024.TW","志聯工業","志聯工業","Taiwan"
"2456.TW","奇力新","奇力新","Taiwan"
"1809.TW","中國製釉","中國製釉","Taiwan"
"8163.TW","達方電子","達方電子","Taiwan"
"3094.TW","聯傑國際","聯傑國際","Taiwan"
"5234.TW","達興材料","達興材料","Taiwan"
"910861.TW","神州","神州","Taiwan"
"1464.TW","得力","得力","Taiwan"
"2530.TW","華建","華建","Taiwan"
"3599.TW","旺能光電","旺能光電","Taiwan"
"2308.TW","台達電","台達電","Taiwan"
"6605.TW","帝寶","帝寶","Taiwan"
"2397.TW","友通","友通","Taiwan"
"2332.TW","友訊","友訊","Taiwan"
"6216.TW","居易","居易","Taiwan"
"911616.TW","杜康","杜康","Taiwan"
"6251.TW","定穎電子","定穎電子","Taiwan"
"2884.TW","玉山金","玉山金","Taiwan"
"2483.TW","百容","百容","Taiwan"
"1476.TW","儒鴻企業","儒鴻企業","Taiwan"
"3047.TW","訊舟","訊舟","Taiwan"
"3591.TW","艾笛森","艾笛森","Taiwan"
"3048.TW","益登","益登","Taiwan"
"3038.TW","全台","全台","Taiwan"
"2607.TW","榮運","榮運","Taiwan"
"2458.TW","義隆","義隆","Taiwan"
"3450.TW","聯鈞","聯鈞","Taiwan"
"2497.TW","怡利電","怡利電","Taiwan"
"6281.TW","全國電","全國電","Taiwan"
"2331.TW","精英","精英","Taiwan"
"1735.TW","日勝化工","日勝化工","Taiwan"
"2383.TW","台光電","台光電","Taiwan"
"2603.TW","長榮","長榮","Taiwan"
"2614.TW","東森","東森","Taiwan"
"6243.TW","迅杰","迅杰","Taiwan"
"1709.TW","和益化工","和益化工","Taiwan"
"1436.TW","福益","福益","Taiwan"
"9802.TW","F-鈺齊","F-鈺齊","Taiwan"
"1219.TW","福壽","福壽","Taiwan"
"3312.TW","弘憶股","弘憶股","Taiwan"
"3557.TW","嘉威光電","嘉威光電","Taiwan"
"6191.TW","精成科技","精成科技","Taiwan"
"2368.TW","金像","金像","Taiwan"
"9905.TW","大華金屬","大華金屬","Taiwan"
"1539.TW","巨庭機械","巨庭機械","Taiwan"
"2460.TW","建通","建通","Taiwan"
"4906.TW","正文","正文","Taiwan"
"4952.TW","凌通科技","凌通科技","Taiwan"
"3406.TW","玉晶光","玉晶光","Taiwan"
"3164.TW","景岳生技","景岳生技","Taiwan"
"3356.TW","奇偶科技","奇偶科技","Taiwan"
"3519.TW","綠能","綠能","Taiwan"
"2707.TW","晶華酒店","晶華酒店","Taiwan"
"9921.TW","巨大機械","巨大機械","Taiwan"
"8105.TW","凌巨","凌巨","Taiwan"
"2376.TW","技嘉","技嘉","Taiwan"
"2406.TW","國碩","國碩","Taiwan"
"3514.TW","昱晶能源","昱晶能源","Taiwan"
"1324.TW","地球","地球","Taiwan"
"9934.TW","成霖","成霖","Taiwan"
"4935.TW","F-茂林","F-茂林","Taiwan"
"8081.TW","致新","致新","Taiwan"
"6133.TW","金橋","金橋","Taiwan"
"910801.TW","金衛醫療","金衛醫療","Taiwan"
"912398.TW","友佳國際","友佳國際","Taiwan"
"1583.TW","程泰","程泰","Taiwan"
"1524.TW","耿鼎","耿鼎","Taiwan"
"2486.TW","一詮","一詮","Taiwan"
"3022.TW","威達電","威達電","Taiwan"
"1456.TW","怡華","怡華","Taiwan"
"3598.TW","奕力科技","奕力科技","Taiwan"
"3638.TW","F-IML","F-IML","Taiwan"
"6117.TW","迎廣","迎廣","Taiwan"
"2491.TW","吉祥全","吉祥全","Taiwan"
"2495.TW","普安","普安","Taiwan"
"3474.TW","華亞科","華亞科","Taiwan"
"2356.TW","英業達","英業達","Taiwan"
"3481.TW","群創光電","群創光電","Taiwan"
"6115.TW","鎰勝","鎰勝","Taiwan"
"3014.TW","聯陽","聯陽","Taiwan"
"6213.TW","聯茂","聯茂","Taiwan"
"2442.TW","新美齊","新美齊","Taiwan"
"3653.TW","健策","健策","Taiwan"
"1538.TW","正峰新","正峰新","Taiwan"
"3011.TW","今皓","今皓","Taiwan"
"1736.TW","喬山","喬山","Taiwan"
"2540.TW","金尚昌","金尚昌","Taiwan"
"8429.TW","F-金麗","F-金麗","Taiwan"
"1512.TW","瑞利","瑞利","Taiwan"
"1540.TW","喬福機械","喬福機械","Taiwan"
"6197.TW","佳必琪","佳必琪","Taiwan"
"1617.TW","榮星電線","榮星電線","Taiwan"
"3584.TW","介面光電","介面光電","Taiwan"
"6165.TW","捷泰","捷泰","Taiwan"
"9136.TW","巨騰","巨騰","Taiwan"
"2461.TW","光群雷","光群雷","Taiwan"
"1531.TW","高林股","高林股","Taiwan"
"6155.TW","鈞寶電子","鈞寶電子","Taiwan"
"2546.TW","根基","根基","Taiwan"
"1477.TW","聚陽","聚陽","Taiwan"
"1732.TW","毛寶","毛寶","Taiwan"
"9942.TW","茂順","茂順","Taiwan"
"3315.TW","宣昶","宣昶","Taiwan"
"2020.TW","美亞","美亞","Taiwan"
"1731.TW","美吾華","美吾華","Taiwan"
"2427.TW","三商電","三商電","Taiwan"
"2454.TW","聯發科","聯發科","Taiwan"
"9103.TW","美德醫","美德醫","Taiwan"
"2886.TW","兆豐金","兆豐金","Taiwan"
"2477.TW","美隆電","美隆電","Taiwan"
"2905.TW","三 商 行","三 商 行","Taiwan"
"2867.TW","三商壽","三商壽","Taiwan"
"2439.TW","美律","美律","Taiwan"
"6196.TW","帆宣","帆宣","Taiwan"
"9914.TW","美利達","美利達","Taiwan"
"3706.TW","神達","神達","Taiwan"
"2305.TW","全友","全友","Taiwan"
"3060.TW","銘異","銘異","Taiwan"
"2464.TW","盟立","盟立","Taiwan"
"2856.TW","元富證券","元富證券","Taiwan"
"1533.TW","車王電","車王電","Taiwan"
"2434.TW","統懋","統懋","Taiwan"
"2377.TW","微星","微星","Taiwan"
"3697.TW","F-晨星","F-晨星","Taiwan"
"3005.TW","神基","神基","Taiwan"
"2314.TW","台揚","台揚","Taiwan"
"911626.TW","華運中國","華運中國","Taiwan"
"2361.TW","鴻友","鴻友","Taiwan"
"2342.TW","茂矽","茂矽","Taiwan"
"2337.TW","旺宏","旺宏","Taiwan"
"8046.TW","南電","南電","Taiwan"
"2429.TW","銘旺科","銘旺科","Taiwan"
"2382.TW","廣達","廣達","Taiwan"
"2352.TW","佳世達","佳世達","Taiwan"
"4722.TW","國精化學","國精化學","Taiwan"
"2017.TW","官田鋼","官田鋼","Taiwan"
"1506.TW","正道","正道","Taiwan"
"2547.TW","日勝生","日勝生","Taiwan"
"2437.TW","旺詮","旺詮","Taiwan"
"2597.TW","潤弘精密","潤弘精密","Taiwan"
"4532.TW","瑞智","瑞智","Taiwan"
"2302.TW","麗正","麗正","Taiwan"
"1423.TW","利華羊毛","利華羊毛","Taiwan"
"1515.TW","力山工業","力山工業","Taiwan"
"6286.TW","立錡科技","立錡科技","Taiwan"
"2349.TW","錸德","錸德","Taiwan"
"6176.TW","瑞儀","瑞儀","Taiwan"
"4414.TW","如興","如興","Taiwan"
"4141.TW","F-龍燈","F-龍燈","Taiwan"
"2379.TW","瑞昱","瑞昱","Taiwan"
"9945.TW","潤泰新","潤泰新","Taiwan"
"2915.TW","潤泰全球","潤泰全球","Taiwan"
"1808.TW","潤隆","潤隆","Taiwan"
"5608.TW","四維航","四維航","Taiwan"
"1720.TW","生達化學","生達化學","Taiwan"
"1227.TW","佳格食品","佳格食品","Taiwan"
"9926.TW","新海瓦斯","新海瓦斯","Taiwan"
"9918.TW","欣天然","欣天然","Taiwan"
"2539.TW","櫻花建","櫻花建","Taiwan"
"1604.TW","聲寶","聲寶","Taiwan"
"1307.TW","三芳化工","三芳化工","Taiwan"
"5007.TW","三星科技","三星科技","Taiwan"
"2206.TW","三陽工業","三陽工業","Taiwan"
"1526.TW","日馳","日馳","Taiwan"
"2387.TW","精元","精元","Taiwan"
"8112.TW","至上","至上","Taiwan"
"4733.TW","上緯","上緯","Taiwan"
"5525.TW","順天","順天","Taiwan"
"1582.TW","信錦","信錦","Taiwan"
"2347.TW","聯強","聯強","Taiwan"
"6112.TW","聚碩","聚碩","Taiwan"
"2453.TW","凌群","凌群","Taiwan"
"6214.TW","精誠","精誠","Taiwan"
"3376.TW","新日興","新日興","Taiwan"
"1724.TW","台硝","台硝","Taiwan"
"1310.TW","臺灣苯乙烯","臺灣苯乙烯","Taiwan"
"1453.TW","大將","大將","Taiwan"
"1609.TW","大亞電纜","大亞電纜","Taiwan"
"9941.TW","裕融","裕融","Taiwan"
"1441.TW","大東紡織","大東紡織","Taiwan"
"1315.TW","達新工業","達新工業","Taiwan"
"2478.TW","大毅","大毅","Taiwan"
"3432.TW","台端","台端","Taiwan"
"8039.TW","台虹","台虹","Taiwan"
"1613.TW","台一","台一","Taiwan"
"1473.TW","台南企業","台南企業","Taiwan"
"5906.TW","F-台南","F-台南","Taiwan"
"1440.TW","台南紡織","台南紡織","Taiwan"
"4934.TW","太極能源","太極能源","Taiwan"
"1220.TW","台榮","台榮","Taiwan"
"911611.TW","中泰山","中泰山","Taiwan"
"1218.TW","泰山","泰山","Taiwan"
"1722.TW","台灣肥料","台灣肥料","Taiwan"
"9924.TW","臺灣福興","臺灣福興","Taiwan"
"1802.TW","臺灣玻璃","臺灣玻璃","Taiwan"
"2364.TW","倫飛","倫飛","Taiwan"
"3045.TW","台灣大哥大","台灣大哥大","Taiwan"
"3042.TW","晶技","晶技","Taiwan"
"1522.TW","堤維西","堤維西","Taiwan"
"911622.TW","泰聚亨","泰聚亨","Taiwan"
"2022.TW","聚亨","聚亨","Taiwan"
"1319.TW","東陽","東陽","Taiwan"
"2426.TW","鼎元","鼎元","Taiwan"
"2838.TW","聯邦銀行","聯邦銀行","Taiwan"
"1104.TW","環球水泥","環球水泥","Taiwan"
"911610.TW","聯環","聯環","Taiwan"
"2482.TW","連宇","連宇","Taiwan"
"2404.TW","漢唐","漢唐","Taiwan"
"1325.TW","恒大","恒大","Taiwan"
"2303.TW","聯電","聯電","Taiwan"
"2413.TW","環科","環科","Taiwan"
"2606.TW","裕民","裕民","Taiwan"
"3013.TW","晟銘電","晟銘電","Taiwan"
"2499.TW","東貝","東貝","Taiwan"
"3037.TW","欣興","欣興","Taiwan"
"2816.TW","旺旺保險","旺旺保險","Taiwan"
"2367.TW","燿華","燿華","Taiwan"
"1445.TW","大宇紡織","大宇紡織","Taiwan"
"3704.TW","合勤控","合勤控","Taiwan"
"1313.TW","聯成","聯成","Taiwan"
"1304.TW","台灣聚合","台灣聚合","Taiwan"
"2414.TW","精技","精技","Taiwan"
"3050.TW","鈺德","鈺德","Taiwan"
"1203.TW","味王","味王","Taiwan"
"2348.TW","力廣","力廣","Taiwan"
"2388.TW","威盛","威盛","Taiwan"
"3454.TW","晶睿","晶睿","Taiwan"
"1528.TW","恩德科技","恩德科技","Taiwan"
"6289.TW","華上","華上","Taiwan"
"3046.TW","建碁","建碁","Taiwan"
"8271.TW","宇瞻","宇瞻","Taiwan"
"1308.TW","亞聚","亞聚","Taiwan"
"6108.TW","競國實業","競國實業","Taiwan"
"8261.TW","富鼎先進","富鼎先進","Taiwan"
"3052.TW","夆典","夆典","Taiwan"
"4106.TW","雃博","雃博","Taiwan"
"1733.TW","五鼎","五鼎","Taiwan"
"3596.TW","智易科技","智易科技","Taiwan"
"2471.TW","資通","資通","Taiwan"
"8101.TW","華冠","華冠","Taiwan"
"2433.TW","互盛電","互盛電","Taiwan"
"3019.TW","亞洲光學","亞洲光學","Taiwan"
"1337.TW","F-再生","F-再生","Taiwan"
"5269.TW","祥碩科技","祥碩科技","Taiwan"
"3515.TW","華擎","華擎","Taiwan"
"2357.TW","華碩","華碩","Taiwan"
"6277.TW","宏正","宏正","Taiwan"
"2459.TW","敦吉","敦吉","Taiwan"
"2409.TW","友達","友達","Taiwan"
"2373.TW","震旦行","震旦行","Taiwan"
"6215.TW","和椿","和椿","Taiwan"
"8072.TW","陞泰科技","陞泰科技","Taiwan"
"3017.TW","奇鋐","奇鋐","Taiwan"
"2417.TW","圓剛","圓剛","Taiwan"
"3669.TW","圓展科技","圓展科技","Taiwan"
"2380.TW","虹光","虹光","Taiwan"
"1530.TW","亞崴電機","亞崴電機","Taiwan"
"3694.TW","海華","海華","Taiwan"
"2836.TW","高雄銀行","高雄銀行","Taiwan"
"2823.TW","中國人壽","中國人壽","Taiwan"
"2002.TW","中國鋼鐵","中國鋼鐵","Taiwan"
"2104.TW","中國橡膠","中國橡膠","Taiwan"
"2204.TW","中華汽車","中華汽車","Taiwan"
"2891.TW","中信金","中信金","Taiwan"
"9935.TW","慶豐富","慶豐富","Taiwan"
"2355.TW","敬鵬","敬鵬","Taiwan"
"9929.TW","秋雨創新","秋雨創新","Taiwan"
"5534.TW","長虹","長虹","Taiwan"
"1905.TW","中華紙漿","中華紙漿","Taiwan"
"2360.TW","致茂","致茂","Taiwan"
"2412.TW","中華電信","中華電信","Taiwan"
"2012.TW","春雨工廠","春雨工廠","Taiwan"
"2010.TW","春源鋼鐵","春源鋼鐵","Taiwan"
"2014.TW","中鴻","中鴻","Taiwan"
"1439.TW","中和羊毛","中和羊毛","Taiwan"
"9958.TW","世紀鋼","世紀鋼","Taiwan"
"8422.TW","可寧衛","可寧衛","Taiwan"
"2362.TW","藍天","藍天","Taiwan"
"2323.TW","中環","中環","Taiwan"
"3257.TW","虹冠電","虹冠電","Taiwan"
"1718.TW","中國人纖","中國人纖","Taiwan"
"4960.TW","奇美材料","奇美材料","Taiwan"
"1532.TW","勤美","勤美","Taiwan"
"2612.TW","中航","中航","Taiwan"
"4984.TW","F-科納","F-科納","Taiwan"
"4144.TW","F-康聯","F-康聯","Taiwan"
"2906.TW","高林實業","高林實業","Taiwan"
"2324.TW","仁寶","仁寶","Taiwan"
"2313.TW","華通","華通","Taiwan"
"3032.TW","偉訓","偉訓","Taiwan"
"3703.TW","欣陸","欣陸","Taiwan"
"2438.TW","英誌","英誌","Taiwan"
"3573.TW","穎台科技","穎台科技","Taiwan"
"4956.TW","光鋐科技","光鋐科技","Taiwan"
"2448.TW","晶電","晶電","Taiwan"
"3006.TW","晶豪科","晶豪科","Taiwan"
"2849.TW","安泰商銀","安泰商銀","Taiwan"
"1717.TW","長興化學","長興化學","Taiwan"
"2618.TW","長榮航","長榮航","Taiwan"
"1460.TW","宏遠","宏遠","Taiwan"
"5484.TW","慧友","慧友","Taiwan"
"2393.TW","億光","億光","Taiwan"
"1711.TW","永光化學","永光化學","Taiwan"
"2390.TW","云辰","云辰","Taiwan"
"1470.TW","大統染","大統染","Taiwan"
"1616.TW","億泰電纜","億泰電纜","Taiwan"
"4104.TW","佳醫","佳醫","Taiwan"
"1516.TW","川飛","川飛","Taiwan"
"4904.TW","遠傳","遠傳","Taiwan"
"3035.TW","智原","智原","Taiwan"
"1730.TW","花仙子","花仙子","Taiwan"
"5522.TW","遠雄建設","遠雄建設","Taiwan"
"5607.TW","遠雄港","遠雄港","Taiwan"
"8131.TW","福懋科技","福懋科技","Taiwan"
"3535.TW","晶彩科","晶彩科","Taiwan"
"0058.TW","FB發達","FB發達","Taiwan"
"0059.TW","FB金融","FB金融","Taiwan"
"0057.TW","FB摩台","FB摩台","Taiwan"
"0052.TW","FB科技","FB科技","Taiwan"
"006208.TW","FB台50","FB台50","Taiwan"
"2009.TW","第一伸銅","第一伸銅","Taiwan"
"1326.TW","台灣化纖","台灣化纖","Taiwan"
"1519.TW","華城電機","華城電機","Taiwan"
"5907.TW","F-大洋","F-大洋","Taiwan"
"2723.TW","F-美食","F-美食","Taiwan"
"6128.TW","上福","上福","Taiwan"
"3383.TW","新世紀","新世紀","Taiwan"
"1312.TW","國喬石化","國喬石化","Taiwan"
"1707.TW","葡萄王","葡萄王","Taiwan"
"1210.TW","大成長城","大成長城","Taiwan"
"3559.TW","全智科技","全智科技","Taiwan"
"2476.TW","鉅祥","鉅祥","Taiwan"
"913889.TW","大成糖","大成糖","Taiwan"
"3149.TW","正達國際","正達國際","Taiwan"
"9908.TW","大台北瓦斯","大台北瓦斯","Taiwan"
"2441.TW","超豐","超豐","Taiwan"
"1437.TW","勤益","勤益","Taiwan"
"3443.TW","創意","創意","Taiwan"
"3040.TW","遠見","遠見","Taiwan"
"2423.TW","固緯","固緯","Taiwan"
"1413.TW","宏洲化工","宏洲化工","Taiwan"
"2038.TW","海光企業","海光企業","Taiwan"
"6116.TW","彩晶","彩晶","Taiwan"
"2488.TW","漢平","漢平","Taiwan"
"6168.TW","宏齊","宏齊","Taiwan"
"1810.TW","和成欣業","和成欣業","Taiwan"
"1608.TW","華榮","華榮","Taiwan"
"1234.TW","黑松","黑松","Taiwan"
"911602.TW","華豐泰","華豐泰","Taiwan"
"2702.TW","華園","華園","Taiwan"
"2542.TW","興富發","興富發","Taiwan"
"1338.TW","F-廣華","F-廣華","Taiwan"
"911619.TW","HISAKA","HISAKA","Taiwan"
"3494.TW","誠研","誠研","Taiwan"
"2419.TW","仲琦","仲琦","Taiwan"
"2538.TW","基泰","基泰","Taiwan"
"2106.TW","建大工業","建大工業","Taiwan"
"2608.TW","嘉里大榮","嘉里大榮","Taiwan"
"8427.TW","F-基勝","F-基勝","Taiwan"
"1416.TW","廣豐實業","廣豐實業","Taiwan"
"2008.TW","高興昌","高興昌","Taiwan"
"2520.TW","冠德","冠德","Taiwan"
"2059.TW","川湖","川湖","Taiwan"
"8411.TW","F-福貞","F-福貞","Taiwan"
"1560.TW","中砂","中砂","Taiwan"
"6209.TW","今國光學","今國光學","Taiwan"
"2312.TW","金寶","金寶","Taiwan"
"3189.TW","景碩","景碩","Taiwan"
"911201.TW","僑威","僑威","Taiwan"
"9919.TW","康那香","康那香","Taiwan"
"5215.TW","F-科嘉","F-科嘉","Taiwan"
"1805.TW","寶徠建設","寶徠建設","Taiwan"
"1525.TW","江申","江申","Taiwan"
"5521.TW","工信","工信","Taiwan"
"3003.TW","健和興","健和興","Taiwan"
"2809.TW","京城銀","京城銀","Taiwan"
"2524.TW","京城","京城","Taiwan"
"1537.TW","廣隆光電","廣隆光電","Taiwan"
"2505.TW","國揚","國揚","Taiwan"
"2365.TW","昆盈","昆盈","Taiwan"
"2449.TW","京元電","京元電","Taiwan"
"5225.TW","東科控股","東科控股","Taiwan"
"6139.TW","亞翔","亞翔","Taiwan"
"1459.TW","聯發紡織","聯發紡織","Taiwan"
"3008.TW","大立光","大立光","Taiwan"
"1909.TW","榮成紙業","榮成紙業","Taiwan"
"1704.TW","榮化","榮化","Taiwan"
"3004.TW","豐達科技","豐達科技","Taiwan"
"1702.TW","南僑化工","南僑化工","Taiwan"
"2101.TW","南港輪胎","南港輪胎","Taiwan"
"2108.TW","南帝化工","南帝化工","Taiwan"
"3090.TW","日電貿","日電貿","Taiwan"
"911868.TW","真明麗","真明麗","Taiwan"
"2516.TW","新建","新建","Taiwan"
"8940.TW","新天地","新天地","Taiwan"
"9106.TW","新焦點","新焦點","Taiwan"
"1451.TW","年興紡織","年興紡織","Taiwan"
"3679.TW","新至陞科技","新至陞科技","Taiwan"
"910708.TW","新傳媒","新傳媒","Taiwan"
"3034.TW","聯詠","聯詠","Taiwan"
"9937.TW","全國加油站","全國加油站","Taiwan"
"1303.TW","南亞塑膠","南亞塑膠","Taiwan"
"3576.TW","新日光","新日光","Taiwan"
"2408.TW","南科","南科","Taiwan"
"4919.TW","新唐科技","新唐科技","Taiwan"
"1410.TW","南洋染整","南洋染整","Taiwan"
"1213.TW","大飲","大飲","Taiwan"
"910579.TW","歐聖","歐聖","Taiwan"
"1321.TW","大洋","大洋","Taiwan"
"3051.TW","力特","力特","Taiwan"
"2340.TW","光磊","光磊","Taiwan"
"3545.TW","旭曜","旭曜","Taiwan"
"2329.TW","華泰","華泰","Taiwan"
"1710.TW","東聯化學","東聯化學","Taiwan"
"1906.TW","寶隆","寶隆","Taiwan"
"8404.TW","F-百和","F-百和","Taiwan"
"2481.TW","強茂","強茂","Taiwan"
"2328.TW","廣宇","廣宇","Taiwan"
"6226.TW","光鼎電子","光鼎電子","Taiwan"
"1614.TW","三洋電機","三洋電機","Taiwan"
"4119.TW","旭富","旭富","Taiwan"
"3583.TW","辛耘","辛耘","Taiwan"
"3579.TW","尚志","尚志","Taiwan"
"2351.TW","順德","順德","Taiwan"
"9955.TW","佳龍","佳龍","Taiwan"
"3561.TW","昇陽光電","昇陽光電","Taiwan"
"1503.TW","士林電機","士林電機","Taiwan"
"2450.TW","神腦","神腦","Taiwan"
"5388.TW","中磊","中磊","Taiwan"
"910069.TW","新曄","新曄","Taiwan"
"1708.TW","東鹼","東鹼","Taiwan"
"2029.TW","盛餘","盛餘","Taiwan"
"3305.TW","昇貿科技","昇貿科技","Taiwan"
"1903.TW","士林紙業","士林紙業","Taiwan"
"2901.TW","欣欣大眾","欣欣大眾","Taiwan"
"1235.TW","興泰","興泰","Taiwan"
"9944.TW","新麗","新麗","Taiwan"
"5531.TW","鄉林建設","鄉林建設","Taiwan"
"1419.TW","新光紡織","新光紡織","Taiwan"
"1773.TW","勝一化工","勝一化工","Taiwan"
"2405.TW","浩鑫","浩鑫","Taiwan"
"6257.TW","矽格","矽格","Taiwan"
"2325.TW","矽品","矽品","Taiwan"
"3311.TW","閎暉","閎暉","Taiwan"
"912000.TW","晨訊科","晨訊科","Taiwan"
"3023.TW","信邦","信邦","Taiwan"
"2032.TW","新鋼工業","新鋼工業","Taiwan"
"2923.TW","F-鼎固","F-鼎固","Taiwan"
"1712.TW","興農","興農","Taiwan"
"006204.TW","豐臺灣","豐臺灣","Taiwan"
"2890.TW","永豐金控","永豐金控","Taiwan"
"2833.TW","台灣人壽","台灣人壽","Taiwan"
"9938.TW","百和","百和","Taiwan"
"9911.TW","台灣櫻花","台灣櫻花","Taiwan"
"9917.TW","中保","中保","Taiwan"
"2617.TW","台航","台航","Taiwan"
"1737.TW","臺鹽","臺鹽","Taiwan"
"1432.TW","大魯閣","大魯閣","Taiwan"
"2371.TW","大同","大同","Taiwan"
"2834.TW","台灣企銀","台灣企銀","Taiwan"
"2027.TW","大成鋼","大成鋼","Taiwan"
"2847.TW","大眾商銀","大眾商銀","Taiwan"
"8926.TW","台汽電","台汽電","Taiwan"
"1101.TW","臺灣水泥","臺灣水泥","Taiwan"
"2812.TW","台中商銀","台中商銀","Taiwan"
"5880.TW","合庫金控","合庫金控","Taiwan"
"2841.TW","台開","台開","Taiwan"
"2375.TW","智寶","智寶","Taiwan"
"1504.TW","東元電機","東元電機","Taiwan"
"2321.TW","東訊","東訊","Taiwan"
"1233.TW","天仁","天仁","Taiwan"
"2908.TW","特力","特力","Taiwan"
"1467.TW","南緯","南緯","Taiwan"
"2832.TW","台灣產物","台灣產物","Taiwan"
"6271.TW","同欣電子","同欣電子","Taiwan"
"9902.TW","台火開發","台火開發","Taiwan"
"910322.TW","康師傅","康師傅","Taiwan"
"2430.TW","燦坤","燦坤","Taiwan"
"2428.TW","興勤","興勤","Taiwan"
"2338.TW","光罩","光罩","Taiwan"
"9927.TW","泰銘","泰銘","Taiwan"
"0051.TW","中100","中100","Taiwan"
"3645.TW","達邁科技","達邁科技","Taiwan"
"9110.TW","越南控","越南控","Taiwan"
"2455.TW","全新","全新","Taiwan"
"6235.TW","華孚科技","華孚科技","Taiwan"
"3010.TW","華立","華立","Taiwan"
"1605.TW","華新麗華","華新麗華","Taiwan"
"8110.TW","華東科技","華東科技","Taiwan"
"2615.TW","萬海","萬海","Taiwan"
"2701.TW","萬企","萬企","Taiwan"
"9151.TW","旺旺","旺旺","Taiwan"
"2889.TW","國票金","國票金","Taiwan"
"2537.TW","聯上開發","聯上開發","Taiwan"
"2344.TW","華邦電","華邦電","Taiwan"
"2028.TW","威致","威致","Taiwan"
"1201.TW","味全食品","味全食品","Taiwan"
"3033.TW","威健","威健","Taiwan"
"3501.TW","維熹科技","維熹科技","Taiwan"
"3021.TW","衛展資訊","衛展資訊","Taiwan"
"2436.TW","偉詮電","偉詮電","Taiwan"
"3419.TW","譁裕","譁裕","Taiwan"
"3036.TW","文曄","文曄","Taiwan"
"2384.TW","勝華","勝華","Taiwan"
"2637.TW","F-慧洋","F-慧洋","Taiwan"
"008201.TW","上證50","上證50","Taiwan"
"1465.TW","偉全","偉全","Taiwan"
"3231.TW","緯創","緯創","Taiwan"
"6285.TW","啟碁","啟碁","Taiwan"
"2727.TW","王品","王品","Taiwan"
"3702.TW","大聯大","大聯大","Taiwan"
"2492.TW","華新科","華新科","Taiwan"
"2316.TW","楠梓電","楠梓電","Taiwan"
"1339.TW","昭輝","昭輝","Taiwan"
"3705.TW","永信","永信","Taiwan"
"1527.TW","鑽全","鑽全","Taiwan"
"2515.TW","中工","中工","Taiwan"
"8201.TW","無敵科技","無敵科技","Taiwan"
"3308.TW","聯德電子","聯德電子","Taiwan"
"911608.TW","明輝","明輝","Taiwan"
"3665.TW","F-貿聯","F-貿聯","Taiwan"
"3027.TW","盛達","盛達","Taiwan"
"6172.TW","互億","互億","Taiwan"
"4737.TW","華廣","華廣","Taiwan"
"2399.TW","映泰","映泰","Taiwan"
"8215.TW","明基材料","明基材料","Taiwan"
"5469.TW","瀚宇博德","瀚宇博德","Taiwan"
"3031.TW","佰鴻","佰鴻","Taiwan"
"2467.TW","志聖","志聖","Taiwan"
"1435.TW","中福國際","中福國際","Taiwan"
"2801.TW","彰銀","彰銀","Taiwan"
"2851.TW","中再保","中再保","Taiwan"
"2610.TW","華航","華航","Taiwan"
"4976.TW","佳凌科技","佳凌科技","Taiwan"
"6142.TW","友勁","友勁","Taiwan"
"6153.TW","嘉聯益","嘉聯益","Taiwan"
"1417.TW","嘉裕","嘉裕","Taiwan"
"3054.TW","萬國","萬國","Taiwan"
"5264.TW","F-鎧勝","F-鎧勝","Taiwan"
"2474.TW","可成","可成","Taiwan"
"1713.TW","國泰化工","國泰化工","Taiwan"
"2501.TW","國建","國建","Taiwan"
"2882.TW","國泰金","國泰金","Taiwan"
"2504.TW","國產","國產","Taiwan"
"2820.TW","華票","華票","Taiwan"
"9105.TW","泰金寶","泰金寶","Taiwan"
"8078.TW","華寶通訊","華寶通訊","Taiwan"
"9906.TW","興達","興達","Taiwan"
"2466.TW","冠西電","冠西電","Taiwan"
"6205.TW","詮欣","詮欣","Taiwan"
"3607.TW","谷崧精密","谷崧精密","Taiwan"
"1314.TW","中石化","中石化","Taiwan"
"1215.TW","卜蜂企業","卜蜂企業","Taiwan"
"2475.TW","華映","華映","Taiwan"
"2528.TW","皇普","皇普","Taiwan"
"1463.TW","強盛染整","強盛染整","Taiwan"
"2208.TW","台船公司","台船公司","Taiwan"
"6005.TW","群益證","群益證","Taiwan"
"1723.TW","中鋼碳素","中鋼碳素","Taiwan"
"8249.TW","菱光科技","菱光科技","Taiwan"
"2837.TW","萬泰銀行","萬泰銀行","Taiwan"
"2013.TW","中鋼構","中鋼構","Taiwan"
"2025.TW","千興","千興","Taiwan"
"2105.TW","正新橡膠","正新橡膠","Taiwan"
"3550.TW","聯穎","聯穎","Taiwan"
"9933.TW","中鼎","中鼎","Taiwan"
"9928.TW","中國電視","中國電視","Taiwan"
"2231.TW","為升","為升","Taiwan"
"8103.TW","瀚荃","瀚荃","Taiwan"
"1603.TW","中華電纜","中華電纜","Taiwan"
"2415.TW","錩新","錩新","Taiwan"
"5203.TW","訊連","訊連","Taiwan"
"3617.TW","碩天","碩天","Taiwan"
"3062.TW","建漢","建漢","Taiwan"
"2535.TW","達欣工","達欣工","Taiwan"
"6184.TW","大豐電","大豐電","Taiwan"
"1615.TW","大山電纜","大山電纜","Taiwan"
"1521.TW","大億","大億","Taiwan"
"3686.TW","達能科技","達能科技","Taiwan"
"2102.TW","泰豐輪胎","泰豐輪胎","Taiwan"
"2903.TW","遠東百貨","遠東百貨","Taiwan"
"2845.TW","遠東商銀","遠東商銀","Taiwan"
"1402.TW","遠東新","遠東新","Taiwan"
"2892.TW","第一金","第一金","Taiwan"
"2015.TW","豐興鋼鐵","豐興鋼鐵","Taiwan"
"006207.TW","FH滬深","FH滬深","Taiwan"
"3701.TW","大眾控","大眾控","Taiwan"
"2706.TW","第一店","第一店","Taiwan"
"2852.TW","第一保","第一保","Taiwan"
"2468.TW","華經","華經","Taiwan"
"6269.TW","台郡","台郡","Taiwan"
"6206.TW","飛捷","飛捷","Taiwan"
"1225.TW","福懋油脂","福懋油脂","Taiwan"
"3061.TW","璨圓","璨圓","Taiwan"
"6120.TW","輔祥","輔祥","Taiwan"
"1434.TW","福懋","福懋","Taiwan"
"2107.TW","厚生","厚生","Taiwan"
"5533.TW","皇鼎建設","皇鼎建設","Taiwan"
"2354.TW","鴻準","鴻準","Taiwan"
"2392.TW","正崴","正崴","Taiwan"
"1301.TW","台灣塑膠","台灣塑膠","Taiwan"
"6505.TW","台塑化","台塑化","Taiwan"
"4746.TW","台耀化學","台耀化學","Taiwan"
"2030.TW","彰源","彰源","Taiwan"
"2601.TW","益航","益航","Taiwan"
"3532.TW","台勝科","台勝科","Taiwan"
"9910.TW","豐泰企業","豐泰企業","Taiwan"
"6136.TW","富爾特","富爾特","Taiwan"
"2881.TW","富邦金","富邦金","Taiwan"
"0015.TW","富邦","富邦","Taiwan"
"006205.TW","富邦上証180","富邦上証180","Taiwan"
"2049.TW","上銀科技","上銀科技","Taiwan"
"2880.TW","華南金","華南金","Taiwan"
"1714.TW","和桐化學","和桐化學","Taiwan"
"1618.TW","合機電纜","合機電纜","Taiwan"
"9943.TW","好樂迪","好樂迪","Taiwan"
"6202.TW","盛群","盛群","Taiwan"
"3026.TW","禾伸堂","禾伸堂","Taiwan"
"9939.TW","宏全","宏全","Taiwan"
"2317.TW","鴻海","鴻海","Taiwan"
"1446.TW","宏和紡織","宏和紡織","Taiwan"
"1612.TW","宏泰電工","宏泰電工","Taiwan"
"1452.TW","宏益纖維","宏益纖維","Taiwan"
"1474.TW","弘裕","弘裕","Taiwan"
"1536.TW","和大","和大","Taiwan"
"2207.TW","和泰汽車","和泰汽車","Taiwan"
"2534.TW","宏盛","宏盛","Taiwan"
"0080.TW","恒中國","恒中國","Taiwan"
"0081.TW","恒香港","恒香港","Taiwan"
"9931.TW","欣高","欣高","Taiwan"
"2031.TW","新光鋼鐵","新光鋼鐵","Taiwan"
"1109.TW","信大水泥","信大水泥","Taiwan"
"2498.TW","宏達電","宏達電","Taiwan"
"911612.TW","滬安","滬安","Taiwan"
"2548.TW","華固","華固","Taiwan"
"2545.TW","皇翔","皇翔","Taiwan"
"2527.TW","宏璟","宏璟","Taiwan"
"2536.TW","宏普","宏普","Taiwan"
"1236.TW","宏亞食品","宏亞食品","Taiwan"
"2109.TW","華豐橡膠","華豐橡膠","Taiwan"
"2543.TW","皇昌","皇昌","Taiwan"
"2114.TW","鑫永銓","鑫永銓","Taiwan"
"2402.TW","毅嘉","毅嘉","Taiwan"
"3588.TW","通嘉","通嘉","Taiwan"
"2443.TW","新利虹","新利虹","Taiwan"
"3058.TW","立德","立德","Taiwan"
"2465.TW","麗臺","麗臺","Taiwan"
"1444.TW","力麗","力麗","Taiwan"
"6164.TW","華興電子","華興電子","Taiwan"
"1517.TW","利奇機械","利奇機械","Taiwan"
"2472.TW","立隆電","立隆電","Taiwan"
"2705.TW","六福","六福","Taiwan"
"2911.TW","麗嬰房","麗嬰房","Taiwan"
"3698.TW","隆達電子","隆達電子","Taiwan"
"1229.TW","聯華實業","聯華實業","Taiwan"
"4426.TW","利勤實業","利勤實業","Taiwan"
"1231.TW","聯華食品","聯華食品","Taiwan"
"2431.TW","聯昌","聯昌","Taiwan"
"1469.TW","理隆纖維","理隆纖維","Taiwan"
"1443.TW","立益紡織","立益紡織","Taiwan"
"2462.TW","良得電","良得電","Taiwan"
"8008.TW","建興電","建興電","Taiwan"
"3593.TW","力銘科技","力銘科技","Taiwan"
"2514.TW","龍邦國際","龍邦國際","Taiwan"
"3025.TW","星通","星通","Taiwan"
"3533.TW","嘉澤","嘉澤","Taiwan"
"1447.TW","力鵬","力鵬","Taiwan"
"2369.TW","菱生","菱生","Taiwan"
"5305.TW","敦南","敦南","Taiwan"
"2301.TW","光寶科","光寶科","Taiwan"
"1108.TW","幸福水泥","幸福水泥","Taiwan"
"6192.TW","巨路","巨路","Taiwan"
"2424.TW","隴華","隴華","Taiwan"
"1529.TW","樂士","樂士","Taiwan"
"2358.TW","美格","美格","Taiwan"
"2506.TW","太設","太設","Taiwan"
"3043.TW","科風","科風","Taiwan"
"0054.TW","台商50","台商50","Taiwan"
"2912.TW","統一超商","統一超商","Taiwan"
"1216.TW","統一企業","統一企業","Taiwan"
"4938.TW","和碩","和碩","Taiwan"
"2511.TW","太子","太子","Taiwan"
"2457.TW","飛宏","飛宏","Taiwan"
"5706.TW","鳳凰旅遊","鳳凰旅遊","Taiwan"
"4108.TW","懷特","懷特","Taiwan"
"1729.TW","必翔","必翔","Taiwan"
"6141.TW","柏承科技","柏承科技","Taiwan"
"006203.TW","寶來摩臺基金","寶來摩臺基金","Taiwan"
"2904.TW","匯僑","匯僑","Taiwan"
"8114.TW","振樺電子","振樺電子","Taiwan"
"9904.TW","寶成工業","寶成工業","Taiwan"
"3296.TW","勝德","勝德","Taiwan"
"6145.TW","勁永","勁永","Taiwan"
"3016.TW","嘉晶","嘉晶","Taiwan"
"4915.TW","致伸","致伸","Taiwan"
"6152.TW","百一","百一","Taiwan"
"6189.TW","豐藝","豐藝","Taiwan"
"3057.TW","喬鼎","喬鼎","Taiwan"
"2855.TW","統一證券","統一證券","Taiwan"
"3518.TW","柏騰","柏騰","Taiwan"
"0056.TW","高股息","高股息","Taiwan"
"0053.TW","寶電子","寶電子","Taiwan"
"0055.TW","寶金融","寶金融","Taiwan"
"6239.TW","力成","力成","Taiwan"
"0060.TW","新台灣","新台灣","Taiwan"
"6224.TW","聚鼎科技","聚鼎科技","Taiwan"
"0061.TW","寶滬深","寶滬深","Taiwan"
"1734.TW","杏輝藥品","杏輝藥品","Taiwan"
"3049.TW","和鑫","和鑫","Taiwan"
"9940.TW","信義","信義","Taiwan"
"2363.TW","矽統","矽統","Taiwan"
"8016.TW","矽創","矽創","Taiwan"
"2484.TW","希華","希華","Taiwan"
"2850.TW","新光產險","新光產險","Taiwan"
"2888.TW","新光金","新光金","Taiwan"
"9925.TW","新保","新保","Taiwan"
"1471.TW","首利","首利","Taiwan"
"2616.TW","山隆","山隆","Taiwan"
"910482.TW","聖馬丁","聖馬丁","Taiwan"
"2605.TW","新興","新興","Taiwan"
"6283.TW","淳安電子","淳安電子","Taiwan"
"9157.TW","陽光能","陽光能","Taiwan"
"2359.TW","所羅門","所羅門","Taiwan"
"5471.TW","松翰","松翰","Taiwan"
"2440.TW","太空梭","太空梭","Taiwan"
"2496.TW","卓越成功","卓越成功","Taiwan"
"3015.TW","全漢","全漢","Taiwan"
"3055.TW","蔚華科","蔚華科","Taiwan"
"1789.TW","台灣神隆","台灣神隆","Taiwan"
"1409.TW","新光合纖","新光合纖","Taiwan"
"2062.TW","橋椿金屬","橋椿金屬","Taiwan"
"4930.TW","燦星網","燦星網","Taiwan"
"2480.TW","敦陽科","敦陽科","Taiwan"
"3536.TW","誠創科技","誠創科技","Taiwan"
"1475.TW","本盟光電","本盟光電","Taiwan"
"1316.TW","上曜","上曜","Taiwan"
"1721.TW","三晃","三晃","Taiwan"
"2421.TW","建準","建準","Taiwan"
"2401.TW","凌陽","凌陽","Taiwan"
"6702.TW","復興航空","復興航空","Taiwan"
"9907.TW","統一實業","統一實業","Taiwan"
"1418.TW","東華合纖","東華合纖","Taiwan"
"2910.TW","統領百貨","統領百貨","Taiwan"
"5434.TW","崇越","崇越","Taiwan"
"8021.TW","尖點","尖點","Taiwan"
"4526.TW","東台","東台","Taiwan"
"4725.TW","信昌化工","信昌化工","Taiwan"
"3673.TW","F-TPK","F-TPK","Taiwan"
"1902.TW","台灣紙業","台灣紙業","Taiwan"
"8213.TW","志超","志超","Taiwan"
"6183.TW","關貿網路","關貿網路","Taiwan"
"2451.TW","創見","創見","Taiwan"
"3030.TW","德律","德律","Taiwan"
"1472.TW","三洋紡織","三洋紡織","Taiwan"
"3044.TW","健鼎","健鼎","Taiwan"
"2887.TW","台新金","台新金","Taiwan"
"2611.TW","志信","志信","Taiwan"
"2330.TW","台積電","台積電","Taiwan"
"6278.TW","台表科","台表科","Taiwan"
"2103.TW","台橡","台橡","Taiwan"
"8033.TW","雷虎","雷虎","Taiwan"
"1309.TW","台達化","台達化","Taiwan"
"2913.TW","臺灣農林","臺灣農林","Taiwan"
"8011.TW","台通光電","台通光電","Taiwan"
"1232.TW","大統益","大統益","Taiwan"
"1454.TW","臺灣富綢","臺灣富綢","Taiwan"
"0050.TW","台灣50","台灣50","Taiwan"
"1110.TW","東南水泥","東南水泥","Taiwan"
"1414.TW","東和紡織","東和紡織","Taiwan"
"2006.TW","東和鋼鐵","東和鋼鐵","Taiwan"
"3018.TW","同開","同開","Taiwan"
"2327.TW","國巨","國巨","Taiwan"
"6201.TW","亞弘電","亞弘電","Taiwan"
"911609.TW","揚子江","揚子江","Taiwan"
"2034.TW","允強","允強","Taiwan"
"1726.TW","永記造漆","永記造漆","Taiwan"
"4306.TW","炎洲","炎洲","Taiwan"
"3622.TW","洋華","洋華","Taiwan"
"1907.TW","永豐餘","永豐餘","Taiwan"
"1589.TW","F-永冠","F-永冠","Taiwan"
"2007.TW","燁興","燁興","Taiwan"
"1457.TW","宜進","宜進","Taiwan"
"1725.TW","元禎","元禎","Taiwan"
"2609.TW","陽明","陽明","Taiwan"
"2227.TW","裕日車","裕日車","Taiwan"
"6131.TW","悠克","悠克","Taiwan"
"1323.TW","永裕","永裕","Taiwan"
"9188.TW","精熙","精熙","Taiwan"
"3504.TW","揚明光","揚明光","Taiwan"
"2023.TW","燁輝","燁輝","Taiwan"
"006206.TW","元上證","元上證","Taiwan"
"1438.TW","裕豐","裕豐","Taiwan"
"2885.TW","元大金","元大金","Taiwan"
"2201.TW","裕隆汽車","裕隆汽車","Taiwan"
"1507.TW","永大機電","永大機電","Taiwan"
"4958.TW","F-臻鼎","F-臻鼎","Taiwan"
"3028.TW","增你強","增你強","Taiwan"
"3029.TW","零壹","零壹","Taiwan"
"1455.TW","集盛","集盛","Taiwan"
"2485.TW","兆赫","兆赫","Taiwan"
"2420.TW","新巨","新巨","Taiwan"
"910948.TW","Z-OBEE","Z-OBEE","Taiwan"
"3056.TW","總太地產","總太地產","Taiwan"
"1558.TW","伸興","伸興","Taiwan"
"3416.TW","融程電","融程電","Taiwan"
"6177.TW","達麗","達麗","Taiwan"
"2739.TW","寒舍","寒舍","Taiwan"
"8341.TW","日友","日友","Taiwan"
"3545.TW","敦泰","敦泰","Taiwan"
"6414.TW","樺漢","樺漢","Taiwan"
"8464.TW","億豐","億豐","Taiwan"
"9946.TW","三發地產","三發地產","Taiwan"
"4927.TW","泰鼎","泰鼎","Taiwan"
"1256.TW","鮮活果汁-KY","鮮活果汁-KY","Taiwan"
"4967.TW","十銓","十銓","Taiwan"
"1258.TWO","F-其祥","F-其祥","Taiwan"
"1259.TWO","安心","安心","Taiwan"
"1264.TWO","德麥","德麥","Taiwan"
"1333.TWO","恩得利","恩得利","Taiwan"
"1336.TWO","台翰","台翰","Taiwan"
"1565.TWO","精華光","精華光","Taiwan"
"1566.TWO","捷邦","捷邦","Taiwan"
"1569.TWO","濱川","濱川","Taiwan"
"1570.TWO","力肯","力肯","Taiwan"
"1580.TWO","新麥","新麥","Taiwan"
"1584.TWO","精剛","精剛","Taiwan"
"1586.TWO","和勤","和勤","Taiwan"
"1591.TWO","駿吉","駿吉","Taiwan"
"1593.TWO","祺驊","祺驊","Taiwan"
"1595.TWO","川寶","川寶","Taiwan"
"1597.TWO","直得","直得","Taiwan"
"1599.TWO","宏佳騰","宏佳騰","Taiwan"
"1742.TWO","台蠟","台蠟","Taiwan"
"1752.TWO","南光","南光","Taiwan"
"1777.TWO","生泰","生泰","Taiwan"
"1781.TWO","合世","合世","Taiwan"
"1784.TWO","訊聯","訊聯","Taiwan"
"1785.TWO","光洋料","光洋料","Taiwan"
"1787.TWO","福盈科","福盈科","Taiwan"
"1788.TWO","杏昌","杏昌","Taiwan"
"1795.TWO","美時","美時","Taiwan"
"1799.TWO","紅電醫","紅電醫","Taiwan"
"1813.TWO","寶利徠","寶利徠","Taiwan"
"1815.TWO","富喬","富喬","Taiwan"
"2035.TWO","唐榮","唐榮","Taiwan"
"2061.TWO","風青","風青","Taiwan"
"2063.TWO","世鎧","世鎧","Taiwan"
"2221.TWO","大甲","大甲","Taiwan"
"2230.TWO","泰茂","泰茂","Taiwan"
"2233.TWO","宇隆","宇隆","Taiwan"
"2596.TWO","綠意","綠意","Taiwan"
"2636.TWO","台驊","台驊","Taiwan"
"2640.TWO","大車隊","大車隊","Taiwan"
"2643.TWO","捷迅","捷迅","Taiwan"
"2718.TWO","桃園店","桃園店","Taiwan"
"2719.TWO","燦星旅","燦星旅","Taiwan"
"2724.TWO","F-富驛","F-富驛","Taiwan"
"2729.TWO","瓦城","瓦城","Taiwan"
"2916.TWO","滿心","滿心","Taiwan"
"2924.TWO","F-東凌","F-東凌","Taiwan"
"2926.TWO","誠品生","誠品生","Taiwan"
"3064.TWO","泰偉","泰偉","Taiwan"
"3066.TWO","李洲","李洲","Taiwan"
"3067.TWO","全域","全域","Taiwan"
"3068.TWO","美磊","美磊","Taiwan"
"3071.TWO","協禧","協禧","Taiwan"
"3073.TWO","普格","普格","Taiwan"
"3078.TWO","僑威","僑威","Taiwan"
"3083.TWO","網龍","網龍","Taiwan"
"3085.TWO","久大","久大","Taiwan"
"3086.TWO","華義","華義","Taiwan"
"3088.TWO","艾訊","艾訊","Taiwan"
"3089.TWO","展成","展成","Taiwan"
"3092.TWO","鴻碩","鴻碩","Taiwan"
"3093.TWO","港建","港建","Taiwan"
"3095.TWO","及成","及成","Taiwan"
"3105.TWO","穩懋","穩懋","Taiwan"
"3114.TWO","好德","好德","Taiwan"
"3115.TWO","寶島極","寶島極","Taiwan"
"3118.TWO","進階","進階","Taiwan"
"3126.TWO","信億","信億","Taiwan"
"3128.TWO","昇銳","昇銳","Taiwan"
"3131.TWO","弘塑","弘塑","Taiwan"
"3144.TWO","新揚","新揚","Taiwan"
"3152.TWO","璟德","璟德","Taiwan"
"3162.TWO","精確","精確","Taiwan"
"3163.TWO","波若威","波若威","Taiwan"
"3169.TWO","亞信","亞信","Taiwan"
"3171.TWO","新洲","新洲","Taiwan"
"3176.TWO","基亞","基亞","Taiwan"
"3188.TWO","安茂","安茂","Taiwan"
"3191.TWO","和進","和進","Taiwan"
"3202.TWO","樺晟","樺晟","Taiwan"
"3205.TWO","佰研","佰研","Taiwan"
"3206.TWO","志豐","志豐","Taiwan"
"3207.TWO","耀勝","耀勝","Taiwan"
"3211.TWO","順達","順達","Taiwan"
"3213.TWO","茂訊","茂訊","Taiwan"
"3217.TWO","優群","優群","Taiwan"
"3218.TWO","大學光","大學光","Taiwan"
"3219.TWO","倚強","倚強","Taiwan"
"3221.TWO","嘉碩","嘉碩","Taiwan"
"3224.TWO","三顧","三顧","Taiwan"
"3226.TWO","至寶","至寶","Taiwan"
"3227.TWO","原相","原相","Taiwan"
"3228.TWO","金麗","金麗","Taiwan"
"3230.TWO","錦明","錦明","Taiwan"
"3232.TWO","昱捷","昱捷","Taiwan"
"3234.TWO","光環","光環","Taiwan"
"3236.TWO","千如","千如","Taiwan"
"3252.TWO","海灣","海灣","Taiwan"
"3259.TWO","鑫創","鑫創","Taiwan"
"3260.TWO","威剛","威剛","Taiwan"
"3264.TWO","欣銓","欣銓","Taiwan"
"3265.TWO","台星科","台星科","Taiwan"
"3266.TWO","昇陽","昇陽","Taiwan"
"3268.TWO","海德威","海德威","Taiwan"
"3276.TWO","宇環","宇環","Taiwan"
"3284.TWO","太普高","太普高","Taiwan"
"3285.TWO","微端","微端","Taiwan"
"3287.TWO","廣寰","廣寰","Taiwan"
"3288.TWO","點晶","點晶","Taiwan"
"3289.TWO","宜特","宜特","Taiwan"
"3290.TWO","東浦","東浦","Taiwan"
"3291.TWO","遠翔","遠翔","Taiwan"
"3293.TWO","鈊象","鈊象","Taiwan"
"3294.TWO","英濟","英濟","Taiwan"
"3297.TWO","杭特","杭特","Taiwan"
"3299.TWO","帛漢","帛漢","Taiwan"
"3303.TWO","岱稜","岱稜","Taiwan"
"3306.TWO","鼎天","鼎天","Taiwan"
"3310.TWO","佳穎","佳穎","Taiwan"
"3313.TWO","斐成","斐成","Taiwan"
"3317.TWO","尼克森","尼克森","Taiwan"
"3322.TWO","建舜電","建舜電","Taiwan"
"3323.TWO","加百裕","加百裕","Taiwan"
"3324.TWO","雙鴻","雙鴻","Taiwan"
"3325.TWO","旭品","旭品","Taiwan"
"3332.TWO","幸康","幸康","Taiwan"
"3339.TWO","泰谷","泰谷","Taiwan"
"3354.TWO","律勝","律勝","Taiwan"
"3360.TWO","尚立","尚立","Taiwan"
"3362.TWO","先進","先進","Taiwan"
"3363.TWO","上詮","上詮","Taiwan"
"3372.TWO","典範","典範","Taiwan"
"3373.TWO","熱映","熱映","Taiwan"
"3379.TWO","彬台","彬台","Taiwan"
"3388.TWO","崇越電","崇越電","Taiwan"
"3390.TWO","旭軟","旭軟","Taiwan"
"3402.TWO","漢科","漢科","Taiwan"
"3416.TWO","融程電","融程電","Taiwan"
"3428.TWO","光燿","光燿","Taiwan"
"3431.TWO","長天","長天","Taiwan"
"3434.TWO","哲固","哲固","Taiwan"
"3438.TWO","類比","類比","Taiwan"
"3441.TWO","聯一光","聯一光","Taiwan"
"3444.TWO","利機","利機","Taiwan"
"3452.TWO","益通","益通","Taiwan"
"3455.TWO","由田","由田","Taiwan"
"3465.TWO","祥業","祥業","Taiwan"
"3466.TWO","致振","致振","Taiwan"
"3479.TWO","安勤","安勤","Taiwan"
"3483.TWO","力致","力致","Taiwan"
"3484.TWO","崧騰","崧騰","Taiwan"
"3489.TWO","森寶","森寶","Taiwan"
"3490.TWO","單井","單井","Taiwan"
"3491.TWO","昇達","昇達","Taiwan"
"3498.TWO","陽程","陽程","Taiwan"
"3499.TWO","環天科","環天科","Taiwan"
"3508.TWO","位速","位速","Taiwan"
"3511.TWO","矽瑪","矽瑪","Taiwan"
"3512.TWO","能緹","能緹","Taiwan"
"3516.TWO","亞帝歐","亞帝歐","Taiwan"
"3520.TWO","振維","振維","Taiwan"
"3521.TWO","鴻翊","鴻翊","Taiwan"
"3522.TWO","宏森","宏森","Taiwan"
"3523.TWO","迎輝","迎輝","Taiwan"
"3526.TWO","凡甲","凡甲","Taiwan"
"3527.TWO","聚積","聚積","Taiwan"
"3528.TWO","安馳","安馳","Taiwan"
"3529.TWO","力旺","力旺","Taiwan"
"3531.TWO","先益","先益","Taiwan"
"3537.TWO","堡達","堡達","Taiwan"
"3540.TWO","曜越","曜越","Taiwan"
"3541.TWO","西柏","西柏","Taiwan"
"3546.TWO","宇峻","宇峻","Taiwan"
"3548.TWO","兆利","兆利","Taiwan"
"3551.TWO","世禾","世禾","Taiwan"
"3552.TWO","同致","同致","Taiwan"
"3553.TWO","力積","力積","Taiwan"
"3555.TWO","擎泰","擎泰","Taiwan"
"3556.TWO","禾瑞亞","禾瑞亞","Taiwan"
"3562.TWO","頂晶","頂晶","Taiwan"
"3563.TWO","牧德","牧德","Taiwan"
"3567.TWO","逸昌","逸昌","Taiwan"
"3570.TWO","大塚","大塚","Taiwan"
"3577.TWO","泓格","泓格","Taiwan"
"3580.TWO","友威","友威","Taiwan"
"3582.TWO","凌耀","凌耀","Taiwan"
"3587.TWO","閎康","閎康","Taiwan"
"3594.TWO","磐儀","磐儀","Taiwan"
"3609.TWO","東林","東林","Taiwan"
"3611.TWO","鼎翰","鼎翰","Taiwan"
"3615.TWO","安可","安可","Taiwan"
"3623.TWO","富晶通","富晶通","Taiwan"
"3624.TWO","光頡","光頡","Taiwan"
"3625.TWO","西勝","西勝","Taiwan"
"3628.TWO","盈正","盈正","Taiwan"
"3629.TWO","卓韋","卓韋","Taiwan"
"3630.TWO","新鉅","新鉅","Taiwan"
"3631.TWO","晟楠","晟楠","Taiwan"
"3632.TWO","研勤","研勤","Taiwan"
"3642.TWO","駿熠","駿熠","Taiwan"
"3646.TWO","艾恩特","艾恩特","Taiwan"
"3652.TWO","精聯","精聯","Taiwan"
"3658.TWO","漢微科","漢微科","Taiwan"
"3662.TWO","樂陞","樂陞","Taiwan"
"3663.TWO","鑫科","鑫科","Taiwan"
"3664.TWO","安瑞","安瑞","Taiwan"
"3675.TWO","德微","德微","Taiwan"
"3680.TWO","家登","家登","Taiwan"
"3685.TWO","政翔","政翔","Taiwan"
"3687.TWO","歐買尬","歐買尬","Taiwan"
"3689.TWO","湧德","湧德","Taiwan"
"3691.TWO","碩禾","碩禾","Taiwan"
"4102.TWO","永日","永日","Taiwan"
"4103.TWO","百略","百略","Taiwan"
"4105.TWO","東洋","東洋","Taiwan"
"4107.TWO","邦特","邦特","Taiwan"
"4109.TWO","加捷","加捷","Taiwan"
"4111.TWO","濟生","濟生","Taiwan"
"4113.TWO","聯上","聯上","Taiwan"
"4114.TWO","健喬","健喬","Taiwan"
"4120.TWO","友華","友華","Taiwan"
"4121.TWO","優盛","優盛","Taiwan"
"4123.TWO","晟德","晟德","Taiwan"
"4126.TWO","太醫","太醫","Taiwan"
"4127.TWO","天良","天良","Taiwan"
"4128.TWO","中天","中天","Taiwan"
"4129.TWO","聯合","聯合","Taiwan"
"4130.TWO","健亞","健亞","Taiwan"
"4131.TWO","晶宇","晶宇","Taiwan"
"4138.TWO","曜亞","曜亞","Taiwan"
"4139.TWO","F-馬光","F-馬光","Taiwan"
"4152.TWO","台微體","台微體","Taiwan"
"4153.TWO","鈺緯","鈺緯","Taiwan"
"4154.TWO","F-康樂","F-康樂","Taiwan"
"4160.TWO","創源","創源","Taiwan"
"4161.TWO","聿新","聿新","Taiwan"
"4162.TWO","智擎","智擎","Taiwan"
"4163.TWO","鐿鈦","鐿鈦","Taiwan"
"4168.TWO","醣聯","醣聯","Taiwan"
"4205.TWO","恆毅","恆毅","Taiwan"
"4207.TWO","環泰","環泰","Taiwan"
"4303.TWO","信立化","信立化","Taiwan"
"4304.TWO","勝昱","勝昱","Taiwan"
"4305.TWO","世坤","世坤","Taiwan"
"4401.TWO","東隆","東隆","Taiwan"
"4402.TWO","福大","福大","Taiwan"
"4406.TWO","新昕","新昕","Taiwan"
"4413.TWO","飛寶","飛寶","Taiwan"
"4415.TWO","美嘉電","美嘉電","Taiwan"
"4416.TWO","三圓","三圓","Taiwan"
"4417.TWO","金洲","金洲","Taiwan"
"4419.TWO","松懋","松懋","Taiwan"
"4420.TWO","光明","光明","Taiwan"
"4429.TWO","聚紡","聚紡","Taiwan"
"4430.TWO","耀億","耀億","Taiwan"
"4432.TWO","銘旺","銘旺","Taiwan"
"4502.TWO","源恆","源恆","Taiwan"
"4503.TWO","金雨","金雨","Taiwan"
"4506.TWO","崇友","崇友","Taiwan"
"4510.TWO","高鋒","高鋒","Taiwan"
"4513.TWO","福裕","福裕","Taiwan"
"4523.TWO","永彰","永彰","Taiwan"
"4527.TWO","方土霖","方土霖","Taiwan"
"4528.TWO","江興","江興","Taiwan"
"4529.TWO","雷風","雷風","Taiwan"
"4530.TWO","宏易","宏易","Taiwan"
"4533.TWO","協易","協易","Taiwan"
"4534.TWO","慶騰","慶騰","Taiwan"
"4535.TWO","至興","至興","Taiwan"
"4752.TWO","聯超","聯超","Taiwan"
"4609.TWO","唐鋒","唐鋒","Taiwan"
"4702.TWO","中美實","中美實","Taiwan"
"4703.TWO","揚華","揚華","Taiwan"
"4706.TWO","大恭","大恭","Taiwan"
"4707.TWO","磐亞","磐亞","Taiwan"
"4711.TWO","永純","永純","Taiwan"
"4712.TWO","南璋","南璋","Taiwan"
"4714.TWO","永捷","永捷","Taiwan"
"4716.TWO","大立","大立","Taiwan"
"4720.TWO","德淵","德淵","Taiwan"
"4721.TWO","美琪瑪","美琪瑪","Taiwan"
"4728.TWO","雙美","雙美","Taiwan"
"4729.TWO","熒茂","熒茂","Taiwan"
"4735.TWO","豪展","豪展","Taiwan"
"4736.TWO","泰博","泰博","Taiwan"
"4739.TWO","康普","康普","Taiwan"
"4743.TWO","合一","合一","Taiwan"
"4745.TWO","F-合富","F-合富","Taiwan"
"4903.TWO","聯光通","聯光通","Taiwan"
"4905.TWO","台聯電","台聯電","Taiwan"
"4907.TWO","春雨","春雨","Taiwan"
"4908.TWO","前鼎","前鼎","Taiwan"
"4909.TWO","新復興","新復興","Taiwan"
"4911.TWO","德英","德英","Taiwan"
"4912.TWO","F-聯德","F-聯德","Taiwan"
"4924.TWO","欣厚","欣厚","Taiwan"
"4931.TWO","新盛力","新盛力","Taiwan"
"4933.TWO","友輝","友輝","Taiwan"
"4939.TWO","亞電","亞電","Taiwan"
"4944.TWO","兆遠","兆遠","Taiwan"
"4946.TWO","辣椒","辣椒","Taiwan"
"4947.TWO","昂寶","昂寶","Taiwan"
"4950.TWO","牧東","牧東","Taiwan"
"4965.TWO","商店街","商店街","Taiwan"
"4966.TWO","譜瑞","譜瑞","Taiwan"
"4972.TWO","湯石","湯石","Taiwan"
"4973.TWO","廣穎","廣穎","Taiwan"
"4974.TWO","亞泰","亞泰","Taiwan"
"4979.TWO","華星光","華星光","Taiwan"
"4987.TWO","科誠","科誠","Taiwan"
"4994.TWO","傳奇","傳奇","Taiwan"
"4995.TWO","晶達","晶達","Taiwan"
"5009.TWO","榮剛","榮剛","Taiwan"
"5011.TWO","久陽","久陽","Taiwan"
"5013.TWO","強新","強新","Taiwan"
"5014.TWO","建錩","建錩","Taiwan"
"5015.TWO","華祺","華祺","Taiwan"
"5016.TWO","松和","松和","Taiwan"
"5102.TWO","富強","富強","Taiwan"
"5201.TWO","凱衛","凱衛","Taiwan"
"5202.TWO","力新","力新","Taiwan"
"5205.TWO","漢康","漢康","Taiwan"
"5206.TWO","坤悅","坤悅","Taiwan"
"5209.TWO","新鼎","新鼎","Taiwan"
"5210.TWO","寶碩","寶碩","Taiwan"
"5211.TWO","蒙恬","蒙恬","Taiwan"
"5212.TWO","凌網","凌網","Taiwan"
"5213.TWO","亞昕","亞昕","Taiwan"
"5230.TWO","雷笛克","雷笛克","Taiwan"
"5251.TWO","天鉞","天鉞","Taiwan"
"5263.TWO","智崴","智崴","Taiwan"
"5272.TWO","笙科","笙科","Taiwan"
"5274.TWO","信驊","信驊","Taiwan"
"5278.TWO","尚凡","尚凡","Taiwan"
"5301.TWO","寶得利","寶得利","Taiwan"
"5302.TWO","太欣","太欣","Taiwan"
"5304.TWO","鼎創達","鼎創達","Taiwan"
"5306.TWO","桂盟","桂盟","Taiwan"
"5309.TWO","系統","系統","Taiwan"
"5310.TWO","天剛","天剛","Taiwan"
"5312.TWO","寶島光","寶島光","Taiwan"
"5314.TWO","世紀","世紀","Taiwan"
"5315.TWO","光聯","光聯","Taiwan"
"5317.TWO","凱美","凱美","Taiwan"
"5321.TWO","友銓","友銓","Taiwan"
"5324.TWO","士林","士林","Taiwan"
"5326.TWO","漢磊","漢磊","Taiwan"
"5328.TWO","華容","華容","Taiwan"
"5340.TWO","建榮","建榮","Taiwan"
"5344.TWO","立衛","立衛","Taiwan"
"5345.TWO","天揚","天揚","Taiwan"
"5347.TWO","世界先進","世界先進","Taiwan"
"5348.TWO","系通","系通","Taiwan"
"5349.TWO","先豐","先豐","Taiwan"
"5351.TWO","鈺創","鈺創","Taiwan"
"5353.TWO","台林","台林","Taiwan"
"5355.TWO","佳總","佳總","Taiwan"
"5356.TWO","協益","協益","Taiwan"
"5364.TWO","易福","易福","Taiwan"
"5371.TWO","中強","中強","Taiwan"
"5381.TWO","合正","合正","Taiwan"
"5383.TWO","金利","金利","Taiwan"
"5384.TWO","捷元","捷元","Taiwan"
"5386.TWO","青雲","青雲","Taiwan"
"5392.TWO","應華","應華","Taiwan"
"5395.TWO","圓方","圓方","Taiwan"
"5398.TWO","力瑋","力瑋","Taiwan"
"5403.TWO","中菲","中菲","Taiwan"
"5410.TWO","國眾","國眾","Taiwan"
"5425.TWO","台半","台半","Taiwan"
"5426.TWO","振發","振發","Taiwan"
"5432.TWO","達威","達威","Taiwan"
"5438.TWO","東友","東友","Taiwan"
"5439.TWO","高技","高技","Taiwan"
"5443.TWO","均豪","均豪","Taiwan"
"5450.TWO","寶聯通","寶聯通","Taiwan"
"5452.TWO","佶優","佶優","Taiwan"
"5455.TWO","訊利電","訊利電","Taiwan"
"5457.TWO","宣德","宣德","Taiwan"
"5460.TWO","同協","同協","Taiwan"
"5464.TWO","霖宏","霖宏","Taiwan"
"5465.TWO","富驊","富驊","Taiwan"
"5466.TWO","泰林","泰林","Taiwan"
"5467.TWO","聯福生","聯福生","Taiwan"
"5468.TWO","凱鈺","凱鈺","Taiwan"
"5474.TWO","聰泰","聰泰","Taiwan"
"5475.TWO","德宏","德宏","Taiwan"
"5478.TWO","智冠","智冠","Taiwan"
"5480.TWO","統盟","統盟","Taiwan"
"5481.TWO","華韡","華韡","Taiwan"
"5483.TWO","中美晶","中美晶","Taiwan"
"5487.TWO","通泰","通泰","Taiwan"
"5488.TWO","松普","松普","Taiwan"
"5489.TWO","彩富","彩富","Taiwan"
"5490.TWO","同亨","同亨","Taiwan"
"5491.TWO","連展","連展","Taiwan"
"5493.TWO","三聯","三聯","Taiwan"
"5498.TWO","凱崴","凱崴","Taiwan"
"5505.TWO","和旺","和旺","Taiwan"
"5506.TWO","長鴻","長鴻","Taiwan"
"5508.TWO","永信","永信","Taiwan"
"5511.TWO","德昌","德昌","Taiwan"
"5512.TWO","力麒","力麒","Taiwan"
"5514.TWO","三豐","三豐","Taiwan"
"5516.TWO","雙喜","雙喜","Taiwan"
"5519.TWO","隆大","隆大","Taiwan"
"5520.TWO","力泰","力泰","Taiwan"
"5523.TWO","宏都","宏都","Taiwan"
"5529.TWO","志嘉","志嘉","Taiwan"
"5530.TWO","龍巖","龍巖","Taiwan"
"5536.TWO","聖暉","聖暉","Taiwan"
"5601.TWO","臺聯","臺聯","Taiwan"
"5603.TWO","陸海","陸海","Taiwan"
"5604.TWO","中連貨","中連貨","Taiwan"
"5609.TWO","中菲行","中菲行","Taiwan"
"5701.TWO","劍湖山","劍湖山","Taiwan"
"5703.TWO","亞都","亞都","Taiwan"
"5704.TWO","老爺知","老爺知","Taiwan"
"5820.TWO","日盛金","日盛金","Taiwan"
"5902.TWO","德記","德記","Taiwan"
"5903.TWO","全家","全家","Taiwan"
"5904.TWO","寶雅","寶雅","Taiwan"
"5905.TWO","南仁湖","南仁湖","Taiwan"
"6015.TWO","宏遠證","宏遠證","Taiwan"
"6016.TWO","康和證","康和證","Taiwan"
"6020.TWO","大展證","大展證","Taiwan"
"6021.TWO","大慶證","大慶證","Taiwan"
"6022.TWO","大眾證","大眾證","Taiwan"
"6023.TWO","元大期","元大期","Taiwan"
"6101.TWO","弘捷","弘捷","Taiwan"
"6103.TWO","合邦","合邦","Taiwan"
"6104.TWO","創惟","創惟","Taiwan"
"6105.TWO","瑞傳","瑞傳","Taiwan"
"6107.TWO","華美","華美","Taiwan"
"6109.TWO","亞元","亞元","Taiwan"
"6111.TWO","大宇","大宇","Taiwan"
"6113.TWO","亞矽","亞矽","Taiwan"
"6114.TWO","翔昇","翔昇","Taiwan"
"6118.TWO","建達","建達","Taiwan"
"6121.TWO","新普","新普","Taiwan"
"6122.TWO","擎邦","擎邦","Taiwan"
"6123.TWO","上奇","上奇","Taiwan"
"6124.TWO","業強","業強","Taiwan"
"6125.TWO","廣運","廣運","Taiwan"
"6126.TWO","信音","信音","Taiwan"
"6127.TWO","九豪","九豪","Taiwan"
"6129.TWO","普誠","普誠","Taiwan"
"6130.TWO","基因","基因","Taiwan"
"6134.TWO","萬旭","萬旭","Taiwan"
"6135.TWO","佳營","佳營","Taiwan"
"6138.TWO","茂達","茂達","Taiwan"
"6140.TWO","訊達","訊達","Taiwan"
"6143.TWO","振曜","振曜","Taiwan"
"6144.TWO","得利影","得利影","Taiwan"
"6146.TWO","耕興","耕興","Taiwan"
"6147.TWO","頎邦","頎邦","Taiwan"
"6148.TWO","驊宏資","驊宏資","Taiwan"
"6150.TWO","撼訊","撼訊","Taiwan"
"6151.TWO","晉倫","晉倫","Taiwan"
"6154.TWO","順發","順發","Taiwan"
"6156.TWO","松上","松上","Taiwan"
"6158.TWO","禾昌","禾昌","Taiwan"
"6160.TWO","欣技","欣技","Taiwan"
"6161.TWO","捷波","捷波","Taiwan"
"6163.TWO","華電網","華電網","Taiwan"
"6167.TWO","久正","久正","Taiwan"
"6169.TWO","昱泉","昱泉","Taiwan"
"6170.TWO","統振","統振","Taiwan"
"6171.TWO","亞銳士","亞銳士","Taiwan"
"6173.TWO","信昌電","信昌電","Taiwan"
"6174.TWO","安碁","安碁","Taiwan"
"6175.TWO","立敦","立敦","Taiwan"
"6179.TWO","世仰","世仰","Taiwan"
"6180.TWO","橘子","橘子","Taiwan"
"6182.TWO","合晶","合晶","Taiwan"
"6185.TWO","幃翔","幃翔","Taiwan"
"6186.TWO","新潤","新潤","Taiwan"
"6187.TWO","萬潤","萬潤","Taiwan"
"6188.TWO","廣明","廣明","Taiwan"
"6190.TWO","萬泰","萬泰","Taiwan"
"6194.TWO","育富","育富","Taiwan"
"6195.TWO","詩肯","詩肯","Taiwan"
"6198.TWO","凌泰","凌泰","Taiwan"
"6199.TWO","精威","精威","Taiwan"
"6203.TWO","海韻","海韻","Taiwan"
"6204.TWO","艾華","艾華","Taiwan"
"6207.TWO","雷科","雷科","Taiwan"
"6208.TWO","日揚","日揚","Taiwan"
"6210.TWO","慶生","慶生","Taiwan"
"6211.TWO","福登","福登","Taiwan"
"6212.TWO","理銘","理銘","Taiwan"
"6217.TWO","中探針","中探針","Taiwan"
"6218.TWO","豪勉","豪勉","Taiwan"
"6219.TWO","富旺","富旺","Taiwan"
"6220.TWO","岳豐","岳豐","Taiwan"
"6221.TWO","晉泰","晉泰","Taiwan"
"6222.TWO","上揚","上揚","Taiwan"
"6223.TWO","旺矽","旺矽","Taiwan"
"6227.TWO","茂綸","茂綸","Taiwan"
"6228.TWO","全譜","全譜","Taiwan"
"6229.TWO","研通","研通","Taiwan"
"6231.TWO","系微","系微","Taiwan"
"6233.TWO","旺玖","旺玖","Taiwan"
"6234.TWO","高僑","高僑","Taiwan"
"6236.TWO","凌越","凌越","Taiwan"
"6237.TWO","驊訊","驊訊","Taiwan"
"6238.TWO","勝麗","勝麗","Taiwan"
"6240.TWO","松崗","松崗","Taiwan"
"6241.TWO","易通展","易通展","Taiwan"
"6242.TWO","亨豐","亨豐","Taiwan"
"6244.TWO","茂迪","茂迪","Taiwan"
"6245.TWO","立端","立端","Taiwan"
"6246.TWO","臺龍","臺龍","Taiwan"
"6247.TWO","淇譽","淇譽","Taiwan"
"6248.TWO","沛波","沛波","Taiwan"
"6250.TWO","宇加","宇加","Taiwan"
"6259.TWO","百徽","百徽","Taiwan"
"6261.TWO","久元","久元","Taiwan"
"6263.TWO","普萊德","普萊德","Taiwan"
"6264.TWO","德士通","德士通","Taiwan"
"6265.TWO","方土昶","方土昶","Taiwan"
"6266.TWO","泰詠","泰詠","Taiwan"
"6270.TWO","倍微","倍微","Taiwan"
"6274.TWO","台燿","台燿","Taiwan"
"6275.TWO","元山","元山","Taiwan"
"6276.TWO","安鈦克","安鈦克","Taiwan"
"6279.TWO","胡連","胡連","Taiwan"
"6284.TWO","佳邦","佳邦","Taiwan"
"6287.TWO","元隆","元隆","Taiwan"
"6290.TWO","良維","良維","Taiwan"
"6291.TWO","沛亨","沛亨","Taiwan"
"6292.TWO","迅德","迅德","Taiwan"
"6294.TWO","智基","智基","Taiwan"
"6298.TWO","崴強","崴強","Taiwan"
"6506.TWO","雙邦","雙邦","Taiwan"
"6508.TWO","惠光","惠光","Taiwan"
"6509.TWO","聚和","聚和","Taiwan"
"6603.TWO","富強鑫","富強鑫","Taiwan"
"6609.TWO","瀧澤","瀧澤","Taiwan"
"6803.TWO","崑鼎","崑鼎","Taiwan"
"8024.TWO","佑華","佑華","Taiwan"
"8032.TWO","光菱","光菱","Taiwan"
"8034.TWO","榮群","榮群","Taiwan"
"8040.TWO","九暘","九暘","Taiwan"
"8042.TWO","金山","金山","Taiwan"
"8043.TWO","蜜望實","蜜望實","Taiwan"
"8044.TWO","網家","網家","Taiwan"
"8047.TWO","星雲","星雲","Taiwan"
"8048.TWO","德勝","德勝","Taiwan"
"8049.TWO","晶采","晶采","Taiwan"
"8050.TWO","廣積","廣積","Taiwan"
"8053.TWO","巨擘","巨擘","Taiwan"
"8054.TWO","安國","安國","Taiwan"
"8059.TWO","凱碩","凱碩","Taiwan"
"8064.TWO","東捷","東捷","Taiwan"
"8066.TWO","來思達","來思達","Taiwan"
"8067.TWO","志旭","志旭","Taiwan"
"8068.TWO","全達","全達","Taiwan"
"8069.TWO","元太","元太","Taiwan"
"8071.TWO","能率","能率","Taiwan"
"8074.TWO","鉅橡","鉅橡","Taiwan"
"8076.TWO","伍豐","伍豐","Taiwan"
"8077.TWO","冠華","冠華","Taiwan"
"8079.TWO","誠遠","誠遠","Taiwan"
"8080.TWO","奧斯特","奧斯特","Taiwan"
"8082.TWO","眾星","眾星","Taiwan"
"8083.TWO","瑞穎","瑞穎","Taiwan"
"8084.TWO","巨虹","巨虹","Taiwan"
"8085.TWO","福華","福華","Taiwan"
"8086.TWO","宏捷","宏捷","Taiwan"
"8087.TWO","華鎂鑫","華鎂鑫","Taiwan"
"8088.TWO","品安","品安","Taiwan"
"8091.TWO","翔名","翔名","Taiwan"
"8092.TWO","建暐","建暐","Taiwan"
"8093.TWO","保銳","保銳","Taiwan"
"8096.TWO","擎亞","擎亞","Taiwan"
"8097.TWO","常珵","常珵","Taiwan"
"8099.TWO","大世科","大世科","Taiwan"
"8107.TWO","大億","大億","Taiwan"
"8109.TWO","博大","博大","Taiwan"
"8111.TWO","立碁","立碁","Taiwan"
"8121.TWO","越峰","越峰","Taiwan"
"8147.TWO","正淩","正淩","Taiwan"
"8155.TWO","博智","博智","Taiwan"
"8171.TWO","天宇","天宇","Taiwan"
"8176.TWO","智捷","智捷","Taiwan"
"8182.TWO","加高","加高","Taiwan"
"8183.TWO","精星","精星","Taiwan"
"8234.TWO","新漢","新漢","Taiwan"
"8240.TWO","華宏","華宏","Taiwan"
"8255.TWO","朋程","朋程","Taiwan"
"8266.TWO","中日新","中日新","Taiwan"
"8277.TWO","商丞","商丞","Taiwan"
"8287.TWO","英格爾","英格爾","Taiwan"
"8289.TWO","泰藝","泰藝","Taiwan"
"8291.TWO","尚茂","尚茂","Taiwan"
"8299.TWO","群聯","群聯","Taiwan"
"8349.TWO","友信","友信","Taiwan"
"8354.TWO","冠好","冠好","Taiwan"
"8358.TWO","金居","金居","Taiwan"
"8383.TWO","千附","千附","Taiwan"
"8390.TWO","金益鼎","金益鼎","Taiwan"
"8401.TWO","白紗","白紗","Taiwan"
"8403.TWO","盛弘","盛弘","Taiwan"
"8406.TWO","F-金可","F-金可","Taiwan"
"8410.TWO","森田","森田","Taiwan"
"8416.TWO","實威","實威","Taiwan"
"8418.TWO","F-必勝","F-必勝","Taiwan"
"8421.TWO","旭源","旭源","Taiwan"
"8423.TWO","F-保綠","F-保綠","Taiwan"
"8424.TWO","惠普","惠普","Taiwan"
"8426.TWO","F-紅木","F-紅木","Taiwan"
"8432.TWO","東生華","東生華","Taiwan"
"8433.TWO","弘帆","弘帆","Taiwan"
"8435.TWO","鉅邁","鉅邁","Taiwan"
"8905.TWO","裕國","裕國","Taiwan"
"8906.TWO","花王","花王","Taiwan"
"8908.TWO","欣雄","欣雄","Taiwan"
"8913.TWO","華夏資","華夏資","Taiwan"
"8916.TWO","光隆","光隆","Taiwan"
"8917.TWO","欣泰","欣泰","Taiwan"
"8921.TWO","沈氏","沈氏","Taiwan"
"8923.TWO","時報","時報","Taiwan"
"8924.TWO","大田","大田","Taiwan"
"8925.TWO","偉盟","偉盟","Taiwan"
"8927.TWO","北基","北基","Taiwan"
"8928.TWO","鉅明","鉅明","Taiwan"
"8929.TWO","富堡","富堡","Taiwan"
"8930.TWO","青鋼","青鋼","Taiwan"
"8931.TWO","大汽電","大汽電","Taiwan"
"8932.TWO","宏大","宏大","Taiwan"
"8933.TWO","愛地雅","愛地雅","Taiwan"
"8934.TWO","衡平","衡平","Taiwan"
"8935.TWO","邦泰","邦泰","Taiwan"
"8936.TWO","國統","國統","Taiwan"
"8937.TWO","合騏","合騏","Taiwan"
"8938.TWO","明安","明安","Taiwan"
"8941.TWO","關中","關中","Taiwan"
"8942.TWO","森鉅","森鉅","Taiwan"
"8996.TWO","高力","高力","Taiwan"
"911613.TWO","特藝","特藝","Taiwan"
"9949.TWO","琉園","琉園","Taiwan"
"9950.TWO","萬國","萬國","Taiwan"
"9951.TWO","皇田","皇田","Taiwan"
"9960.TWO","邁達康","邁達康","Taiwan"
"9962.TWO","有益","有益","Taiwan"
"6462.TWO","神盾","神盾","Taiwan"