<alertDefaultDrawing><figures><ta id="0" x="461" y="134" w="44" h="32"><a><text><string>Doji</string></text><fillColor><color rgba="#ffffcc00"/></fillColor><fontBold><boolean>true</boolean></fontBold></a></ta><stockOperatorFigure id="1" x="296" y="189"><model><name><string>Real Time Stock</string></name><attribute><string>OpenPrice</string></attribute><value><string/></value><connectors><outputConnector id="2" index="0" numOfConnection="1"><Owner><stockOperatorFigure ref="1"/></Owner><locator><relativeLocator id="3" relativeX="1"/></locator></outputConnector></connectors></model></stockOperatorFigure><stockOperatorFigure id="4" x="297" y="302"><model><name><string>Real Time Stock</string></name><attribute><string>LastPrice</string></attribute><value><string/></value><connectors><outputConnector id="5" index="0" numOfConnection="1"><Owner><stockOperatorFigure ref="4"/></Owner><locator><relativeLocator ref="3"/></locator></outputConnector></connectors></model></stockOperatorFigure><equalityOperatorFigure id="6" x="471" y="235"><model><name><string>Equality</string></name><attribute><string>Equal</string></attribute><value><string/></value><connectors><inputConnector id="7" index="0" numOfConnection="1"><Owner><equalityOperatorFigure ref="6"/></Owner><locator><relativeLocator id="8" relativeX="0" relativeY="0.25"/></locator></inputConnector><inputConnector id="9" index="1" numOfConnection="1"><Owner><equalityOperatorFigure ref="6"/></Owner><locator><relativeLocator id="a" relativeX="0" relativeY="0.75"/></locator></inputConnector><outputConnector id="b" index="0" numOfConnection="1"><Owner><equalityOperatorFigure ref="6"/></Owner><locator><relativeLocator ref="3"/></locator></outputConnector></connectors></model></equalityOperatorFigure><sinkOperatorFigure id="c" x="571" y="235"><model><name><string>Alert</string></name><attribute><string/></attribute><value><string/></value><connectors><inputConnector id="d" index="0" numOfConnection="1"><Owner><sinkOperatorFigure ref="c"/></Owner><locator><relativeLocator id="e" relativeX="0"/></locator></inputConnector><outputConnector id="f" index="0" numOfConnection="0"><Owner><sinkOperatorFigure ref="c"/></Owner><locator><relativeLocator ref="3"/></locator></outputConnector></connectors></model></sinkOperatorFigure><dep id="10"><points><p colinear="true" x="419.96484375" y="219.3759765625" c1x="0" c1y="0" c2x="0" c2y="0"/><p colinear="true" x="471" y="250.18798828125" c1x="0" c1y="0" c2x="0" c2y="0"/></points><startConnector><outputConnector ref="2"/></startConnector><endConnector><inputConnector ref="7"/></endConnector><a><strokeColor><color rgba="#ff000099"/></strokeColor><strokeWidth><double>1</double></strokeWidth></a></dep><dep id="11"><points><p colinear="true" x="420.96484375" y="332.3759765625" c1x="0" c1y="0" c2x="0" c2y="0"/><p colinear="true" x="471" y="280.56396484375" c1x="0" c1y="0" c2x="0" c2y="0"/></points><startConnector><outputConnector ref="5"/></startConnector><endConnector><inputConnector ref="9"/></endConnector><a><strokeColor><color rgba="#ff000099"/></strokeColor><strokeWidth><double>1</double></strokeWidth></a></dep><dep id="12"><points><p colinear="true" x="541.6328125" y="265.3759765625" c1x="0" c1y="0" c2x="0" c2y="0"/><p colinear="true" x="571" y="265.3759765625" c1x="0" c1y="0" c2x="0" c2y="0"/></points><startConnector><outputConnector ref="b"/></startConnector><endConnector><inputConnector ref="d"/></endConnector><a><strokeColor><color rgba="#ff000099"/></strokeColor><strokeWidth><double>1</double></strokeWidth></a></dep></figures></alertDefaultDrawing>