<alertDefaultDrawing><figures><stockOperatorFigure id="0" x="302" y="158"><model><name><string>Real Time Stock</string></name><attribute><string>ChagePricePercentage</string></attribute><value><null/></value><connectors><outputConnector id="1" index="0" numOfConnection="1"><Owner><stockOperatorFigure ref="0"/></Owner><locator><relativeLocator id="2" relativeX="1"/></locator></outputConnector></connectors></model></stockOperatorFigure><equalityOperatorFigure id="3" x="546" y="214"><model><name><string>Equality</string></name><attribute><string>Greater</string></attribute><value><null/></value><connectors><inputConnector id="4" index="0" numOfConnection="1"><Owner><equalityOperatorFigure ref="3"/></Owner><locator><relativeLocator id="5" relativeX="0" relativeY="0.25"/></locator></inputConnector><inputConnector id="6" index="1" numOfConnection="1"><Owner><equalityOperatorFigure ref="3"/></Owner><locator><relativeLocator id="7" relativeX="0" relativeY="0.75"/></locator></inputConnector><outputConnector id="8" index="0" numOfConnection="1"><Owner><equalityOperatorFigure ref="3"/></Owner><locator><relativeLocator ref="2"/></locator></outputConnector></connectors></model></equalityOperatorFigure><doubleConstantOperatorFigure id="9" x="369" y="256"><model><name><string>Constant</string></name><attribute><null/></attribute><value><string>5.0</string></value><connectors><outputConnector id="a" index="0" numOfConnection="1"><Owner><doubleConstantOperatorFigure ref="9"/></Owner><locator><relativeLocator ref="2"/></locator></outputConnector></connectors></model></doubleConstantOperatorFigure><sinkOperatorFigure id="b" x="682" y="217"><model><name><string>Alert</string></name><attribute><null/></attribute><value><null/></value><connectors><inputConnector id="c" index="0" numOfConnection="1"><Owner><sinkOperatorFigure ref="b"/></Owner><locator><relativeLocator id="d" relativeX="0"/></locator></inputConnector><outputConnector id="e" index="0" numOfConnection="0"><Owner><sinkOperatorFigure ref="b"/></Owner><locator><relativeLocator ref="2"/></locator></outputConnector></connectors></model></sinkOperatorFigure><ta id="f" x="341" y="81" w="357" h="40"><a><fillColor><color rgba="#ffffcc00"/></fillColor><fontBold><boolean>true</boolean></fontBold><text><string>Top Gainers (@potholiday)</string></text></a></ta><dep id="10"><points><p colinear="true" x="469.646484375" y="188.3759765625" c1x="0" c1y="0" c2x="0" c2y="0"/><p colinear="true" x="546" y="229.18798828125" c1x="0" c1y="0" c2x="0" c2y="0"/></points><startConnector><outputConnector ref="1"/></startConnector><endConnector><inputConnector ref="4"/></endConnector><a><strokeWidth><double>1</double></strokeWidth><strokeColor><color rgba="#ff000099"/></strokeColor></a></dep><dep id="11"><points><p colinear="true" x="445.087890625" y="286.3759765625" c1x="0" c1y="0" c2x="0" c2y="0"/><p colinear="true" x="546" y="259.56396484375" c1x="0" c1y="0" c2x="0" c2y="0"/></points><startConnector><outputConnector ref="a"/></startConnector><endConnector><inputConnector ref="6"/></endConnector><a><strokeWidth><double>1</double></strokeWidth><strokeColor><color rgba="#ff000099"/></strokeColor></a></dep><dep id="12"><points><p colinear="true" x="616.6328125" y="244.3759765625" c1x="0" c1y="0" c2x="0" c2y="0"/><p colinear="true" x="682" y="247.3759765625" c1x="0" c1y="0" c2x="0" c2y="0"/></points><startConnector><outputConnector ref="8"/></startConnector><endConnector><inputConnector ref="c"/></endConnector><a><strokeWidth><double>1</double></strokeWidth><strokeColor><color rgba="#ff000099"/></strokeColor></a></dep></figures></alertDefaultDrawing>