<alertDefaultDrawing><figures><stockRelativeHistoryOperatorFigure id="0" x="292" y="208"><model><name><string>Relative Stock History</string></name><attribute><string>14d MFI TypicalPrice</string></attribute><value><null/></value><connectors><outputConnector id="1" index="0" numOfConnection="1"><Owner><stockRelativeHistoryOperatorFigure ref="0"/></Owner><locator><relativeLocator id="2" relativeX="1"/></locator></outputConnector></connectors></model></stockRelativeHistoryOperatorFigure><doubleConstantOperatorFigure id="3" x="376" y="309"><model><name><string>Constant</string></name><attribute><null/></attribute><value><string>30.0</string></value><connectors><outputConnector id="4" index="0" numOfConnection="1"><Owner><doubleConstantOperatorFigure ref="3"/></Owner><locator><relativeLocator ref="2"/></locator></outputConnector></connectors></model></doubleConstantOperatorFigure><equalityOperatorFigure id="5" x="498" y="246"><model><name><string>Equality</string></name><attribute><string>LesserOrEqual</string></attribute><value><null/></value><connectors><inputConnector id="6" index="0" numOfConnection="1"><Owner><equalityOperatorFigure ref="5"/></Owner><locator><relativeLocator id="7" relativeX="0" relativeY="0.25"/></locator></inputConnector><inputConnector id="8" index="1" numOfConnection="1"><Owner><equalityOperatorFigure ref="5"/></Owner><locator><relativeLocator id="9" relativeX="0" relativeY="0.75"/></locator></inputConnector><outputConnector id="a" index="0" numOfConnection="1"><Owner><equalityOperatorFigure ref="5"/></Owner><locator><relativeLocator ref="2"/></locator></outputConnector></connectors></model></equalityOperatorFigure><sinkOperatorFigure id="b" x="663" y="245"><model><name><string>Alert</string></name><attribute><null/></attribute><value><null/></value><connectors><inputConnector id="c" index="0" numOfConnection="1"><Owner><sinkOperatorFigure ref="b"/></Owner><locator><relativeLocator id="d" relativeX="0"/></locator></inputConnector><outputConnector id="e" index="0" numOfConnection="0"><Owner><sinkOperatorFigure ref="b"/></Owner><locator><relativeLocator ref="2"/></locator></outputConnector></connectors></model></sinkOperatorFigure><ta id="f" x="281" y="132" w="529" h="40"><a><text><string>Money Flow Index. If the MFI approaches 30, the price is moving, with little interest in that trade, and it will most likely fail.</string></text><fillColor><color rgba="#ffffcc00"/></fillColor><fontBold><boolean>true</boolean></fontBold></a></ta><dep id="10"><points><p colinear="true" x="457.103515625" y="238.3759765625" c1x="0" c1y="0" c2x="0" c2y="0"/><p colinear="true" x="498" y="261.18798828125" c1x="0" c1y="0" c2x="0" c2y="0"/></points><startConnector><outputConnector ref="1"/></startConnector><endConnector><inputConnector ref="6"/></endConnector><a><strokeColor><color rgba="#ff000099"/></strokeColor><strokeWidth><double>1</double></strokeWidth></a></dep><dep id="11"><points><p colinear="true" x="452.087890625" y="339.3759765625" c1x="0" c1y="0" c2x="0" c2y="0"/><p colinear="true" x="498" y="291.56396484375" c1x="0" c1y="0" c2x="0" c2y="0"/></points><startConnector><outputConnector ref="4"/></startConnector><endConnector><inputConnector ref="8"/></endConnector><a><strokeColor><color rgba="#ff000099"/></strokeColor><strokeWidth><double>1</double></strokeWidth></a></dep><dep id="12"><points><p colinear="true" x="611.20703125" y="276.3759765625" c1x="0" c1y="0" c2x="0" c2y="0"/><p colinear="true" x="663" y="275.3759765625" c1x="0" c1y="0" c2x="0" c2y="0"/></points><startConnector><outputConnector ref="a"/></startConnector><endConnector><inputConnector ref="c"/></endConnector><a><strokeColor><color rgba="#ff000099"/></strokeColor><strokeWidth><double>1</double></strokeWidth></a></dep></figures></alertDefaultDrawing>