<alertDefaultDrawing><figures><stockRelativeHistoryOperatorFigure id="0" x="353" y="134"><model><name><string>Relative Stock History</string></name><attribute><string>50d EMA LastPrice</string></attribute><value><string/></value><connectors><outputConnector id="1" index="0" numOfConnection="1"><Owner><stockRelativeHistoryOperatorFigure ref="0"/></Owner><locator><relativeLocator id="2" relativeX="1"/></locator></outputConnector></connectors></model></stockRelativeHistoryOperatorFigure><stockRelativeHistoryOperatorFigure id="3" x="355" y="217"><model><name><string>Relative Stock History</string></name><attribute><string>200d EMA LastPrice</string></attribute><value><string/></value><connectors><outputConnector id="4" index="0" numOfConnection="1"><Owner><stockRelativeHistoryOperatorFigure ref="3"/></Owner><locator><relativeLocator ref="2"/></locator></outputConnector></connectors></model></stockRelativeHistoryOperatorFigure><equalityOperatorFigure id="5" x="585" y="174"><model><name><string>Equality</string></name><attribute><string>Greater</string></attribute><value><string/></value><connectors><inputConnector id="6" index="0" numOfConnection="1"><Owner><equalityOperatorFigure ref="5"/></Owner><locator><relativeLocator id="7" relativeX="0" relativeY="0.25"/></locator></inputConnector><inputConnector id="8" index="1" numOfConnection="1"><Owner><equalityOperatorFigure ref="5"/></Owner><locator><relativeLocator id="9" relativeX="0" relativeY="0.75"/></locator></inputConnector><outputConnector id="a" index="0" numOfConnection="1"><Owner><equalityOperatorFigure ref="5"/></Owner><locator><relativeLocator ref="2"/></locator></outputConnector></connectors></model></equalityOperatorFigure><sinkOperatorFigure id="b" x="719" y="172"><model><name><string>Alert</string></name><attribute><string/></attribute><value><string/></value><connectors><inputConnector id="c" index="0" numOfConnection="1"><Owner><sinkOperatorFigure ref="b"/></Owner><locator><relativeLocator id="d" relativeX="0"/></locator></inputConnector><outputConnector id="e" index="0" numOfConnection="0"><Owner><sinkOperatorFigure ref="b"/></Owner><locator><relativeLocator ref="2"/></locator></outputConnector></connectors></model></sinkOperatorFigure><ta id="f" x="335" y="65" w="494" h="40"><a><fillColor><color rgba="#ffffcc00"/></fillColor><text><string>Golden Cross strategy to find uptrends (@potholiday)</string></text><fontBold><boolean>true</boolean></fontBold></a></ta><dep id="10"><points><p colinear="true" x="518.103515625" y="164.3759765625" c1x="0" c1y="0" c2x="0" c2y="0"/><p colinear="true" x="585" y="189.18798828125" c1x="0" c1y="0" c2x="0" c2y="0"/></points><startConnector><outputConnector ref="1"/></startConnector><endConnector><inputConnector ref="6"/></endConnector><a><strokeWidth><double>1</double></strokeWidth><strokeColor><color rgba="#ff000099"/></strokeColor></a></dep><dep id="11"><points><p colinear="true" x="520.103515625" y="247.3759765625" c1x="0" c1y="0" c2x="0" c2y="0"/><p colinear="true" x="585" y="219.56396484375" c1x="0" c1y="0" c2x="0" c2y="0"/></points><startConnector><outputConnector ref="4"/></startConnector><endConnector><inputConnector ref="8"/></endConnector><a><strokeWidth><double>1</double></strokeWidth><strokeColor><color rgba="#ff000099"/></strokeColor></a></dep><dep id="12"><points><p colinear="true" x="655.6328125" y="204.3759765625" c1x="0" c1y="0" c2x="0" c2y="0"/><p colinear="true" x="719" y="202.3759765625" c1x="0" c1y="0" c2x="0" c2y="0"/></points><startConnector><outputConnector ref="a"/></startConnector><endConnector><inputConnector ref="c"/></endConnector><a><strokeWidth><double>1</double></strokeWidth><strokeColor><color rgba="#ff000099"/></strokeColor></a></dep></figures></alertDefaultDrawing>