"Code","Symbol","Name","Board"
"ABA.NZ","Abano Healthcare","","NZSX"
"AFI.NZ","Australian Founda","","NZSX"
"AIA.NZ","Auckland Internat","","NZSX"
"AIR.NZ","Air New Zealand L","","NZSX"
"ALF.NZ","Allied Farmers Li","","NZSX"
"AMP.NZ","AMP Limited Ordin","","NZSX"
"ANO.NZ","AMP NZ Office Lim","","NZSX"
"ANZ.NZ","Australia and New Zealand Banki","","NZSX"
"APN.NZ","APN News & Media","","NZSX"
"ARG.NZ","Argosy Property T","","NZSX"
"ASBPA.NZ","ASB Capital Limit","","NZSX"
"ASBPB.NZ","ASB Capital No.2","","NZSX"
"AWF.NZ","AWF Group Limited","","NZSX"
"BGR.NZ","Briscoe Group Lim","","NZSX"
"BIT.NZ","The Bankers Inves","","NZSX"
"BLT.NZ","BLIS Technologies","","NZSX"
"BLTPA.NZ","BLIS Technologies","","NZSX"
"BPL.NZ","BROKEN HILL PROSP","","NZSX"
"BRM.NZ","Barramundi Limite","","NZSX"
"BRMWB.NZ","BRM 27/10/11 $0.7","","NZSX"
"BSH.NZ","Building Society","","NZSX"
"BTU.NZ","Bathurst Resource","","NZSX"
"CAV.NZ","Cavalier Corporat","","NZSX"
"CCC.NZ","Cavotec MSL Holdi","","NZSX"
"CDI.NZ","CDL Investments N","","NZSX"
"CDN.NZ","Caledonia Investm","","NZSX"
"CEN.NZ","Contact Energy Li","","NZSX"
"CENRA.NZ","Contact Energy Li","","NZSX"
"CHA.NZ","Charlie's Group L","","NZSX"
"CLA.NZ","Claridge Capital","","NZSX"
"CMO.NZ","The Colonial Moto","","NZSX"
"CUE.NZ","Cue Energy Resour","","NZSX"
"CVT.NZ","Comvita Limited O","","NZSX"
"DGL.NZ","Delegat's Group L","","NZSX"
"DIL.NZ","Diligent Board Me","","NZSX"
"DNZ.NZ","DNZ Property Fund","","NZSX"
"DOW.NZ","Downer EDI Limite","","NZSX"
"DPC.NZ","Dorchester Pacifi","","NZSX"
"DPCOA.NZ","DPCOA.NZ","","NZSX"
"EBO.NZ","Ebos Group Limite","","NZSX"
"ECO.NZ","Ecoya Limited Ord","","NZSX"
"ECOWA.NZ","Ecoya Limited War","","NZSX"
"ECOWB.NZ","Ecoya Limited War","","NZSX"
"EUT.NZ","The European Inve","","NZSX"
"EWC.NZ","Energy World Corp","","NZSX"
"FBU.NZ","Fletcher Building","","NZSX"
"FCS.NZ","F&C Global Smalle","","NZSX"
"FCT.NZ","Foreign & Colonial Investment T","","NZSX"
"FIN.NZ","Finzsoft Solution","","NZSX"
"FNZ.NZ","SmartFONZ","","NZSX"
"FPA.NZ","Fisher & Paykel A","","NZSX"
"FPH.NZ","Fisher & Paykel Healthcare Corp","","NZSX"
"FRE.NZ","Freightways Limit","","NZSX"
"GEN.NZ","Genesis Research & Development","","NZSX"
"GFF.NZ","Goodman Fielder L","","NZSX"
"GLL.NZ","GuocoLeisure Limi","","NZSX"
"GMT.NZ","Goodman Property","","NZSX"
"GPG.NZ","Guinness Peat Gro","","NZSX"
"HBY.NZ","Hellaby Holdings","","NZSX"
"HED.NZ","Horizon Energy Di","","NZSX"
"HFL.NZ","Henderson Far Eas","","NZSX"
"HGD.NZ","Heritage Gold NZ","","NZSX"
"HLG.NZ","Hallenstein Glass","","NZSX"
"HRP.NZ","Henderson TR Paci","","NZSX"
"IFT.NZ","Infratil Limited","","NZSX"
"IFTWC.NZ","IFT 29/06/12 $4.2","","NZSX"
"INP.NZ","Independent News","","NZSX"
"INS.NZ","Insured Group Lim","","NZSX"
"JFJ.NZ","JPMorgan Japanese","","NZSX"
"JMO.NZ","JPMorgan Overseas","","NZSX"
"KFL.NZ","Kingfish Limited","","NZSX"
"KFLWB.NZ","Kingfish Limited","","NZSX"
"KIP.NZ","Kiwi Income Prope","","NZSX"
"KIPGC.NZ","Kiwi Income Property Trust","","NZSX"
"KMD.NZ","Kathmandu Holding","","NZSX"
"KPF.NZ","Kermadec Property","","NZSX"
"KRK.NZ","Kirkcaldie & Stai","","NZSX"
"LME.NZ","L&M Energy Limite","","NZSX"
"LPC.NZ","Lyttelton Port Co","","NZSX"
"MCK.NZ","Millennium & Copt","","NZSX"
"MDZ.NZ","SmartMIDZ","","NZSX"
"MET.NZ","Metlifecare Limit","","NZSX"
"MFT.NZ","Mainfreight Limit","","NZSX"
"MGL.NZ","Mercer Group Limi","","NZSX"
"MHI.NZ","Michael Hill Inte","","NZSX"
"MLN.NZ","Marlin Global Lim","","NZSX"
"MOW.NZ","Mowbray Collectab","","NZSX"
"MVN.NZ","Methven Limited O","","NZSX"
"MZY.NZ","SmartMOZY","","NZSX"
"NEW.NZ","New Image Group L","","NZSX"
"NPT.NZ","NPT Limited Ordin","","NZSX"
"NPX.NZ","Nuplex Industries","","NZSX"
"NTH.NZ","Northland Port Co","","NZSX"
"NWF.NZ","NZ Windfarms Limi","","NZSX"
"NZE.NZ","New Zealand Exper","","NZSX"
"NZF.NZ","NZF Group Limited","","NZSX"
"NZO.NZ","New Zealand Oil &","","NZSX"
"NZR.NZ","The New Zealand Refining Compan","","NZSX"
"NZS.NZ","NZ Farming System","","NZSX"
"NZX.NZ","NZX Limited Ordin","","NZSX"
"OGC.NZ","OceanaGold Corpor","","NZSX"
"OIC.NZ","Opus Internationa","","NZSX"
"OZY.NZ","SmartOZZY","","NZSX"
"PBG.NZ","Pacific Brands Li","","NZSX"
"PEB.NZ","Pacific Edge Limi","","NZSX"
"PFI.NZ","Property For Indu","","NZSX"
"PGC.NZ","Pyne Gould Corpor","","NZSX"
"PGW.NZ","PGG Wrightson Lim","","NZSX"
"PHB.NZ","Pharmacybrands Li","","NZSX"
"POT.NZ","Port of Tauranga","","NZSX"
"PPG.NZ","Postie Plus Group","","NZSX"
"PPL.NZ","Pumpkin Patch Lim","","NZSX"
"PPP.NZ","Pan Pacific Petro","","NZSX"
"PRC.NZ","Pike River Coal L","","NZSX"
"RAK.NZ","Rakon Limited Ord","","NZSX"
"RBC.NZ","Rubicon Limited O","","NZSX"
"RBD.NZ","Restaurant Brands","","NZSX"
"RNS.NZ","Renaissance Corpo","","NZSX"
"RYM.NZ","Ryman Healthcare","","NZSX"
"SAM.NZ","Salvus Strategic","","NZSX"
"SAN.NZ","Sanford Limited O","","NZSX"
"SCT.NZ","Scott Technology","","NZSX"
"SCY.NZ","Smiths City Group","","NZSX"
"SEK.NZ","Seeka Kiwifruit I","","NZSX"
"SKC.NZ","Sky City Entertai","","NZSX"
"SKL.NZ","Skellerup Holding","","NZSX"
"SKT.NZ","Sky Network Telev","","NZSX"
"SLG.NZ","Sealegs Corporati","","NZSX"
"SPN.NZ","South Port New Ze","","NZSX"
"SPT.NZ","Spotless Group Li","","NZSX"
"SPY.NZ","Smartpay Limited","","NZSX"
"STU.NZ","Steel & Tube Hold","","NZSX"
"SVY.NZ","Savoy Equities Li","","NZSX"
"TCL.NZ","The City of Londo","","NZSX"
"TEL.NZ","Telecom Corporati","","NZSX"
"TEM.NZ","Templeton Emergin","","NZSX"
"TEN.NZ","Tenon Limited Ord","","NZSX"
"THL.NZ","Tourism Holdings","","NZSX"
"TLS.NZ","Telstra Corporati","","NZSX"
"TNZ.NZ","SmartTENZ","","NZSX"
"TPC.NZ","Tag Pacific Limit","","NZSX"
"TPI.NZ","Transpacific Indu","","NZSX"
"TPW.NZ","TrustPower Limite","","NZSX"
"TRS.NZ","TRS Investments L","","NZSX"
"TTK.NZ","TeamTalk Limited","","NZSX"
"TUA.NZ","Turners Auctions","","NZSX"
"TUR.NZ","Turners & Growers","","NZSX"
"TWR.NZ","Tower Limited Ord","","NZSX"
"VCT.NZ","Vector Limited Or","","NZSX"
"VHP.NZ","Vital Healthcare","","NZSX"
"WBC.NZ","Westpac Banking C","","NZSX"
"WDT.NZ","Wellington Drive","","NZSX"
"WFD.NZ","Wakefield Health","","NZSX"
"WHS.NZ","The Warehouse Gro","","NZSX"
"WID.NZ","Widespread Portfo","","NZSX"
"WIDWA.NZ","WID 30/06/12 $3.0","","NZSX"
"WIN.NZ","AMP Investments'","","NZSX"
"XRO.NZ","Xero Limited Ordi","","NZSX"
"ATM.NZ","A2 Corporation Li","","NZAX"
"BFW.NZ","Burger Fuel World","","NZAX"
"CFG.NZ","Cooks Food Group","","NZAX"
"CRP.NZ","Chatham Rock Phos","","NZAX"
"CRPOA.NZ","CRPOA.NZ","","NZAX"
"CYT.NZ","Cynotech Holdings","","NZAX"
"CYTWA.NZ","CYT 27/06/11 $0.3","","NZAX"
"FMG.NZ","Forge Media Group","","NZAX"
"GEL.NZ","Glass Earth Gold","","NZAX"
"GFL.NZ","GFNZ Group Limite","","NZAX"
"IRG.NZ","Investment Resear","","NZAX"
"IRGWD.NZ","IRG 30/06/11 $0.0","","NZAX"
"JTM.NZ","Jasons Travel Med","","NZAX"
"JWI.NZ","Just Water Intern","","NZAX"
"LIC.NZ","Livestock Improve","","NZAX"
"NWC.NZ","The New Zealand W","","NZAX"
"OMG.NZ","Orion Minerals Gr","","NZAX"
"PLU.NZ","Pulse Utilities N","","NZAX"
"RIS.NZ","RIS Group Limited","","NZAX"
"SAT.NZ","Satara Co-operati","","NZAX"
"SDL.NZ","Solution Dynamics","","NZAX"
"SGL.NZ","Speirs Group Limi","","NZAX"
"STH.NZ","Southern Travel H","","NZAX"
"WEL.NZ","Wool Equities Lim","","NZAX"
"WSI.NZ","New Zealand Wool","","NZAX"
"WTL.NZ","Windflow Technolo","","NZAX"
"ZIN.NZ","Zintel Group Limi","","NZAX"
"AIA050.NZ","AIA 29/07/11 6.83","","NZDX"
"AIA060.NZ","AIA 07/11/12 7.19","","NZDX"
"AIA070.NZ","AIA 07/11/15 7.25","","NZDX"
"AIA080.NZ","AIA 15/11/16 8.00","","NZDX"
"AIA090.NZ","AIA 28/02/14 7.25","","NZDX"
"AIA100.NZ","AIA 27/11/14 7.00","","NZDX"
"AKC010.NZ","AKC 24/03/14 6.42","","NZDX"
"AKC020.NZ","AKC 24/03/15 6.28","","NZDX"
"AKC030.NZ","AKC 15/09/2013 6.","","NZDX"
"AKC040.NZ","AKC 15/09/2015 6.","","NZDX"
"AKC050.NZ","AKC 29/09/2017 6.","","NZDX"
"ALF010.NZ","ALF 9.6% 15/11/20","","NZDX"
"ANB040.NZ","ANB 15/09/16 7.16","","NZDX"
"ANB050.NZ","ANB 02/03/17 7.60","","NZDX"
"ANB060.NZ","ANB 23/07/17 8.23","","NZDX"
"ANB080.NZ","ANB 09/06/14 8.50","","NZDX"
"ANBHA.NZ","ANB 00/00/00 9.66","","NZDX"
"APM010.NZ","APM 15/03/16 7.86","","NZDX"
"AQN010.NZ","AQN 01/04/19 9.80","","NZDX"
"BISHA.NZ","BIS 00/00/00 9.89","","NZDX"
"BLU020.NZ","BLU 15/09/2012 13","","NZDX"
"BNZ080.NZ","BNZ 15/06/17 8.42","","NZDX"
"BPF020.NZ","BPF 15/11/2011 9.","","NZDX"
"CASHA.NZ","CSA 00/00/00 10.0","","NZDX"
"CBAFA.NZ","CBA 15/04/15 3.59","","NZDX"
"CEN010.NZ","CEN 15/05/14 8.00","","NZDX"
"CSAFA.NZ","CSA 22/12/12 8.50","","NZDX"
"CYTHA.NZ","CYT 00/00/00 9.25","","NZDX"
"DPC010.NZ","DPC 30/06/13 5.00","","NZDX"
"FBI040.NZ","FBI 15/03/2013 8.","","NZDX"
"FBI050.NZ","FBI 15/05/2014 9.00","","NZDX"
"FBI060.NZ","FBI 15/05/2016 9.","","NZDX"
"FBI070.NZ","FBI 15/05/2016 7.","","NZDX"
"FBI080.NZ","FBI 15/03/12 7.50","","NZDX"
"FBI090.NZ","FBI 15/03/15 8.50","","NZDX"
"FBI100.NZ","FBI 15/03/17 7.50","","NZDX"
"FCG010.NZ","FCG 10/03/15 7.75","","NZDX"
"FCG020.NZ","FCG 04/03/16 6.83","","NZDX"
"FCGHA.NZ","FCG 00/00/00 5.30","","NZDX"
"FDY010.NZ","FDY 15/07/13 9.25","","NZDX"
"FTNFA.NZ","FTN 16/05/12 11.5","","NZDX"
"GEF010.NZ","GEF 15/10/16 7.35","","NZDX"
"GFN020.NZ","GFN 15/12/13 9.0%","","NZDX"
"GFN030.NZ","GFN 15/11/12 8.30","","NZDX"
"GFZ010.NZ","GFZ 16/05/16 7.54","","NZDX"
"GMB010.NZ","GMB 19/06/15 7.75","","NZDX"
"GOV290.NZ","GOV 15/02/16 4.5%","","NZDX"
"GOV320.NZ","GOV 15/11/11 6% -","","NZDX"
"GOV340.NZ","GOV 15/04/13 6.5%","","NZDX"
"GOV360.NZ","GOV 15/04/15 6.0%","","NZDX"
"GOV380.NZ","GOV 15/12/17 6.00","","NZDX"
"GOV390.NZ","GOV 15/05/21 6.00","","NZDX"
"IFT040.NZ","IFT 15/11/11 8.5%","","NZDX"
"IFT060.NZ","IFT 15/09/13 8.5%","","NZDX"
"IFT070.NZ","IFT 15/11/15 8.5%","","NZDX"
"IFT090.NZ","IFT 15/02/20 8.5%","","NZDX"
"IFT110.NZ","IFT 15/11/12 7.75","","NZDX"
"IFT150.NZ","IFT 15/06/16 8.5%","","NZDX"
"IFT160.NZ","IFT 15/06/17 8.50","","NZDX"
"IFTHA.NZ","IFT 00/00/00 4.99","","NZDX"
"KCSHA.NZ","KCS 00/00/00 8.15","","NZDX"
"MAR010.NZ","MAR 15/07/13 10.5","","NZDX"
"MCB010.NZ","GTR 07/09/2011 8.","","NZDX"
"MEL010.NZ","MEL 16/03/15 7.15","","NZDX"
"MEL020.NZ","MEL 16/03/17 7.55","","NZDX"
"MTFHC.NZ","MTF 00/00/00 5.77","","NZDX"
"NFFHA.NZ","NFF 00/00/00 6.94","","NZDX"
"NPX020.NZ","NPX 15/09/2012 9.","","NZDX"
"NZF020.NZ","NZF 15/03/2016 6.","","NZDX"
"NZP010.NZ","NZP 15/11/39 7.50","","NZDX"
"OCFHA.NZ","OCF 00/00/00 4.92","","NZDX"
"PIN020.NZ","PIN 30/11/2012 Pr","","NZDX"
"PNZFA.NZ","PNZ 31/01/13 0.00","","NZDX"
"PNZFB.NZ","PNZ 31/01/14 0.00","","NZDX"
"PWC050.NZ","PWC 29/03/2013 6.","","NZDX"
"PWC060.NZ","PWC 29/06/2015 6.","","NZDX"
"PWC080.NZ","PWC 28/09/2012 6.","","NZDX"
"PWC090.NZ","PWC 28/09/2017 6.","","NZDX"
"PWF040.NZ","PWF 08/10/2011 8.","","NZDX"
"QHLHA.NZ","QHL 00/00/00 5.42","","NZDX"
"RBOHA.NZ","RBO 00/00/00 4.21","","NZDX"
"RCSHA.NZ","RCS 00/00/00 8.78","","NZDX"
"RMTFA.NZ","RMT 31/12/50 4.58","","NZDX"
"RMTFB.NZ","RMT 31/12/50 4.03","","NZDX"
"SKC030.NZ","SKC 15/05/15 7.25","","NZDX"
"SKTFA.NZ","SKT 16/10/16 4.06","","NZDX"
"TCN480.NZ","TCN 22/03/13 6.92","","NZDX"
"TCN490.NZ","TCN490.NZ","TCN490.NZ","NZDX"
"TCN500.NZ","TCN 15/06/11 8.25","","NZDX"
"TCN510.NZ","TCN 15/06/13 8.50","","NZDX"
"TCN520.NZ","TCN 15/06/15 8.65","","NZDX"
"TCN530.NZ","TCN 15/06/11 7.95","","NZDX"
"TCN540.NZ","TCN 15/06/13 8.20","","NZDX"
"TCN550.NZ","TCN 15/06/15 8.35","","NZDX"
"TPW020.NZ","TPW 15/09/12 8.5%","","NZDX"
"TPW060.NZ","TPW 15/03/14 8.5%","","NZDX"
"TPW070.NZ","TPW 15/12/15 8.4%","","NZDX"
"TPW080.NZ","TPW 15/12/14 7.6%","","NZDX"
"TPW090.NZ","TPW 15/12/16 8.0%","","NZDX"
"TPW100.NZ","TPW 15/12/17 7.10","","NZDX"
"TWC010.NZ","TWC 15/04/14 8.50","","NZDX"
"UOC010.NZ","UOC 15/12/14 7.25","","NZDX"
"VCT040.NZ","VCT 15/06/12 8.00","","NZDX"
"VCT050.NZ","VCT 15/10/14 7.80","","NZDX"
"WHS010.NZ","WHS 15/06/15 7.37","","NZDX"
"WIA010.NZ","WIA 15/11/13 7.50","","NZDX"
"WKS010.NZ","WKS 15/06/12 9.80","","NZDX"
"WKS020.NZ","WKS 15/09/12 9.65","","NZDX"
